time,x,y,z,u,v,w
0,-4,-4,0.0,2.000000,-2.000000,0.225000
0,-4,-3,0.0,1.500000,-2.000000,0.225000
0,-4,-2,0.0,1.000000,-2.000000,0.225000
0,-4,-1,0.0,0.500000,-2.000000,0.225000
0,-4,0,0.0,-0.000000,-2.000000,0.225000
0,-4,1,0.0,-0.500000,-2.000000,0.225000
0,-4,2,0.0,-1.000000,-2.000000,0.225000
0,-4,3,0.0,-1.500000,-2.000000,0.225000
0,-4,4,0.0,-2.000000,-2.000000,0.225000
0,-3,-4,0.0,2.000000,-1.500000,0.225000
0,-3,-3,0.0,1.500000,-1.500000,0.225000
0,-3,-2,0.0,1.000000,-1.500000,0.225000
0,-3,-1,0.0,0.500000,-1.500000,0.225000
0,-3,0,0.0,-0.000000,-1.500000,0.225000
0,-3,1,0.0,-0.500000,-1.500000,0.225000
0,-3,2,0.0,-1.000000,-1.500000,0.225000
0,-3,3,0.0,-1.500000,-1.500000,0.225000
0,-3,4,0.0,-2.000000,-1.500000,0.225000
0,-2,-4,0.0,2.000000,-1.000000,0.225000
0,-2,-3,0.0,1.500000,-1.000000,0.225000
0,-2,-2,0.0,1.000000,-1.000000,0.225000
0,-2,-1,0.0,0.500000,-1.000000,0.225000
0,-2,0,0.0,-0.000000,-1.000000,0.225000
0,-2,1,0.0,-0.500000,-1.000000,0.225000
0,-2,2,0.0,-1.000000,-1.000000,0.225000
0,-2,3,0.0,-1.500000,-1.000000,0.225000
0,-2,4,0.0,-2.000000,-1.000000,0.225000
0,-1,-4,0.0,2.000000,-0.500000,0.225000
0,-1,-3,0.0,1.500000,-0.500000,0.225000
0,-1,-2,0.0,1.000000,-0.500000,0.225000
0,-1,-1,0.0,0.500000,-0.500000,0.225000
0,-1,0,0.0,-0.000000,-0.500000,0.225000
0,-1,1,0.0,-0.500000,-0.500000,0.225000
0,-1,2,0.0,-1.000000,-0.500000,0.225000
0,-1,3,0.0,-1.500000,-0.500000,0.225000
0,-1,4,0.0,-2.000000,-0.500000,0.225000
0,0,-4,0.0,2.000000,0.000000,0.225000
0,0,-3,0.0,1.500000,0.000000,0.225000
0,0,-2,0.0,1.000000,0.000000,0.225000
0,0,-1,0.0,0.500000,0.000000,0.225000
0,0,0,0.0,-0.000000,0.000000,0.225000
0,0,1,0.0,-0.500000,0.000000,0.225000
0,0,2,0.0,-1.000000,0.000000,0.225000
0,0,3,0.0,-1.500000,0.000000,0.225000
0,0,4,0.0,-2.000000,0.000000,0.225000
0,1,-4,0.0,2.000000,0.500000,0.225000
0,1,-3,0.0,1.500000,0.500000,0.225000
0,1,-2,0.0,1.000000,0.500000,0.225000
0,1,-1,0.0,0.500000,0.500000,0.225000
0,1,0,0.0,-0.000000,0.500000,0.225000
0,1,1,0.0,-0.500000,0.500000,0.225000
0,1,2,0.0,-1.000000,0.500000,0.225000
0,1,3,0.0,-1.500000,0.500000,0.225000
0,1,4,0.0,-2.000000,0.500000,0.225000
0,2,-4,0.0,2.000000,1.000000,0.225000
0,2,-3,0.0,1.500000,1.000000,0.225000
0,2,-2,0.0,1.000000,1.000000,0.225000
0,2,-1,0.0,0.500000,1.000000,0.225000
0,2,0,0.0,-0.000000,1.000000,0.225000
0,2,1,0.0,-0.500000,1.000000,0.225000
0,2,2,0.0,-1.000000,1.000000,0.225000
0,2,3,0.0,-1.500000,1.000000,0.225000
0,2,4,0.0,-2.000000,1.000000,0.225000
0,3,-4,0.0,2.000000,1.500000,0.225000
0,3,-3,0.0,1.500000,1.500000,0.225000
0,3,-2,0.0,1.000000,1.500000,0.225000
0,3,-1,0.0,0.500000,1.500000,0.225000
0,3,0,0.0,-0.000000,1.500000,0.225000
0,3,1,0.0,-0.500000,1.500000,0.225000
0,3,2,0.0,-1.000000,1.500000,0.225000
0,3,3,0.0,-1.500000,1.500000,0.225000
0,3,4,0.0,-2.000000,1.500000,0.225000
0,4,-4,0.0,2.000000,2.000000,0.225000
0,4,-3,0.0,1.500000,2.000000,0.225000
0,4,-2,0.0,1.000000,2.000000,0.225000
0,4,-1,0.0,0.500000,2.000000,0.225000
0,4,0,0.0,-0.000000,2.000000,0.225000
0,4,1,0.0,-0.500000,2.000000,0.225000
0,4,2,0.0,-1.000000,2.000000,0.225000
0,4,3,0.0,-1.500000,2.000000,0.225000
0,4,4,0.0,-2.000000,2.000000,0.225000
0,-4,-4,1.0,2.000000,-2.000000,0.225000
0,-4,-3,1.0,1.500000,-2.000000,0.225000
0,-4,-2,1.0,1.000000,-2.000000,0.225000
0,-4,-1,1.0,0.500000,-2.000000,0.225000
0,-4,0,1.0,-0.000000,-2.000000,0.225000
0,-4,1,1.0,-0.500000,-2.000000,0.225000
0,-4,2,1.0,-1.000000,-2.000000,0.225000
0,-4,3,1.0,-1.500000,-2.000000,0.225000
0,-4,4,1.0,-2.000000,-2.000000,0.225000
0,-3,-4,1.0,2.000000,-1.500000,0.225000
0,-3,-3,1.0,1.500000,-1.500000,0.225000
0,-3,-2,1.0,1.000000,-1.500000,0.225000
0,-3,-1,1.0,0.500000,-1.500000,0.225000
0,-3,0,1.0,-0.000000,-1.500000,0.225000
0,-3,1,1.0,-0.500000,-1.500000,0.225000
0,-3,2,1.0,-1.000000,-1.500000,0.225000
0,-3,3,1.0,-1.500000,-1.500000,0.225000
0,-3,4,1.0,-2.000000,-1.500000,0.225000
0,-2,-4,1.0,2.000000,-1.000000,0.225000
0,-2,-3,1.0,1.500000,-1.000000,0.225000
0,-2,-2,1.0,1.000000,-1.000000,0.225000
0,-2,-1,1.0,0.500000,-1.000000,0.225000
0,-2,0,1.0,-0.000000,-1.000000,0.225000
0,-2,1,1.0,-0.500000,-1.000000,0.225000
0,-2,2,1.0,-1.000000,-1.000000,0.225000
0,-2,3,1.0,-1.500000,-1.000000,0.225000
0,-2,4,1.0,-2.000000,-1.000000,0.225000
0,-1,-4,1.0,2.000000,-0.500000,0.225000
0,-1,-3,1.0,1.500000,-0.500000,0.225000
0,-1,-2,1.0,1.000000,-0.500000,0.225000
0,-1,-1,1.0,0.500000,-0.500000,0.225000
0,-1,0,1.0,-0.000000,-0.500000,0.225000
0,-1,1,1.0,-0.500000,-0.500000,0.225000
0,-1,2,1.0,-1.000000,-0.500000,0.225000
0,-1,3,1.0,-1.500000,-0.500000,0.225000
0,-1,4,1.0,-2.000000,-0.500000,0.225000
0,0,-4,1.0,2.000000,0.000000,0.225000
0,0,-3,1.0,1.500000,0.000000,0.225000
0,0,-2,1.0,1.000000,0.000000,0.225000
0,0,-1,1.0,0.500000,0.000000,0.225000
0,0,0,1.0,-0.000000,0.000000,0.225000
0,0,1,1.0,-0.500000,0.000000,0.225000
0,0,2,1.0,-1.000000,0.000000,0.225000
0,0,3,1.0,-1.500000,0.000000,0.225000
0,0,4,1.0,-2.000000,0.000000,0.225000
0,1,-4,1.0,2.000000,0.500000,0.225000
0,1,-3,1.0,1.500000,0.500000,0.225000
0,1,-2,1.0,1.000000,0.500000,0.225000
0,1,-1,1.0,0.500000,0.500000,0.225000
0,1,0,1.0,-0.000000,0.500000,0.225000
0,1,1,1.0,-0.500000,0.500000,0.225000
0,1,2,1.0,-1.000000,0.500000,0.225000
0,1,3,1.0,-1.500000,0.500000,0.225000
0,1,4,1.0,-2.000000,0.500000,0.225000
0,2,-4,1.0,2.000000,1.000000,0.225000
0,2,-3,1.0,1.500000,1.000000,0.225000
0,2,-2,1.0,1.000000,1.000000,0.225000
0,2,-1,1.0,0.500000,1.000000,0.225000
0,2,0,1.0,-0.000000,1.000000,0.225000
0,2,1,1.0,-0.500000,1.000000,0.225000
0,2,2,1.0,-1.000000,1.000000,0.225000
0,2,3,1.0,-1.500000,1.000000,0.225000
0,2,4,1.0,-2.000000,1.000000,0.225000
0,3,-4,1.0,2.000000,1.500000,0.225000
0,3,-3,1.0,1.500000,1.500000,0.225000
0,3,-2,1.0,1.000000,1.500000,0.225000
0,3,-1,1.0,0.500000,1.500000,0.225000
0,3,0,1.0,-0.000000,1.500000,0.225000
0,3,1,1.0,-0.500000,1.500000,0.225000
0,3,2,1.0,-1.000000,1.500000,0.225000
0,3,3,1.0,-1.500000,1.500000,0.225000
0,3,4,1.0,-2.000000,1.500000,0.225000
0,4,-4,1.0,2.000000,2.000000,0.225000
0,4,-3,1.0,1.500000,2.000000,0.225000
0,4,-2,1.0,1.000000,2.000000,0.225000
0,4,-1,1.0,0.500000,2.000000,0.225000
0,4,0,1.0,-0.000000,2.000000,0.225000
0,4,1,1.0,-0.500000,2.000000,0.225000
0,4,2,1.0,-1.000000,2.000000,0.225000
0,4,3,1.0,-1.500000,2.000000,0.225000
0,4,4,1.0,-2.000000,2.000000,0.225000
0,-4,-4,2.0,2.000000,-2.000000,0.225000
0,-4,-3,2.0,1.500000,-2.000000,0.225000
0,-4,-2,2.0,1.000000,-2.000000,0.225000
0,-4,-1,2.0,0.500000,-2.000000,0.225000
0,-4,0,2.0,-0.000000,-2.000000,0.225000
0,-4,1,2.0,-0.500000,-2.000000,0.225000
0,-4,2,2.0,-1.000000,-2.000000,0.225000
0,-4,3,2.0,-1.500000,-2.000000,0.225000
0,-4,4,2.0,-2.000000,-2.000000,0.225000
0,-3,-4,2.0,2.000000,-1.500000,0.225000
0,-3,-3,2.0,1.500000,-1.500000,0.225000
0,-3,-2,2.0,1.000000,-1.500000,0.225000
0,-3,-1,2.0,0.500000,-1.500000,0.225000
0,-3,0,2.0,-0.000000,-1.500000,0.225000
0,-3,1,2.0,-0.500000,-1.500000,0.225000
0,-3,2,2.0,-1.000000,-1.500000,0.225000
0,-3,3,2.0,-1.500000,-1.500000,0.225000
0,-3,4,2.0,-2.000000,-1.500000,0.225000
0,-2,-4,2.0,2.000000,-1.000000,0.225000
0,-2,-3,2.0,1.500000,-1.000000,0.225000
0,-2,-2,2.0,1.000000,-1.000000,0.225000
0,-2,-1,2.0,0.500000,-1.000000,0.225000
0,-2,0,2.0,-0.000000,-1.000000,0.225000
0,-2,1,2.0,-0.500000,-1.000000,0.225000
0,-2,2,2.0,-1.000000,-1.000000,0.225000
0,-2,3,2.0,-1.500000,-1.000000,0.225000
0,-2,4,2.0,-2.000000,-1.000000,0.225000
0,-1,-4,2.0,2.000000,-0.500000,0.225000
0,-1,-3,2.0,1.500000,-0.500000,0.225000
0,-1,-2,2.0,1.000000,-0.500000,0.225000
0,-1,-1,2.0,0.500000,-0.500000,0.225000
0,-1,0,2.0,-0.000000,-0.500000,0.225000
0,-1,1,2.0,-0.500000,-0.500000,0.225000
0,-1,2,2.0,-1.000000,-0.500000,0.225000
0,-1,3,2.0,-1.500000,-0.500000,0.225000
0,-1,4,2.0,-2.000000,-0.500000,0.225000
0,0,-4,2.0,2.000000,0.000000,0.225000
0,0,-3,2.0,1.500000,0.000000,0.225000
0,0,-2,2.0,1.000000,0.000000,0.225000
0,0,-1,2.0,0.500000,0.000000,0.225000
0,0,0,2.0,-0.000000,0.000000,0.225000
0,0,1,2.0,-0.500000,0.000000,0.225000
0,0,2,2.0,-1.000000,0.000000,0.225000
0,0,3,2.0,-1.500000,0.000000,0.225000
0,0,4,2.0,-2.000000,0.000000,0.225000
0,1,-4,2.0,2.000000,0.500000,0.225000
0,1,-3,2.0,1.500000,0.500000,0.225000
0,1,-2,2.0,1.000000,0.500000,0.225000
0,1,-1,2.0,0.500000,0.500000,0.225000
0,1,0,2.0,-0.000000,0.500000,0.225000
0,1,1,2.0,-0.500000,0.500000,0.225000
0,1,2,2.0,-1.000000,0.500000,0.225000
0,1,3,2.0,-1.500000,0.500000,0.225000
0,1,4,2.0,-2.000000,0.500000,0.225000
0,2,-4,2.0,2.000000,1.000000,0.225000
0,2,-3,2.0,1.500000,1.000000,0.225000
0,2,-2,2.0,1.000000,1.000000,0.225000
0,2,-1,2.0,0.500000,1.000000,0.225000
0,2,0,2.0,-0.000000,1.000000,0.225000
0,2,1,2.0,-0.500000,1.000000,0.225000
0,2,2,2.0,-1.000000,1.000000,0.225000
0,2,3,2.0,-1.500000,1.000000,0.225000
0,2,4,2.0,-2.000000,1.000000,0.225000
0,3,-4,2.0,2.000000,1.500000,0.225000
0,3,-3,2.0,1.500000,1.500000,0.225000
0,3,-2,2.0,1.000000,1.500000,0.225000
0,3,-1,2.0,0.500000,1.500000,0.225000
0,3,0,2.0,-0.000000,1.500000,0.225000
0,3,1,2.0,-0.500000,1.500000,0.225000
0,3,2,2.0,-1.000000,1.500000,0.225000
0,3,3,2.0,-1.500000,1.500000,0.225000
0,3,4,2.0,-2.000000,1.500000,0.225000
0,4,-4,2.0,2.000000,2.000000,0.225000
0,4,-3,2.0,1.500000,2.000000,0.225000
0,4,-2,2.0,1.000000,2.000000,0.225000
0,4,-1,2.0,0.500000,2.000000,0.225000
0,4,0,2.0,-0.000000,2.000000,0.225000
0,4,1,2.0,-0.500000,2.000000,0.225000
0,4,2,2.0,-1.000000,2.000000,0.225000
0,4,3,2.0,-1.500000,2.000000,0.225000
0,4,4,2.0,-2.000000,2.000000,0.225000
0,-4,-4,3.0,2.000000,-2.000000,0.225000
0,-4,-3,3.0,1.500000,-2.000000,0.225000
0,-4,-2,3.0,1.000000,-2.000000,0.225000
0,-4,-1,3.0,0.500000,-2.000000,0.225000
0,-4,0,3.0,-0.000000,-2.000000,0.225000
0,-4,1,3.0,-0.500000,-2.000000,0.225000
0,-4,2,3.0,-1.000000,-2.000000,0.225000
0,-4,3,3.0,-1.500000,-2.000000,0.225000
0,-4,4,3.0,-2.000000,-2.000000,0.225000
0,-3,-4,3.0,2.000000,-1.500000,0.225000
0,-3,-3,3.0,1.500000,-1.500000,0.225000
0,-3,-2,3.0,1.000000,-1.500000,0.225000
0,-3,-1,3.0,0.500000,-1.500000,0.225000
0,-3,0,3.0,-0.000000,-1.500000,0.225000
0,-3,1,3.0,-0.500000,-1.500000,0.225000
0,-3,2,3.0,-1.000000,-1.500000,0.225000
0,-3,3,3.0,-1.500000,-1.500000,0.225000
0,-3,4,3.0,-2.000000,-1.500000,0.225000
0,-2,-4,3.0,2.000000,-1.000000,0.225000
0,-2,-3,3.0,1.500000,-1.000000,0.225000
0,-2,-2,3.0,1.000000,-1.000000,0.225000
0,-2,-1,3.0,0.500000,-1.000000,0.225000
0,-2,0,3.0,-0.000000,-1.000000,0.225000
0,-2,1,3.0,-0.500000,-1.000000,0.225000
0,-2,2,3.0,-1.000000,-1.000000,0.225000
0,-2,3,3.0,-1.500000,-1.000000,0.225000
0,-2,4,3.0,-2.000000,-1.000000,0.225000
0,-1,-4,3.0,2.000000,-0.500000,0.225000
0,-1,-3,3.0,1.500000,-0.500000,0.225000
0,-1,-2,3.0,1.000000,-0.500000,0.225000
0,-1,-1,3.0,0.500000,-0.500000,0.225000
0,-1,0,3.0,-0.000000,-0.500000,0.225000
0,-1,1,3.0,-0.500000,-0.500000,0.225000
0,-1,2,3.0,-1.000000,-0.500000,0.225000
0,-1,3,3.0,-1.500000,-0.500000,0.225000
0,-1,4,3.0,-2.000000,-0.500000,0.225000
0,0,-4,3.0,2.000000,0.000000,0.225000
0,0,-3,3.0,1.500000,0.000000,0.225000
0,0,-2,3.0,1.000000,0.000000,0.225000
0,0,-1,3.0,0.500000,0.000000,0.225000
0,0,0,3.0,-0.000000,0.000000,0.225000
0,0,1,3.0,-0.500000,0.000000,0.225000
0,0,2,3.0,-1.000000,0.000000,0.225000
0,0,3,3.0,-1.500000,0.000000,0.225000
0,0,4,3.0,-2.000000,0.000000,0.225000
0,1,-4,3.0,2.000000,0.500000,0.225000
0,1,-3,3.0,1.500000,0.500000,0.225000
0,1,-2,3.0,1.000000,0.500000,0.225000
0,1,-1,3.0,0.500000,0.500000,0.225000
0,1,0,3.0,-0.000000,0.500000,0.225000
0,1,1,3.0,-0.500000,0.500000,0.225000
0,1,2,3.0,-1.000000,0.500000,0.225000
0,1,3,3.0,-1.500000,0.500000,0.225000
0,1,4,3.0,-2.000000,0.500000,0.225000
0,2,-4,3.0,2.000000,1.000000,0.225000
0,2,-3,3.0,1.500000,1.000000,0.225000
0,2,-2,3.0,1.000000,1.000000,0.225000
0,2,-1,3.0,0.500000,1.000000,0.225000
0,2,0,3.0,-0.000000,1.000000,0.225000
0,2,1,3.0,-0.500000,1.000000,0.225000
0,2,2,3.0,-1.000000,1.000000,0.225000
0,2,3,3.0,-1.500000,1.000000,0.225000
0,2,4,3.0,-2.000000,1.000000,0.225000
0,3,-4,3.0,2.000000,1.500000,0.225000
0,3,-3,3.0,1.500000,1.500000,0.225000
0,3,-2,3.0,1.000000,1.500000,0.225000
0,3,-1,3.0,0.500000,1.500000,0.225000
0,3,0,3.0,-0.000000,1.500000,0.225000
0,3,1,3.0,-0.500000,1.500000,0.225000
0,3,2,3.0,-1.000000,1.500000,0.225000
0,3,3,3.0,-1.500000,1.500000,0.225000
0,3,4,3.0,-2.000000,1.500000,0.225000
0,4,-4,3.0,2.000000,2.000000,0.225000
0,4,-3,3.0,1.500000,2.000000,0.225000
0,4,-2,3.0,1.000000,2.000000,0.225000
0,4,-1,3.0,0.500000,2.000000,0.225000
0,4,0,3.0,-0.000000,2.000000,0.225000
0,4,1,3.0,-0.500000,2.000000,0.225000
0,4,2,3.0,-1.000000,2.000000,0.225000
0,4,3,3.0,-1.500000,2.000000,0.225000
0,4,4,3.0,-2.000000,2.000000,0.225000
1,-4,-4,0.0,2.717356,-2.717356,0.202253
1,-4,-3,0.0,2.038017,-2.717356,0.202253
1,-4,-2,0.0,1.358678,-2.717356,0.202253
1,-4,-1,0.0,0.679339,-2.717356,0.202253
1,-4,0,0.0,-0.000000,-2.717356,0.202253
1,-4,1,0.0,-0.679339,-2.717356,0.202253
1,-4,2,0.0,-1.358678,-2.717356,0.202253
1,-4,3,0.0,-2.038017,-2.717356,0.202253
1,-4,4,0.0,-2.717356,-2.717356,0.202253
1,-3,-4,0.0,2.717356,-2.038017,0.202253
1,-3,-3,0.0,2.038017,-2.038017,0.202253
1,-3,-2,0.0,1.358678,-2.038017,0.202253
1,-3,-1,0.0,0.679339,-2.038017,0.202253
1,-3,0,0.0,-0.000000,-2.038017,0.202253
1,-3,1,0.0,-0.679339,-2.038017,0.202253
1,-3,2,0.0,-1.358678,-2.038017,0.202253
1,-3,3,0.0,-2.038017,-2.038017,0.202253
1,-3,4,0.0,-2.717356,-2.038017,0.202253
1,-2,-4,0.0,2.717356,-1.358678,0.202253
1,-2,-3,0.0,2.038017,-1.358678,0.202253
1,-2,-2,0.0,1.358678,-1.358678,0.202253
1,-2,-1,0.0,0.679339,-1.358678,0.202253
1,-2,0,0.0,-0.000000,-1.358678,0.202253
1,-2,1,0.0,-0.679339,-1.358678,0.202253
1,-2,2,0.0,-1.358678,-1.358678,0.202253
1,-2,3,0.0,-2.038017,-1.358678,0.202253
1,-2,4,0.0,-2.717356,-1.358678,0.202253
1,-1,-4,0.0,2.717356,-0.679339,0.202253
1,-1,-3,0.0,2.038017,-0.679339,0.202253
1,-1,-2,0.0,1.358678,-0.679339,0.202253
1,-1,-1,0.0,0.679339,-0.679339,0.202253
1,-1,0,0.0,-0.000000,-0.679339,0.202253
1,-1,1,0.0,-0.679339,-0.679339,0.202253
1,-1,2,0.0,-1.358678,-0.679339,0.202253
1,-1,3,0.0,-2.038017,-0.679339,0.202253
1,-1,4,0.0,-2.717356,-0.679339,0.202253
1,0,-4,0.0,2.717356,0.000000,0.202253
1,0,-3,0.0,2.038017,0.000000,0.202253
1,0,-2,0.0,1.358678,0.000000,0.202253
1,0,-1,0.0,0.679339,0.000000,0.202253
1,0,0,0.0,-0.000000,0.000000,0.202253
1,0,1,0.0,-0.679339,0.000000,0.202253
1,0,2,0.0,-1.358678,0.000000,0.202253
1,0,3,0.0,-2.038017,0.000000,0.202253
1,0,4,0.0,-2.717356,0.000000,0.202253
1,1,-4,0.0,2.717356,0.679339,0.202253
1,1,-3,0.0,2.038017,0.679339,0.202253
1,1,-2,0.0,1.358678,0.679339,0.202253
1,1,-1,0.0,0.679339,0.679339,0.202253
1,1,0,0.0,-0.000000,0.679339,0.202253
1,1,1,0.0,-0.679339,0.679339,0.202253
1,1,2,0.0,-1.358678,0.679339,0.202253
1,1,3,0.0,-2.038017,0.679339,0.202253
1,1,4,0.0,-2.717356,0.679339,0.202253
1,2,-4,0.0,2.717356,1.358678,0.202253
1,2,-3,0.0,2.038017,1.358678,0.202253
1,2,-2,0.0,1.358678,1.358678,0.202253
1,2,-1,0.0,0.679339,1.358678,0.202253
1,2,0,0.0,-0.000000,1.358678,0.202253
1,2,1,0.0,-0.679339,1.358678,0.202253
1,2,2,0.0,-1.358678,1.358678,0.202253
1,2,3,0.0,-2.038017,1.358678,0.202253
1,2,4,0.0,-2.717356,1.358678,0.202253
1,3,-4,0.0,2.717356,2.038017,0.202253
1,3,-3,0.0,2.038017,2.038017,0.202253
1,3,-2,0.0,1.358678,2.038017,0.202253
1,3,-1,0.0,0.679339,2.038017,0.202253
1,3,0,0.0,-0.000000,2.038017,0.202253
1,3,1,0.0,-0.679339,2.038017,0.202253
1,3,2,0.0,-1.358678,2.038017,0.202253
1,3,3,0.0,-2.038017,2.038017,0.202253
1,3,4,0.0,-2.717356,2.038017,0.202253
1,4,-4,0.0,2.717356,2.717356,0.202253
1,4,-3,0.0,2.038017,2.717356,0.202253
1,4,-2,0.0,1.358678,2.717356,0.202253
1,4,-1,0.0,0.679339,2.717356,0.202253
1,4,0,0.0,-0.000000,2.717356,0.202253
1,4,1,0.0,-0.679339,2.717356,0.202253
1,4,2,0.0,-1.358678,2.717356,0.202253
1,4,3,0.0,-2.038017,2.717356,0.202253
1,4,4,0.0,-2.717356,2.717356,0.202253
1,-4,-4,1.0,2.717356,-2.717356,0.202253
1,-4,-3,1.0,2.038017,-2.717356,0.202253
1,-4,-2,1.0,1.358678,-2.717356,0.202253
1,-4,-1,1.0,0.679339,-2.717356,0.202253
1,-4,0,1.0,-0.000000,-2.717356,0.202253
1,-4,1,1.0,-0.679339,-2.717356,0.202253
1,-4,2,1.0,-1.358678,-2.717356,0.202253
1,-4,3,1.0,-2.038017,-2.717356,0.202253
1,-4,4,1.0,-2.717356,-2.717356,0.202253
1,-3,-4,1.0,2.717356,-2.038017,0.202253
1,-3,-3,1.0,2.038017,-2.038017,0.202253
1,-3,-2,1.0,1.358678,-2.038017,0.202253
1,-3,-1,1.0,0.679339,-2.038017,0.202253
1,-3,0,1.0,-0.000000,-2.038017,0.202253
1,-3,1,1.0,-0.679339,-2.038017,0.202253
1,-3,2,1.0,-1.358678,-2.038017,0.202253
1,-3,3,1.0,-2.038017,-2.038017,0.202253
1,-3,4,1.0,-2.717356,-2.038017,0.202253
1,-2,-4,1.0,2.717356,-1.358678,0.202253
1,-2,-3,1.0,2.038017,-1.358678,0.202253
1,-2,-2,1.0,1.358678,-1.358678,0.202253
1,-2,-1,1.0,0.679339,-1.358678,0.202253
1,-2,0,1.0,-0.000000,-1.358678,0.202253
1,-2,1,1.0,-0.679339,-1.358678,0.202253
1,-2,2,1.0,-1.358678,-1.358678,0.202253
1,-2,3,1.0,-2.038017,-1.358678,0.202253
1,-2,4,1.0,-2.717356,-1.358678,0.202253
1,-1,-4,1.0,2.717356,-0.679339,0.202253
1,-1,-3,1.0,2.038017,-0.679339,0.202253
1,-1,-2,1.0,1.358678,-0.679339,0.202253
1,-1,-1,1.0,0.679339,-0.679339,0.202253
1,-1,0,1.0,-0.000000,-0.679339,0.202253
1,-1,1,1.0,-0.679339,-0.679339,0.202253
1,-1,2,1.0,-1.358678,-0.679339,0.202253
1,-1,3,1.0,-2.038017,-0.679339,0.202253
1,-1,4,1.0,-2.717356,-0.679339,0.202253
1,0,-4,1.0,2.717356,0.000000,0.202253
1,0,-3,1.0,2.038017,0.000000,0.202253
1,0,-2,1.0,1.358678,0.000000,0.202253
1,0,-1,1.0,0.679339,0.000000,0.202253
1,0,0,1.0,-0.000000,0.000000,0.202253
1,0,1,1.0,-0.679339,0.000000,0.202253
1,0,2,1.0,-1.358678,0.000000,0.202253
1,0,3,1.0,-2.038017,0.000000,0.202253
1,0,4,1.0,-2.717356,0.000000,0.202253
1,1,-4,1.0,2.717356,0.679339,0.202253
1,1,-3,1.0,2.038017,0.679339,0.202253
1,1,-2,1.0,1.358678,0.679339,0.202253
1,1,-1,1.0,0.679339,0.679339,0.202253
1,1,0,1.0,-0.000000,0.679339,0.202253
1,1,1,1.0,-0.679339,0.679339,0.202253
1,1,2,1.0,-1.358678,0.679339,0.202253
1,1,3,1.0,-2.038017,0.679339,0.202253
1,1,4,1.0,-2.717356,0.679339,0.202253
1,2,-4,1.0,2.717356,1.358678,0.202253
1,2,-3,1.0,2.038017,1.358678,0.202253
1,2,-2,1.0,1.358678,1.358678,0.202253
1,2,-1,1.0,0.679339,1.358678,0.202253
1,2,0,1.0,-0.000000,1.358678,0.202253
1,2,1,1.0,-0.679339,1.358678,0.202253
1,2,2,1.0,-1.358678,1.358678,0.202253
1,2,3,1.0,-2.038017,1.358678,0.202253
1,2,4,1.0,-2.717356,1.358678,0.202253
1,3,-4,1.0,2.717356,2.038017,0.202253
1,3,-3,1.0,2.038017,2.038017,0.202253
1,3,-2,1.0,1.358678,2.038017,0.202253
1,3,-1,1.0,0.679339,2.038017,0.202253
1,3,0,1.0,-0.000000,2.038017,0.202253
1,3,1,1.0,-0.679339,2.038017,0.202253
1,3,2,1.0,-1.358678,2.038017,0.202253
1,3,3,1.0,-2.038017,2.038017,0.202253
1,3,4,1.0,-2.717356,2.038017,0.202253
1,4,-4,1.0,2.717356,2.717356,0.202253
1,4,-3,1.0,2.038017,2.717356,0.202253
1,4,-2,1.0,1.358678,2.717356,0.202253
1,4,-1,1.0,0.679339,2.717356,0.202253
1,4,0,1.0,-0.000000,2.717356,0.202253
1,4,1,1.0,-0.679339,2.717356,0.202253
1,4,2,1.0,-1.358678,2.717356,0.202253
1,4,3,1.0,-2.038017,2.717356,0.202253
1,4,4,1.0,-2.717356,2.717356,0.202253
1,-4,-4,2.0,2.717356,-2.717356,0.202253
1,-4,-3,2.0,2.038017,-2.717356,0.202253
1,-4,-2,2.0,1.358678,-2.717356,0.202253
1,-4,-1,2.0,0.679339,-2.717356,0.202253
1,-4,0,2.0,-0.000000,-2.717356,0.202253
1,-4,1,2.0,-0.679339,-2.717356,0.202253
1,-4,2,2.0,-1.358678,-2.717356,0.202253
1,-4,3,2.0,-2.038017,-2.717356,0.202253
1,-4,4,2.0,-2.717356,-2.717356,0.202253
1,-3,-4,2.0,2.717356,-2.038017,0.202253
1,-3,-3,2.0,2.038017,-2.038017,0.202253
1,-3,-2,2.0,1.358678,-2.038017,0.202253
1,-3,-1,2.0,0.679339,-2.038017,0.202253
1,-3,0,2.0,-0.000000,-2.038017,0.202253
1,-3,1,2.0,-0.679339,-2.038017,0.202253
1,-3,2,2.0,-1.358678,-2.038017,0.202253
1,-3,3,2.0,-2.038017,-2.038017,0.202253
1,-3,4,2.0,-2.717356,-2.038017,0.202253
1,-2,-4,2.0,2.717356,-1.358678,0.202253
1,-2,-3,2.0,2.038017,-1.358678,0.202253
1,-2,-2,2.0,1.358678,-1.358678,0.202253
1,-2,-1,2.0,0.679339,-1.358678,0.202253
1,-2,0,2.0,-0.000000,-1.358678,0.202253
1,-2,1,2.0,-0.679339,-1.358678,0.202253
1,-2,2,2.0,-1.358678,-1.358678,0.202253
1,-2,3,2.0,-2.038017,-1.358678,0.202253
1,-2,4,2.0,-2.717356,-1.358678,0.202253
1,-1,-4,2.0,2.717356,-0.679339,0.202253
1,-1,-3,2.0,2.038017,-0.679339,0.202253
1,-1,-2,2.0,1.358678,-0.679339,0.202253
1,-1,-1,2.0,0.679339,-0.679339,0.202253
1,-1,0,2.0,-0.000000,-0.679339,0.202253
1,-1,1,2.0,-0.679339,-0.679339,0.202253
1,-1,2,2.0,-1.358678,-0.679339,0.202253
1,-1,3,2.0,-2.038017,-0.679339,0.202253
1,-1,4,2.0,-2.717356,-0.679339,0.202253
1,0,-4,2.0,2.717356,0.000000,0.202253
1,0,-3,2.0,2.038017,0.000000,0.202253
1,0,-2,2.0,1.358678,0.000000,0.202253
1,0,-1,2.0,0.679339,0.000000,0.202253
1,0,0,2.0,-0.000000,0.000000,0.202253
1,0,1,2.0,-0.679339,0.000000,0.202253
1,0,2,2.0,-1.358678,0.000000,0.202253
1,0,3,2.0,-2.038017,0.000000,0.202253
1,0,4,2.0,-2.717356,0.000000,0.202253
1,1,-4,2.0,2.717356,0.679339,0.202253
1,1,-3,2.0,2.038017,0.679339,0.202253
1,1,-2,2.0,1.358678,0.679339,0.202253
1,1,-1,2.0,0.679339,0.679339,0.202253
1,1,0,2.0,-0.000000,0.679339,0.202253
1,1,1,2.0,-0.679339,0.679339,0.202253
1,1,2,2.0,-1.358678,0.679339,0.202253
1,1,3,2.0,-2.038017,0.679339,0.202253
1,1,4,2.0,-2.717356,0.679339,0.202253
1,2,-4,2.0,2.717356,1.358678,0.202253
1,2,-3,2.0,2.038017,1.358678,0.202253
1,2,-2,2.0,1.358678,1.358678,0.202253
1,2,-1,2.0,0.679339,1.358678,0.202253
1,2,0,2.0,-0.000000,1.358678,0.202253
1,2,1,2.0,-0.679339,1.358678,0.202253
1,2,2,2.0,-1.358678,1.358678,0.202253
1,2,3,2.0,-2.038017,1.358678,0.202253
1,2,4,2.0,-2.717356,1.358678,0.202253
1,3,-4,2.0,2.717356,2.038017,0.202253
1,3,-3,2.0,2.038017,2.038017,0.202253
1,3,-2,2.0,1.358678,2.038017,0.202253
1,3,-1,2.0,0.679339,2.038017,0.202253
1,3,0,2.0,-0.000000,2.038017,0.202253
1,3,1,2.0,-0.679339,2.038017,0.202253
1,3,2,2.0,-1.358678,2.038017,0.202253
1,3,3,2.0,-2.038017,2.038017,0.202253
1,3,4,2.0,-2.717356,2.038017,0.202253
1,4,-4,2.0,2.717356,2.717356,0.202253
1,4,-3,2.0,2.038017,2.717356,0.202253
1,4,-2,2.0,1.358678,2.717356,0.202253
1,4,-1,2.0,0.679339,2.717356,0.202253
1,4,0,2.0,-0.000000,2.717356,0.202253
1,4,1,2.0,-0.679339,2.717356,0.202253
1,4,2,2.0,-1.358678,2.717356,0.202253
1,4,3,2.0,-2.038017,2.717356,0.202253
1,4,4,2.0,-2.717356,2.717356,0.202253
1,-4,-4,3.0,2.717356,-2.717356,0.202253
1,-4,-3,3.0,2.038017,-2.717356,0.202253
1,-4,-2,3.0,1.358678,-2.717356,0.202253
1,-4,-1,3.0,0.679339,-2.717356,0.202253
1,-4,0,3.0,-0.000000,-2.717356,0.202253
1,-4,1,3.0,-0.679339,-2.717356,0.202253
1,-4,2,3.0,-1.358678,-2.717356,0.202253
1,-4,3,3.0,-2.038017,-2.717356,0.202253
1,-4,4,3.0,-2.717356,-2.717356,0.202253
1,-3,-4,3.0,2.717356,-2.038017,0.202253
1,-3,-3,3.0,2.038017,-2.038017,0.202253
1,-3,-2,3.0,1.358678,-2.038017,0.202253
1,-3,-1,3.0,0.679339,-2.038017,0.202253
1,-3,0,3.0,-0.000000,-2.038017,0.202253
1,-3,1,3.0,-0.679339,-2.038017,0.202253
1,-3,2,3.0,-1.358678,-2.038017,0.202253
1,-3,3,3.0,-2.038017,-2.038017,0.202253
1,-3,4,3.0,-2.717356,-2.038017,0.202253
1,-2,-4,3.0,2.717356,-1.358678,0.202253
1,-2,-3,3.0,2.038017,-1.358678,0.202253
1,-2,-2,3.0,1.358678,-1.358678,0.202253
1,-2,-1,3.0,0.679339,-1.358678,0.202253
1,-2,0,3.0,-0.000000,-1.358678,0.202253
1,-2,1,3.0,-0.679339,-1.358678,0.202253
1,-2,2,3.0,-1.358678,-1.358678,0.202253
1,-2,3,3.0,-2.038017,-1.358678,0.202253
1,-2,4,3.0,-2.717356,-1.358678,0.202253
1,-1,-4,3.0,2.717356,-0.679339,0.202253
1,-1,-3,3.0,2.038017,-0.679339,0.202253
1,-1,-2,3.0,1.358678,-0.679339,0.202253
1,-1,-1,3.0,0.679339,-0.679339,0.202253
1,-1,0,3.0,-0.000000,-0.679339,0.202253
1,-1,1,3.0,-0.679339,-0.679339,0.202253
1,-1,2,3.0,-1.358678,-0.679339,0.202253
1,-1,3,3.0,-2.038017,-0.679339,0.202253
1,-1,4,3.0,-2.717356,-0.679339,0.202253
1,0,-4,3.0,2.717356,0.000000,0.202253
1,0,-3,3.0,2.038017,0.000000,0.202253
1,0,-2,3.0,1.358678,0.000000,0.202253
1,0,-1,3.0,0.679339,0.000000,0.202253
1,0,0,3.0,-0.000000,0.000000,0.202253
1,0,1,3.0,-0.679339,0.000000,0.202253
1,0,2,3.0,-1.358678,0.000000,0.202253
1,0,3,3.0,-2.038017,0.000000,0.202253
1,0,4,3.0,-2.717356,0.000000,0.202253
1,1,-4,3.0,2.717356,0.679339,0.202253
1,1,-3,3.0,2.038017,0.679339,0.202253
1,1,-2,3.0,1.358678,0.679339,0.202253
1,1,-1,3.0,0.679339,0.679339,0.202253
1,1,0,3.0,-0.000000,0.679339,0.202253
1,1,1,3.0,-0.679339,0.679339,0.202253
1,1,2,3.0,-1.358678,0.679339,0.202253
1,1,3,3.0,-2.038017,0.679339,0.202253
1,1,4,3.0,-2.717356,0.679339,0.202253
1,2,-4,3.0,2.717356,1.358678,0.202253
1,2,-3,3.0,2.038017,1.358678,0.202253
1,2,-2,3.0,1.358678,1.358678,0.202253
1,2,-1,3.0,0.679339,1.358678,0.202253
1,2,0,3.0,-0.000000,1.358678,0.202253
1,2,1,3.0,-0.679339,1.358678,0.202253
1,2,2,3.0,-1.358678,1.358678,0.202253
1,2,3,3.0,-2.038017,1.358678,0.202253
1,2,4,3.0,-2.717356,1.358678,0.202253
1,3,-4,3.0,2.717356,2.038017,0.202253
1,3,-3,3.0,2.038017,2.038017,0.202253
1,3,-2,3.0,1.358678,2.038017,0.202253
1,3,-1,3.0,0.679339,2.038017,0.202253
1,3,0,3.0,-0.000000,2.038017,0.202253
1,3,1,3.0,-0.679339,2.038017,0.202253
1,3,2,3.0,-1.358678,2.038017,0.202253
1,3,3,3.0,-2.038017,2.038017,0.202253
1,3,4,3.0,-2.717356,2.038017,0.202253
1,4,-4,3.0,2.717356,2.717356,0.202253
1,4,-3,3.0,2.038017,2.717356,0.202253
1,4,-2,3.0,1.358678,2.717356,0.202253
1,4,-1,3.0,0.679339,2.717356,0.202253
1,4,0,3.0,-0.000000,2.717356,0.202253
1,4,1,3.0,-0.679339,2.717356,0.202253
1,4,2,3.0,-1.358678,2.717356,0.202253
1,4,3,3.0,-2.038017,2.717356,0.202253
1,4,4,3.0,-2.717356,2.717356,0.202253
2,-4,-4,0.0,2.999574,-2.999574,0.147810
2,-4,-3,0.0,2.249680,-2.999574,0.147810
2,-4,-2,0.0,1.499787,-2.999574,0.147810
2,-4,-1,0.0,0.749893,-2.999574,0.147810
2,-4,0,0.0,-0.000000,-2.999574,0.147810
2,-4,1,0.0,-0.749893,-2.999574,0.147810
2,-4,2,0.0,-1.499787,-2.999574,0.147810
2,-4,3,0.0,-2.249680,-2.999574,0.147810
2,-4,4,0.0,-2.999574,-2.999574,0.147810
2,-3,-4,0.0,2.999574,-2.249680,0.147810
2,-3,-3,0.0,2.249680,-2.249680,0.147810
2,-3,-2,0.0,1.499787,-2.249680,0.147810
2,-3,-1,0.0,0.749893,-2.249680,0.147810
2,-3,0,0.0,-0.000000,-2.249680,0.147810
2,-3,1,0.0,-0.749893,-2.249680,0.147810
2,-3,2,0.0,-1.499787,-2.249680,0.147810
2,-3,3,0.0,-2.249680,-2.249680,0.147810
2,-3,4,0.0,-2.999574,-2.249680,0.147810
2,-2,-4,0.0,2.999574,-1.499787,0.147810
2,-2,-3,0.0,2.249680,-1.499787,0.147810
2,-2,-2,0.0,1.499787,-1.499787,0.147810
2,-2,-1,0.0,0.749893,-1.499787,0.147810
2,-2,0,0.0,-0.000000,-1.499787,0.147810
2,-2,1,0.0,-0.749893,-1.499787,0.147810
2,-2,2,0.0,-1.499787,-1.499787,0.147810
2,-2,3,0.0,-2.249680,-1.499787,0.147810
2,-2,4,0.0,-2.999574,-1.499787,0.147810
2,-1,-4,0.0,2.999574,-0.749893,0.147810
2,-1,-3,0.0,2.249680,-0.749893,0.147810
2,-1,-2,0.0,1.499787,-0.749893,0.147810
2,-1,-1,0.0,0.749893,-0.749893,0.147810
2,-1,0,0.0,-0.000000,-0.749893,0.147810
2,-1,1,0.0,-0.749893,-0.749893,0.147810
2,-1,2,0.0,-1.499787,-0.749893,0.147810
2,-1,3,0.0,-2.249680,-0.749893,0.147810
2,-1,4,0.0,-2.999574,-0.749893,0.147810
2,0,-4,0.0,2.999574,0.000000,0.147810
2,0,-3,0.0,2.249680,0.000000,0.147810
2,0,-2,0.0,1.499787,0.000000,0.147810
2,0,-1,0.0,0.749893,0.000000,0.147810
2,0,0,0.0,-0.000000,0.000000,0.147810
2,0,1,0.0,-0.749893,0.000000,0.147810
2,0,2,0.0,-1.499787,0.000000,0.147810
2,0,3,0.0,-2.249680,0.000000,0.147810
2,0,4,0.0,-2.999574,0.000000,0.147810
2,1,-4,0.0,2.999574,0.749893,0.147810
2,1,-3,0.0,2.249680,0.749893,0.147810
2,1,-2,0.0,1.499787,0.749893,0.147810
2,1,-1,0.0,0.749893,0.749893,0.147810
2,1,0,0.0,-0.000000,0.749893,0.147810
2,1,1,0.0,-0.749893,0.749893,0.147810
2,1,2,0.0,-1.499787,0.749893,0.147810
2,1,3,0.0,-2.249680,0.749893,0.147810
2,1,4,0.0,-2.999574,0.749893,0.147810
2,2,-4,0.0,2.999574,1.499787,0.147810
2,2,-3,0.0,2.249680,1.499787,0.147810
2,2,-2,0.0,1.499787,1.499787,0.147810
2,2,-1,0.0,0.749893,1.499787,0.147810
2,2,0,0.0,-0.000000,1.499787,0.147810
2,2,1,0.0,-0.749893,1.499787,0.147810
2,2,2,0.0,-1.499787,1.499787,0.147810
2,2,3,0.0,-2.249680,1.499787,0.147810
2,2,4,0.0,-2.999574,1.499787,0.147810
2,3,-4,0.0,2.999574,2.249680,0.147810
2,3,-3,0.0,2.249680,2.249680,0.147810
2,3,-2,0.0,1.499787,2.249680,0.147810
2,3,-1,0.0,0.749893,2.249680,0.147810
2,3,0,0.0,-0.000000,2.249680,0.147810
2,3,1,0.0,-0.749893,2.249680,0.147810
2,3,2,0.0,-1.499787,2.249680,0.147810
2,3,3,0.0,-2.249680,2.249680,0.147810
2,3,4,0.0,-2.999574,2.249680,0.147810
2,4,-4,0.0,2.999574,2.999574,0.147810
2,4,-3,0.0,2.249680,2.999574,0.147810
2,4,-2,0.0,1.499787,2.999574,0.147810
2,4,-1,0.0,0.749893,2.999574,0.147810
2,4,0,0.0,-0.000000,2.999574,0.147810
2,4,1,0.0,-0.749893,2.999574,0.147810
2,4,2,0.0,-1.499787,2.999574,0.147810
2,4,3,0.0,-2.249680,2.999574,0.147810
2,4,4,0.0,-2.999574,2.999574,0.147810
2,-4,-4,1.0,2.999574,-2.999574,0.147810
2,-4,-3,1.0,2.249680,-2.999574,0.147810
2,-4,-2,1.0,1.499787,-2.999574,0.147810
2,-4,-1,1.0,0.749893,-2.999574,0.147810
2,-4,0,1.0,-0.000000,-2.999574,0.147810
2,-4,1,1.0,-0.749893,-2.999574,0.147810
2,-4,2,1.0,-1.499787,-2.999574,0.147810
2,-4,3,1.0,-2.249680,-2.999574,0.147810
2,-4,4,1.0,-2.999574,-2.999574,0.147810
2,-3,-4,1.0,2.999574,-2.249680,0.147810
2,-3,-3,1.0,2.249680,-2.249680,0.147810
2,-3,-2,1.0,1.499787,-2.249680,0.147810
2,-3,-1,1.0,0.749893,-2.249680,0.147810
2,-3,0,1.0,-0.000000,-2.249680,0.147810
2,-3,1,1.0,-0.749893,-2.249680,0.147810
2,-3,2,1.0,-1.499787,-2.249680,0.147810
2,-3,3,1.0,-2.249680,-2.249680,0.147810
2,-3,4,1.0,-2.999574,-2.249680,0.147810
2,-2,-4,1.0,2.999574,-1.499787,0.147810
2,-2,-3,1.0,2.249680,-1.499787,0.147810
2,-2,-2,1.0,1.499787,-1.499787,0.147810
2,-2,-1,1.0,0.749893,-1.499787,0.147810
2,-2,0,1.0,-0.000000,-1.499787,0.147810
2,-2,1,1.0,-0.749893,-1.499787,0.147810
2,-2,2,1.0,-1.499787,-1.499787,0.147810
2,-2,3,1.0,-2.249680,-1.499787,0.147810
2,-2,4,1.0,-2.999574,-1.499787,0.147810
2,-1,-4,1.0,2.999574,-0.749893,0.147810
2,-1,-3,1.0,2.249680,-0.749893,0.147810
2,-1,-2,1.0,1.499787,-0.749893,0.147810
2,-1,-1,1.0,0.749893,-0.749893,0.147810
2,-1,0,1.0,-0.000000,-0.749893,0.147810
2,-1,1,1.0,-0.749893,-0.749893,0.147810
2,-1,2,1.0,-1.499787,-0.749893,0.147810
2,-1,3,1.0,-2.249680,-0.749893,0.147810
2,-1,4,1.0,-2.999574,-0.749893,0.147810
2,0,-4,1.0,2.999574,0.000000,0.147810
2,0,-3,1.0,2.249680,0.000000,0.147810
2,0,-2,1.0,1.499787,0.000000,0.147810
2,0,-1,1.0,0.749893,0.000000,0.147810
2,0,0,1.0,-0.000000,0.000000,0.147810
2,0,1,1.0,-0.749893,0.000000,0.147810
2,0,2,1.0,-1.499787,0.000000,0.147810
2,0,3,1.0,-2.249680,0.000000,0.147810
2,0,4,1.0,-2.999574,0.000000,0.147810
2,1,-4,1.0,2.999574,0.749893,0.147810
2,1,-3,1.0,2.249680,0.749893,0.147810
2,1,-2,1.0,1.499787,0.749893,0.147810
2,1,-1,1.0,0.749893,0.749893,0.147810
2,1,0,1.0,-0.000000,0.749893,0.147810
2,1,1,1.0,-0.749893,0.749893,0.147810
2,1,2,1.0,-1.499787,0.749893,0.147810
2,1,3,1.0,-2.249680,0.749893,0.147810
2,1,4,1.0,-2.999574,0.749893,0.147810
2,2,-4,1.0,2.999574,1.499787,0.147810
2,2,-3,1.0,2.249680,1.499787,0.147810
2,2,-2,1.0,1.499787,1.499787,0.147810
2,2,-1,1.0,0.749893,1.499787,0.147810
2,2,0,1.0,-0.000000,1.499787,0.147810
2,2,1,1.0,-0.749893,1.499787,0.147810
2,2,2,1.0,-1.499787,1.499787,0.147810
2,2,3,1.0,-2.249680,1.499787,0.147810
2,2,4,1.0,-2.999574,1.499787,0.147810
2,3,-4,1.0,2.999574,2.249680,0.147810
2,3,-3,1.0,2.249680,2.249680,0.147810
2,3,-2,1.0,1.499787,2.249680,0.147810
2,3,-1,1.0,0.749893,2.249680,0.147810
2,3,0,1.0,-0.000000,2.249680,0.147810
2,3,1,1.0,-0.749893,2.249680,0.147810
2,3,2,1.0,-1.499787,2.249680,0.147810
2,3,3,1.0,-2.249680,2.249680,0.147810
2,3,4,1.0,-2.999574,2.249680,0.147810
2,4,-4,1.0,2.999574,2.999574,0.147810
2,4,-3,1.0,2.249680,2.999574,0.147810
2,4,-2,1.0,1.499787,2.999574,0.147810
2,4,-1,1.0,0.749893,2.999574,0.147810
2,4,0,1.0,-0.000000,2.999574,0.147810
2,4,1,1.0,-0.749893,2.999574,0.147810
2,4,2,1.0,-1.499787,2.999574,0.147810
2,4,3,1.0,-2.249680,2.999574,0.147810
2,4,4,1.0,-2.999574,2.999574,0.147810
2,-4,-4,2.0,2.999574,-2.999574,0.147810
2,-4,-3,2.0,2.249680,-2.999574,0.147810
2,-4,-2,2.0,1.499787,-2.999574,0.147810
2,-4,-1,2.0,0.749893,-2.999574,0.147810
2,-4,0,2.0,-0.000000,-2.999574,0.147810
2,-4,1,2.0,-0.749893,-2.999574,0.147810
2,-4,2,2.0,-1.499787,-2.999574,0.147810
2,-4,3,2.0,-2.249680,-2.999574,0.147810
2,-4,4,2.0,-2.999574,-2.999574,0.147810
2,-3,-4,2.0,2.999574,-2.249680,0.147810
2,-3,-3,2.0,2.249680,-2.249680,0.147810
2,-3,-2,2.0,1.499787,-2.249680,0.147810
2,-3,-1,2.0,0.749893,-2.249680,0.147810
2,-3,0,2.0,-0.000000,-2.249680,0.147810
2,-3,1,2.0,-0.749893,-2.249680,0.147810
2,-3,2,2.0,-1.499787,-2.249680,0.147810
2,-3,3,2.0,-2.249680,-2.249680,0.147810
2,-3,4,2.0,-2.999574,-2.249680,0.147810
2,-2,-4,2.0,2.999574,-1.499787,0.147810
2,-2,-3,2.0,2.249680,-1.499787,0.147810
2,-2,-2,2.0,1.499787,-1.499787,0.147810
2,-2,-1,2.0,0.749893,-1.499787,0.147810
2,-2,0,2.0,-0.000000,-1.499787,0.147810
2,-2,1,2.0,-0.749893,-1.499787,0.147810
2,-2,2,2.0,-1.499787,-1.499787,0.147810
2,-2,3,2.0,-2.249680,-1.499787,0.147810
2,-2,4,2.0,-2.999574,-1.499787,0.147810
2,-1,-4,2.0,2.999574,-0.749893,0.147810
2,-1,-3,2.0,2.249680,-0.749893,0.147810
2,-1,-2,2.0,1.499787,-0.749893,0.147810
2,-1,-1,2.0,0.749893,-0.749893,0.147810
2,-1,0,2.0,-0.000000,-0.749893,0.147810
2,-1,1,2.0,-0.749893,-0.749893,0.147810
2,-1,2,2.0,-1.499787,-0.749893,0.147810
2,-1,3,2.0,-2.249680,-0.749893,0.147810
2,-1,4,2.0,-2.999574,-0.749893,0.147810
2,0,-4,2.0,2.999574,0.000000,0.147810
2,0,-3,2.0,2.249680,0.000000,0.147810
2,0,-2,2.0,1.499787,0.000000,0.147810
2,0,-1,2.0,0.749893,0.000000,0.147810
2,0,0,2.0,-0.000000,0.000000,0.147810
2,0,1,2.0,-0.749893,0.000000,0.147810
2,0,2,2.0,-1.499787,0.000000,0.147810
2,0,3,2.0,-2.249680,0.000000,0.147810
2,0,4,2.0,-2.999574,0.000000,0.147810
2,1,-4,2.0,2.999574,0.749893,0.147810
2,1,-3,2.0,2.249680,0.749893,0.147810
2,1,-2,2.0,1.499787,0.749893,0.147810
2,1,-1,2.0,0.749893,0.749893,0.147810
2,1,0,2.0,-0.000000,0.749893,0.147810
2,1,1,2.0,-0.749893,0.749893,0.147810
2,1,2,2.0,-1.499787,0.749893,0.147810
2,1,3,2.0,-2.249680,0.749893,0.147810
2,1,4,2.0,-2.999574,0.749893,0.147810
2,2,-4,2.0,2.999574,1.499787,0.147810
2,2,-3,2.0,2.249680,1.499787,0.147810
2,2,-2,2.0,1.499787,1.499787,0.147810
2,2,-1,2.0,0.749893,1.499787,0.147810
2,2,0,2.0,-0.000000,1.499787,0.147810
2,2,1,2.0,-0.749893,1.499787,0.147810
2,2,2,2.0,-1.499787,1.499787,0.147810
2,2,3,2.0,-2.249680,1.499787,0.147810
2,2,4,2.0,-2.999574,1.499787,0.147810
2,3,-4,2.0,2.999574,2.249680,0.147810
2,3,-3,2.0,2.249680,2.249680,0.147810
2,3,-2,2.0,1.499787,2.249680,0.147810
2,3,-1,2.0,0.749893,2.249680,0.147810
2,3,0,2.0,-0.000000,2.249680,0.147810
2,3,1,2.0,-0.749893,2.249680,0.147810
2,3,2,2.0,-1.499787,2.249680,0.147810
2,3,3,2.0,-2.249680,2.249680,0.147810
2,3,4,2.0,-2.999574,2.249680,0.147810
2,4,-4,2.0,2.999574,2.999574,0.147810
2,4,-3,2.0,2.249680,2.999574,0.147810
2,4,-2,2.0,1.499787,2.999574,0.147810
2,4,-1,2.0,0.749893,2.999574,0.147810
2,4,0,2.0,-0.000000,2.999574,0.147810
2,4,1,2.0,-0.749893,2.999574,0.147810
2,4,2,2.0,-1.499787,2.999574,0.147810
2,4,3,2.0,-2.249680,2.999574,0.147810
2,4,4,2.0,-2.999574,2.999574,0.147810
2,-4,-4,3.0,2.999574,-2.999574,0.147810
2,-4,-3,3.0,2.249680,-2.999574,0.147810
2,-4,-2,3.0,1.499787,-2.999574,0.147810
2,-4,-1,3.0,0.749893,-2.999574,0.147810
2,-4,0,3.0,-0.000000,-2.999574,0.147810
2,-4,1,3.0,-0.749893,-2.999574,0.147810
2,-4,2,3.0,-1.499787,-2.999574,0.147810
2,-4,3,3.0,-2.249680,-2.999574,0.147810
2,-4,4,3.0,-2.999574,-2.999574,0.147810
2,-3,-4,3.0,2.999574,-2.249680,0.147810
2,-3,-3,3.0,2.249680,-2.249680,0.147810
2,-3,-2,3.0,1.499787,-2.249680,0.147810
2,-3,-1,3.0,0.749893,-2.249680,0.147810
2,-3,0,3.0,-0.000000,-2.249680,0.147810
2,-3,1,3.0,-0.749893,-2.249680,0.147810
2,-3,2,3.0,-1.499787,-2.249680,0.147810
2,-3,3,3.0,-2.249680,-2.249680,0.147810
2,-3,4,3.0,-2.999574,-2.249680,0.147810
2,-2,-4,3.0,2.999574,-1.499787,0.147810
2,-2,-3,3.0,2.249680,-1.499787,0.147810
2,-2,-2,3.0,1.499787,-1.499787,0.147810
2,-2,-1,3.0,0.749893,-1.499787,0.147810
2,-2,0,3.0,-0.000000,-1.499787,0.147810
2,-2,1,3.0,-0.749893,-1.499787,0.147810
2,-2,2,3.0,-1.499787,-1.499787,0.147810
2,-2,3,3.0,-2.249680,-1.499787,0.147810
2,-2,4,3.0,-2.999574,-1.499787,0.147810
2,-1,-4,3.0,2.999574,-0.749893,0.147810
2,-1,-3,3.0,2.249680,-0.749893,0.147810
2,-1,-2,3.0,1.499787,-0.749893,0.147810
2,-1,-1,3.0,0.749893,-0.749893,0.147810
2,-1,0,3.0,-0.000000,-0.749893,0.147810
2,-1,1,3.0,-0.749893,-0.749893,0.147810
2,-1,2,3.0,-1.499787,-0.749893,0.147810
2,-1,3,3.0,-2.249680,-0.749893,0.147810
2,-1,4,3.0,-2.999574,-0.749893,0.147810
2,0,-4,3.0,2.999574,0.000000,0.147810
2,0,-3,3.0,2.249680,0.000000,0.147810
2,0,-2,3.0,1.499787,0.000000,0.147810
2,0,-1,3.0,0.749893,0.000000,0.147810
2,0,0,3.0,-0.000000,0.000000,0.147810
2,0,1,3.0,-0.749893,0.000000,0.147810
2,0,2,3.0,-1.499787,0.000000,0.147810
2,0,3,3.0,-2.249680,0.000000,0.147810
2,0,4,3.0,-2.999574,0.000000,0.147810
2,1,-4,3.0,2.999574,0.749893,0.147810
2,1,-3,3.0,2.249680,0.749893,0.147810
2,1,-2,3.0,1.499787,0.749893,0.147810
2,1,-1,3.0,0.749893,0.749893,0.147810
2,1,0,3.0,-0.000000,0.749893,0.147810
2,1,1,3.0,-0.749893,0.749893,0.147810
2,1,2,3.0,-1.499787,0.749893,0.147810
2,1,3,3.0,-2.249680,0.749893,0.147810
2,1,4,3.0,-2.999574,0.749893,0.147810
2,2,-4,3.0,2.999574,1.499787,0.147810
2,2,-3,3.0,2.249680,1.499787,0.147810
2,2,-2,3.0,1.499787,1.499787,0.147810
2,2,-1,3.0,0.749893,1.499787,0.147810
2,2,0,3.0,-0.000000,1.499787,0.147810
2,2,1,3.0,-0.749893,1.499787,0.147810
2,2,2,3.0,-1.499787,1.499787,0.147810
2,2,3,3.0,-2.249680,1.499787,0.147810
2,2,4,3.0,-2.999574,1.499787,0.147810
2,3,-4,3.0,2.999574,2.249680,0.147810
2,3,-3,3.0,2.249680,2.249680,0.147810
2,3,-2,3.0,1.499787,2.249680,0.147810
2,3,-1,3.0,0.749893,2.249680,0.147810
2,3,0,3.0,-0.000000,2.249680,0.147810
2,3,1,3.0,-0.749893,2.249680,0.147810
2,3,2,3.0,-1.499787,2.249680,0.147810
2,3,3,3.0,-2.249680,2.249680,0.147810
2,3,4,3.0,-2.999574,2.249680,0.147810
2,4,-4,3.0,2.999574,2.999574,0.147810
2,4,-3,3.0,2.249680,2.999574,0.147810
2,4,-2,3.0,1.499787,2.999574,0.147810
2,4,-1,3.0,0.749893,2.999574,0.147810
2,4,0,3.0,-0.000000,2.999574,0.147810
2,4,1,3.0,-0.749893,2.999574,0.147810
2,4,2,3.0,-1.499787,2.999574,0.147810
2,4,3,3.0,-2.249680,2.999574,0.147810
2,4,4,3.0,-2.999574,2.999574,0.147810
3,-4,-4,0.0,2.675463,-2.675463,0.094695
3,-4,-3,0.0,2.006597,-2.675463,0.094695
3,-4,-2,0.0,1.337732,-2.675463,0.094695
3,-4,-1,0.0,0.668866,-2.675463,0.094695
3,-4,0,0.0,-0.000000,-2.675463,0.094695
3,-4,1,0.0,-0.668866,-2.675463,0.094695
3,-4,2,0.0,-1.337732,-2.675463,0.094695
3,-4,3,0.0,-2.006597,-2.675463,0.094695
3,-4,4,0.0,-2.675463,-2.675463,0.094695
3,-3,-4,0.0,2.675463,-2.006597,0.094695
3,-3,-3,0.0,2.006597,-2.006597,0.094695
3,-3,-2,0.0,1.337732,-2.006597,0.094695
3,-3,-1,0.0,0.668866,-2.006597,0.094695
3,-3,0,0.0,-0.000000,-2.006597,0.094695
3,-3,1,0.0,-0.668866,-2.006597,0.094695
3,-3,2,0.0,-1.337732,-2.006597,0.094695
3,-3,3,0.0,-2.006597,-2.006597,0.094695
3,-3,4,0.0,-2.675463,-2.006597,0.094695
3,-2,-4,0.0,2.675463,-1.337732,0.094695
3,-2,-3,0.0,2.006597,-1.337732,0.094695
3,-2,-2,0.0,1.337732,-1.337732,0.094695
3,-2,-1,0.0,0.668866,-1.337732,0.094695
3,-2,0,0.0,-0.000000,-1.337732,0.094695
3,-2,1,0.0,-0.668866,-1.337732,0.094695
3,-2,2,0.0,-1.337732,-1.337732,0.094695
3,-2,3,0.0,-2.006597,-1.337732,0.094695
3,-2,4,0.0,-2.675463,-1.337732,0.094695
3,-1,-4,0.0,2.675463,-0.668866,0.094695
3,-1,-3,0.0,2.006597,-0.668866,0.094695
3,-1,-2,0.0,1.337732,-0.668866,0.094695
3,-1,-1,0.0,0.668866,-0.668866,0.094695
3,-1,0,0.0,-0.000000,-0.668866,0.094695
3,-1,1,0.0,-0.668866,-0.668866,0.094695
3,-1,2,0.0,-1.337732,-0.668866,0.094695
3,-1,3,0.0,-2.006597,-0.668866,0.094695
3,-1,4,0.0,-2.675463,-0.668866,0.094695
3,0,-4,0.0,2.675463,0.000000,0.094695
3,0,-3,0.0,2.006597,0.000000,0.094695
3,0,-2,0.0,1.337732,0.000000,0.094695
3,0,-1,0.0,0.668866,0.000000,0.094695
3,0,0,0.0,-0.000000,0.000000,0.094695
3,0,1,0.0,-0.668866,0.000000,0.094695
3,0,2,0.0,-1.337732,0.000000,0.094695
3,0,3,0.0,-2.006597,0.000000,0.094695
3,0,4,0.0,-2.675463,0.000000,0.094695
3,1,-4,0.0,2.675463,0.668866,0.094695
3,1,-3,0.0,2.006597,0.668866,0.094695
3,1,-2,0.0,1.337732,0.668866,0.094695
3,1,-1,0.0,0.668866,0.668866,0.094695
3,1,0,0.0,-0.000000,0.668866,0.094695
3,1,1,0.0,-0.668866,0.668866,0.094695
3,1,2,0.0,-1.337732,0.668866,0.094695
3,1,3,0.0,-2.006597,0.668866,0.094695
3,1,4,0.0,-2.675463,0.668866,0.094695
3,2,-4,0.0,2.675463,1.337732,0.094695
3,2,-3,0.0,2.006597,1.337732,0.094695
3,2,-2,0.0,1.337732,1.337732,0.094695
3,2,-1,0.0,0.668866,1.337732,0.094695
3,2,0,0.0,-0.000000,1.337732,0.094695
3,2,1,0.0,-0.668866,1.337732,0.094695
3,2,2,0.0,-1.337732,1.337732,0.094695
3,2,3,0.0,-2.006597,1.337732,0.094695
3,2,4,0.0,-2.675463,1.337732,0.094695
3,3,-4,0.0,2.675463,2.006597,0.094695
3,3,-3,0.0,2.006597,2.006597,0.094695
3,3,-2,0.0,1.337732,2.006597,0.094695
3,3,-1,0.0,0.668866,2.006597,0.094695
3,3,0,0.0,-0.000000,2.006597,0.094695
3,3,1,0.0,-0.668866,2.006597,0.094695
3,3,2,0.0,-1.337732,2.006597,0.094695
3,3,3,0.0,-2.006597,2.006597,0.094695
3,3,4,0.0,-2.675463,2.006597,0.094695
3,4,-4,0.0,2.675463,2.675463,0.094695
3,4,-3,0.0,2.006597,2.675463,0.094695
3,4,-2,0.0,1.337732,2.675463,0.094695
3,4,-1,0.0,0.668866,2.675463,0.094695
3,4,0,0.0,-0.000000,2.675463,0.094695
3,4,1,0.0,-0.668866,2.675463,0.094695
3,4,2,0.0,-1.337732,2.675463,0.094695
3,4,3,0.0,-2.006597,2.675463,0.094695
3,4,4,0.0,-2.675463,2.675463,0.094695
3,-4,-4,1.0,2.675463,-2.675463,0.094695
3,-4,-3,1.0,2.006597,-2.675463,0.094695
3,-4,-2,1.0,1.337732,-2.675463,0.094695
3,-4,-1,1.0,0.668866,-2.675463,0.094695
3,-4,0,1.0,-0.000000,-2.675463,0.094695
3,-4,1,1.0,-0.668866,-2.675463,0.094695
3,-4,2,1.0,-1.337732,-2.675463,0.094695
3,-4,3,1.0,-2.006597,-2.675463,0.094695
3,-4,4,1.0,-2.675463,-2.675463,0.094695
3,-3,-4,1.0,2.675463,-2.006597,0.094695
3,-3,-3,1.0,2.006597,-2.006597,0.094695
3,-3,-2,1.0,1.337732,-2.006597,0.094695
3,-3,-1,1.0,0.668866,-2.006597,0.094695
3,-3,0,1.0,-0.000000,-2.006597,0.094695
3,-3,1,1.0,-0.668866,-2.006597,0.094695
3,-3,2,1.0,-1.337732,-2.006597,0.094695
3,-3,3,1.0,-2.006597,-2.006597,0.094695
3,-3,4,1.0,-2.675463,-2.006597,0.094695
3,-2,-4,1.0,2.675463,-1.337732,0.094695
3,-2,-3,1.0,2.006597,-1.337732,0.094695
3,-2,-2,1.0,1.337732,-1.337732,0.094695
3,-2,-1,1.0,0.668866,-1.337732,0.094695
3,-2,0,1.0,-0.000000,-1.337732,0.094695
3,-2,1,1.0,-0.668866,-1.337732,0.094695
3,-2,2,1.0,-1.337732,-1.337732,0.094695
3,-2,3,1.0,-2.006597,-1.337732,0.094695
3,-2,4,1.0,-2.675463,-1.337732,0.094695
3,-1,-4,1.0,2.675463,-0.668866,0.094695
3,-1,-3,1.0,2.006597,-0.668866,0.094695
3,-1,-2,1.0,1.337732,-0.668866,0.094695
3,-1,-1,1.0,0.668866,-0.668866,0.094695
3,-1,0,1.0,-0.000000,-0.668866,0.094695
3,-1,1,1.0,-0.668866,-0.668866,0.094695
3,-1,2,1.0,-1.337732,-0.668866,0.094695
3,-1,3,1.0,-2.006597,-0.668866,0.094695
3,-1,4,1.0,-2.675463,-0.668866,0.094695
3,0,-4,1.0,2.675463,0.000000,0.094695
3,0,-3,1.0,2.006597,0.000000,0.094695
3,0,-2,1.0,1.337732,0.000000,0.094695
3,0,-1,1.0,0.668866,0.000000,0.094695
3,0,0,1.0,-0.000000,0.000000,0.094695
3,0,1,1.0,-0.668866,0.000000,0.094695
3,0,2,1.0,-1.337732,0.000000,0.094695
3,0,3,1.0,-2.006597,0.000000,0.094695
3,0,4,1.0,-2.675463,0.000000,0.094695
3,1,-4,1.0,2.675463,0.668866,0.094695
3,1,-3,1.0,2.006597,0.668866,0.094695
3,1,-2,1.0,1.337732,0.668866,0.094695
3,1,-1,1.0,0.668866,0.668866,0.094695
3,1,0,1.0,-0.000000,0.668866,0.094695
3,1,1,1.0,-0.668866,0.668866,0.094695
3,1,2,1.0,-1.337732,0.668866,0.094695
3,1,3,1.0,-2.006597,0.668866,0.094695
3,1,4,1.0,-2.675463,0.668866,0.094695
3,2,-4,1.0,2.675463,1.337732,0.094695
3,2,-3,1.0,2.006597,1.337732,0.094695
3,2,-2,1.0,1.337732,1.337732,0.094695
3,2,-1,1.0,0.668866,1.337732,0.094695
3,2,0,1.0,-0.000000,1.337732,0.094695
3,2,1,1.0,-0.668866,1.337732,0.094695
3,2,2,1.0,-1.337732,1.337732,0.094695
3,2,3,1.0,-2.006597,1.337732,0.094695
3,2,4,1.0,-2.675463,1.337732,0.094695
3,3,-4,1.0,2.675463,2.006597,0.094695
3,3,-3,1.0,2.006597,2.006597,0.094695
3,3,-2,1.0,1.337732,2.006597,0.094695
3,3,-1,1.0,0.668866,2.006597,0.094695
3,3,0,1.0,-0.000000,2.006597,0.094695
3,3,1,1.0,-0.668866,2.006597,0.094695
3,3,2,1.0,-1.337732,2.006597,0.094695
3,3,3,1.0,-2.006597,2.006597,0.094695
3,3,4,1.0,-2.675463,2.006597,0.094695
3,4,-4,1.0,2.675463,2.675463,0.094695
3,4,-3,1.0,2.006597,2.675463,0.094695
3,4,-2,1.0,1.337732,2.675463,0.094695
3,4,-1,1.0,0.668866,2.675463,0.094695
3,4,0,1.0,-0.000000,2.675463,0.094695
3,4,1,1.0,-0.668866,2.675463,0.094695
3,4,2,1.0,-1.337732,2.675463,0.094695
3,4,3,1.0,-2.006597,2.675463,0.094695
3,4,4,1.0,-2.675463,2.675463,0.094695
3,-4,-4,2.0,2.675463,-2.675463,0.094695
3,-4,-3,2.0,2.006597,-2.675463,0.094695
3,-4,-2,2.0,1.337732,-2.675463,0.094695
3,-4,-1,2.0,0.668866,-2.675463,0.094695
3,-4,0,2.0,-0.000000,-2.675463,0.094695
3,-4,1,2.0,-0.668866,-2.675463,0.094695
3,-4,2,2.0,-1.337732,-2.675463,0.094695
3,-4,3,2.0,-2.006597,-2.675463,0.094695
3,-4,4,2.0,-2.675463,-2.675463,0.094695
3,-3,-4,2.0,2.675463,-2.006597,0.094695
3,-3,-3,2.0,2.006597,-2.006597,0.094695
3,-3,-2,2.0,1.337732,-2.006597,0.094695
3,-3,-1,2.0,0.668866,-2.006597,0.094695
3,-3,0,2.0,-0.000000,-2.006597,0.094695
3,-3,1,2.0,-0.668866,-2.006597,0.094695
3,-3,2,2.0,-1.337732,-2.006597,0.094695
3,-3,3,2.0,-2.006597,-2.006597,0.094695
3,-3,4,2.0,-2.675463,-2.006597,0.094695
3,-2,-4,2.0,2.675463,-1.337732,0.094695
3,-2,-3,2.0,2.006597,-1.337732,0.094695
3,-2,-2,2.0,1.337732,-1.337732,0.094695
3,-2,-1,2.0,0.668866,-1.337732,0.094695
3,-2,0,2.0,-0.000000,-1.337732,0.094695
3,-2,1,2.0,-0.668866,-1.337732,0.094695
3,-2,2,2.0,-1.337732,-1.337732,0.094695
3,-2,3,2.0,-2.006597,-1.337732,0.094695
3,-2,4,2.0,-2.675463,-1.337732,0.094695
3,-1,-4,2.0,2.675463,-0.668866,0.094695
3,-1,-3,2.0,2.006597,-0.668866,0.094695
3,-1,-2,2.0,1.337732,-0.668866,0.094695
3,-1,-1,2.0,0.668866,-0.668866,0.094695
3,-1,0,2.0,-0.000000,-0.668866,0.094695
3,-1,1,2.0,-0.668866,-0.668866,0.094695
3,-1,2,2.0,-1.337732,-0.668866,0.094695
3,-1,3,2.0,-2.006597,-0.668866,0.094695
3,-1,4,2.0,-2.675463,-0.668866,0.094695
3,0,-4,2.0,2.675463,0.000000,0.094695
3,0,-3,2.0,2.006597,0.000000,0.094695
3,0,-2,2.0,1.337732,0.000000,0.094695
3,0,-1,2.0,0.668866,0.000000,0.094695
3,0,0,2.0,-0.000000,0.000000,0.094695
3,0,1,2.0,-0.668866,0.000000,0.094695
3,0,2,2.0,-1.337732,0.000000,0.094695
3,0,3,2.0,-2.006597,0.000000,0.094695
3,0,4,2.0,-2.675463,0.000000,0.094695
3,1,-4,2.0,2.675463,0.668866,0.094695
3,1,-3,2.0,2.006597,0.668866,0.094695
3,1,-2,2.0,1.337732,0.668866,0.094695
3,1,-1,2.0,0.668866,0.668866,0.094695
3,1,0,2.0,-0.000000,0.668866,0.094695
3,1,1,2.0,-0.668866,0.668866,0.094695
3,1,2,2.0,-1.337732,0.668866,0.094695
3,1,3,2.0,-2.006597,0.668866,0.094695
3,1,4,2.0,-2.675463,0.668866,0.094695
3,2,-4,2.0,2.675463,1.337732,0.094695
3,2,-3,2.0,2.006597,1.337732,0.094695
3,2,-2,2.0,1.337732,1.337732,0.094695
3,2,-1,2.0,0.668866,1.337732,0.094695
3,2,0,2.0,-0.000000,1.337732,0.094695
3,2,1,2.0,-0.668866,1.337732,0.094695
3,2,2,2.0,-1.337732,1.337732,0.094695
3,2,3,2.0,-2.006597,1.337732,0.094695
3,2,4,2.0,-2.675463,1.337732,0.094695
3,3,-4,2.0,2.675463,2.006597,0.094695
3,3,-3,2.0,2.006597,2.006597,0.094695
3,3,-2,2.0,1.337732,2.006597,0.094695
3,3,-1,2.0,0.668866,2.006597,0.094695
3,3,0,2.0,-0.000000,2.006597,0.094695
3,3,1,2.0,-0.668866,2.006597,0.094695
3,3,2,2.0,-1.337732,2.006597,0.094695
3,3,3,2.0,-2.006597,2.006597,0.094695
3,3,4,2.0,-2.675463,2.006597,0.094695
3,4,-4,2.0,2.675463,2.675463,0.094695
3,4,-3,2.0,2.006597,2.675463,0.094695
3,4,-2,2.0,1.337732,2.675463,0.094695
3,4,-1,2.0,0.668866,2.675463,0.094695
3,4,0,2.0,-0.000000,2.675463,0.094695
3,4,1,2.0,-0.668866,2.675463,0.094695
3,4,2,2.0,-1.337732,2.675463,0.094695
3,4,3,2.0,-2.006597,2.675463,0.094695
3,4,4,2.0,-2.675463,2.675463,0.094695
3,-4,-4,3.0,2.675463,-2.675463,0.094695
3,-4,-3,3.0,2.006597,-2.675463,0.094695
3,-4,-2,3.0,1.337732,-2.675463,0.094695
3,-4,-1,3.0,0.668866,-2.675463,0.094695
3,-4,0,3.0,-0.000000,-2.675463,0.094695
3,-4,1,3.0,-0.668866,-2.675463,0.094695
3,-4,2,3.0,-1.337732,-2.675463,0.094695
3,-4,3,3.0,-2.006597,-2.675463,0.094695
3,-4,4,3.0,-2.675463,-2.675463,0.094695
3,-3,-4,3.0,2.675463,-2.006597,0.094695
3,-3,-3,3.0,2.006597,-2.006597,0.094695
3,-3,-2,3.0,1.337732,-2.006597,0.094695
3,-3,-1,3.0,0.668866,-2.006597,0.094695
3,-3,0,3.0,-0.000000,-2.006597,0.094695
3,-3,1,3.0,-0.668866,-2.006597,0.094695
3,-3,2,3.0,-1.337732,-2.006597,0.094695
3,-3,3,3.0,-2.006597,-2.006597,0.094695
3,-3,4,3.0,-2.675463,-2.006597,0.094695
3,-2,-4,3.0,2.675463,-1.337732,0.094695
3,-2,-3,3.0,2.006597,-1.337732,0.094695
3,-2,-2,3.0,1.337732,-1.337732,0.094695
3,-2,-1,3.0,0.668866,-1.337732,0.094695
3,-2,0,3.0,-0.000000,-1.337732,0.094695
3,-2,1,3.0,-0.668866,-1.337732,0.094695
3,-2,2,3.0,-1.337732,-1.337732,0.094695
3,-2,3,3.0,-2.006597,-1.337732,0.094695
3,-2,4,3.0,-2.675463,-1.337732,0.094695
3,-1,-4,3.0,2.675463,-0.668866,0.094695
3,-1,-3,3.0,2.006597,-0.668866,0.094695
3,-1,-2,3.0,1.337732,-0.668866,0.094695
3,-1,-1,3.0,0.668866,-0.668866,0.094695
3,-1,0,3.0,-0.000000,-0.668866,0.094695
3,-1,1,3.0,-0.668866,-0.668866,0.094695
3,-1,2,3.0,-1.337732,-0.668866,0.094695
3,-1,3,3.0,-2.006597,-0.668866,0.094695
3,-1,4,3.0,-2.675463,-0.668866,0.094695
3,0,-4,3.0,2.675463,0.000000,0.094695
3,0,-3,3.0,2.006597,0.000000,0.094695
3,0,-2,3.0,1.337732,0.000000,0.094695
3,0,-1,3.0,0.668866,0.000000,0.094695
3,0,0,3.0,-0.000000,0.000000,0.094695
3,0,1,3.0,-0.668866,0.000000,0.094695
3,0,2,3.0,-1.337732,0.000000,0.094695
3,0,3,3.0,-2.006597,0.000000,0.094695
3,0,4,3.0,-2.675463,0.000000,0.094695
3,1,-4,3.0,2.675463,0.668866,0.094695
3,1,-3,3.0,2.006597,0.668866,0.094695
3,1,-2,3.0,1.337732,0.668866,0.094695
3,1,-1,3.0,0.668866,0.668866,0.094695
3,1,0,3.0,-0.000000,0.668866,0.094695
3,1,1,3.0,-0.668866,0.668866,0.094695
3,1,2,3.0,-1.337732,0.668866,0.094695
3,1,3,3.0,-2.006597,0.668866,0.094695
3,1,4,3.0,-2.675463,0.668866,0.094695
3,2,-4,3.0,2.675463,1.337732,0.094695
3,2,-3,3.0,2.006597,1.337732,0.094695
3,2,-2,3.0,1.337732,1.337732,0.094695
3,2,-1,3.0,0.668866,1.337732,0.094695
3,2,0,3.0,-0.000000,1.337732,0.094695
3,2,1,3.0,-0.668866,1.337732,0.094695
3,2,2,3.0,-1.337732,1.337732,0.094695
3,2,3,3.0,-2.006597,1.337732,0.094695
3,2,4,3.0,-2.675463,1.337732,0.094695
3,3,-4,3.0,2.675463,2.006597,0.094695
3,3,-3,3.0,2.006597,2.006597,0.094695
3,3,-2,3.0,1.337732,2.006597,0.094695
3,3,-1,3.0,0.668866,2.006597,0.094695
3,3,0,3.0,-0.000000,2.006597,0.094695
3,3,1,3.0,-0.668866,2.006597,0.094695
3,3,2,3.0,-1.337732,2.006597,0.094695
3,3,3,3.0,-2.006597,2.006597,0.094695
3,3,4,3.0,-2.675463,2.006597,0.094695
3,4,-4,3.0,2.675463,2.675463,0.094695
3,4,-3,3.0,2.006597,2.675463,0.094695
3,4,-2,3.0,1.337732,2.675463,0.094695
3,4,-1,3.0,0.668866,2.675463,0.094695
3,4,0,3.0,-0.000000,2.675463,0.094695
3,4,1,3.0,-0.668866,2.675463,0.094695
3,4,2,3.0,-1.337732,2.675463,0.094695
3,4,3,3.0,-2.006597,2.675463,0.094695
3,4,4,3.0,-2.675463,2.675463,0.094695
4,-4,-4,0.0,1.941626,-1.941626,0.075128
4,-4,-3,0.0,1.456219,-1.941626,0.075128
4,-4,-2,0.0,0.970813,-1.941626,0.075128
4,-4,-1,0.0,0.485406,-1.941626,0.075128
4,-4,0,0.0,-0.000000,-1.941626,0.075128
4,-4,1,0.0,-0.485406,-1.941626,0.075128
4,-4,2,0.0,-0.970813,-1.941626,0.075128
4,-4,3,0.0,-1.456219,-1.941626,0.075128
4,-4,4,0.0,-1.941626,-1.941626,0.075128
4,-3,-4,0.0,1.941626,-1.456219,0.075128
4,-3,-3,0.0,1.456219,-1.456219,0.075128
4,-3,-2,0.0,0.970813,-1.456219,0.075128
4,-3,-1,0.0,0.485406,-1.456219,0.075128
4,-3,0,0.0,-0.000000,-1.456219,0.075128
4,-3,1,0.0,-0.485406,-1.456219,0.075128
4,-3,2,0.0,-0.970813,-1.456219,0.075128
4,-3,3,0.0,-1.456219,-1.456219,0.075128
4,-3,4,0.0,-1.941626,-1.456219,0.075128
4,-2,-4,0.0,1.941626,-0.970813,0.075128
4,-2,-3,0.0,1.456219,-0.970813,0.075128
4,-2,-2,0.0,0.970813,-0.970813,0.075128
4,-2,-1,0.0,0.485406,-0.970813,0.075128
4,-2,0,0.0,-0.000000,-0.970813,0.075128
4,-2,1,0.0,-0.485406,-0.970813,0.075128
4,-2,2,0.0,-0.970813,-0.970813,0.075128
4,-2,3,0.0,-1.456219,-0.970813,0.075128
4,-2,4,0.0,-1.941626,-0.970813,0.075128
4,-1,-4,0.0,1.941626,-0.485406,0.075128
4,-1,-3,0.0,1.456219,-0.485406,0.075128
4,-1,-2,0.0,0.970813,-0.485406,0.075128
4,-1,-1,0.0,0.485406,-0.485406,0.075128
4,-1,0,0.0,-0.000000,-0.485406,0.075128
4,-1,1,0.0,-0.485406,-0.485406,0.075128
4,-1,2,0.0,-0.970813,-0.485406,0.075128
4,-1,3,0.0,-1.456219,-0.485406,0.075128
4,-1,4,0.0,-1.941626,-0.485406,0.075128
4,0,-4,0.0,1.941626,0.000000,0.075128
4,0,-3,0.0,1.456219,0.000000,0.075128
4,0,-2,0.0,0.970813,0.000000,0.075128
4,0,-1,0.0,0.485406,0.000000,0.075128
4,0,0,0.0,-0.000000,0.000000,0.075128
4,0,1,0.0,-0.485406,0.000000,0.075128
4,0,2,0.0,-0.970813,0.000000,0.075128
4,0,3,0.0,-1.456219,0.000000,0.075128
4,0,4,0.0,-1.941626,0.000000,0.075128
4,1,-4,0.0,1.941626,0.485406,0.075128
4,1,-3,0.0,1.456219,0.485406,0.075128
4,1,-2,0.0,0.970813,0.485406,0.075128
4,1,-1,0.0,0.485406,0.485406,0.075128
4,1,0,0.0,-0.000000,0.485406,0.075128
4,1,1,0.0,-0.485406,0.485406,0.075128
4,1,2,0.0,-0.970813,0.485406,0.075128
4,1,3,0.0,-1.456219,0.485406,0.075128
4,1,4,0.0,-1.941626,0.485406,0.075128
4,2,-4,0.0,1.941626,0.970813,0.075128
4,2,-3,0.0,1.456219,0.970813,0.075128
4,2,-2,0.0,0.970813,0.970813,0.075128
4,2,-1,0.0,0.485406,0.970813,0.075128
4,2,0,0.0,-0.000000,0.970813,0.075128
4,2,1,0.0,-0.485406,0.970813,0.075128
4,2,2,0.0,-0.970813,0.970813,0.075128
4,2,3,0.0,-1.456219,0.970813,0.075128
4,2,4,0.0,-1.941626,0.970813,0.075128
4,3,-4,0.0,1.941626,1.456219,0.075128
4,3,-3,0.0,1.456219,1.456219,0.075128
4,3,-2,0.0,0.970813,1.456219,0.075128
4,3,-1,0.0,0.485406,1.456219,0.075128
4,3,0,0.0,-0.000000,1.456219,0.075128
4,3,1,0.0,-0.485406,1.456219,0.075128
4,3,2,0.0,-0.970813,1.456219,0.075128
4,3,3,0.0,-1.456219,1.456219,0.075128
4,3,4,0.0,-1.941626,1.456219,0.075128
4,4,-4,0.0,1.941626,1.941626,0.075128
4,4,-3,0.0,1.456219,1.941626,0.075128
4,4,-2,0.0,0.970813,1.941626,0.075128
4,4,-1,0.0,0.485406,1.941626,0.075128
4,4,0,0.0,-0.000000,1.941626,0.075128
4,4,1,0.0,-0.485406,1.941626,0.075128
4,4,2,0.0,-0.970813,1.941626,0.075128
4,4,3,0.0,-1.456219,1.941626,0.075128
4,4,4,0.0,-1.941626,1.941626,0.075128
4,-4,-4,1.0,1.941626,-1.941626,0.075128
4,-4,-3,1.0,1.456219,-1.941626,0.075128
4,-4,-2,1.0,0.970813,-1.941626,0.075128
4,-4,-1,1.0,0.485406,-1.941626,0.075128
4,-4,0,1.0,-0.000000,-1.941626,0.075128
4,-4,1,1.0,-0.485406,-1.941626,0.075128
4,-4,2,1.0,-0.970813,-1.941626,0.075128
4,-4,3,1.0,-1.456219,-1.941626,0.075128
4,-4,4,1.0,-1.941626,-1.941626,0.075128
4,-3,-4,1.0,1.941626,-1.456219,0.075128
4,-3,-3,1.0,1.456219,-1.456219,0.075128
4,-3,-2,1.0,0.970813,-1.456219,0.075128
4,-3,-1,1.0,0.485406,-1.456219,0.075128
4,-3,0,1.0,-0.000000,-1.456219,0.075128
4,-3,1,1.0,-0.485406,-1.456219,0.075128
4,-3,2,1.0,-0.970813,-1.456219,0.075128
4,-3,3,1.0,-1.456219,-1.456219,0.075128
4,-3,4,1.0,-1.941626,-1.456219,0.075128
4,-2,-4,1.0,1.941626,-0.970813,0.075128
4,-2,-3,1.0,1.456219,-0.970813,0.075128
4,-2,-2,1.0,0.970813,-0.970813,0.075128
4,-2,-1,1.0,0.485406,-0.970813,0.075128
4,-2,0,1.0,-0.000000,-0.970813,0.075128
4,-2,1,1.0,-0.485406,-0.970813,0.075128
4,-2,2,1.0,-0.970813,-0.970813,0.075128
4,-2,3,1.0,-1.456219,-0.970813,0.075128
4,-2,4,1.0,-1.941626,-0.970813,0.075128
4,-1,-4,1.0,1.941626,-0.485406,0.075128
4,-1,-3,1.0,1.456219,-0.485406,0.075128
4,-1,-2,1.0,0.970813,-0.485406,0.075128
4,-1,-1,1.0,0.485406,-0.485406,0.075128
4,-1,0,1.0,-0.000000,-0.485406,0.075128
4,-1,1,1.0,-0.485406,-0.485406,0.075128
4,-1,2,1.0,-0.970813,-0.485406,0.075128
4,-1,3,1.0,-1.456219,-0.485406,0.075128
4,-1,4,1.0,-1.941626,-0.485406,0.075128
4,0,-4,1.0,1.941626,0.000000,0.075128
4,0,-3,1.0,1.456219,0.000000,0.075128
4,0,-2,1.0,0.970813,0.000000,0.075128
4,0,-1,1.0,0.485406,0.000000,0.075128
4,0,0,1.0,-0.000000,0.000000,0.075128
4,0,1,1.0,-0.485406,0.000000,0.075128
4,0,2,1.0,-0.970813,0.000000,0.075128
4,0,3,1.0,-1.456219,0.000000,0.075128
4,0,4,1.0,-1.941626,0.000000,0.075128
4,1,-4,1.0,1.941626,0.485406,0.075128
4,1,-3,1.0,1.456219,0.485406,0.075128
4,1,-2,1.0,0.970813,0.485406,0.075128
4,1,-1,1.0,0.485406,0.485406,0.075128
4,1,0,1.0,-0.000000,0.485406,0.075128
4,1,1,1.0,-0.485406,0.485406,0.075128
4,1,2,1.0,-0.970813,0.485406,0.075128
4,1,3,1.0,-1.456219,0.485406,0.075128
4,1,4,1.0,-1.941626,0.485406,0.075128
4,2,-4,1.0,1.941626,0.970813,0.075128
4,2,-3,1.0,1.456219,0.970813,0.075128
4,2,-2,1.0,0.970813,0.970813,0.075128
4,2,-1,1.0,0.485406,0.970813,0.075128
4,2,0,1.0,-0.000000,0.970813,0.075128
4,2,1,1.0,-0.485406,0.970813,0.075128
4,2,2,1.0,-0.970813,0.970813,0.075128
4,2,3,1.0,-1.456219,0.970813,0.075128
4,2,4,1.0,-1.941626,0.970813,0.075128
4,3,-4,1.0,1.941626,1.456219,0.075128
4,3,-3,1.0,1.456219,1.456219,0.075128
4,3,-2,1.0,0.970813,1.456219,0.075128
4,3,-1,1.0,0.485406,1.456219,0.075128
4,3,0,1.0,-0.000000,1.456219,0.075128
4,3,1,1.0,-0.485406,1.456219,0.075128
4,3,2,1.0,-0.970813,1.456219,0.075128
4,3,3,1.0,-1.456219,1.456219,0.075128
4,3,4,1.0,-1.941626,1.456219,0.075128
4,4,-4,1.0,1.941626,1.941626,0.075128
4,4,-3,1.0,1.456219,1.941626,0.075128
4,4,-2,1.0,0.970813,1.941626,0.075128
4,4,-1,1.0,0.485406,1.941626,0.075128
4,4,0,1.0,-0.000000,1.941626,0.075128
4,4,1,1.0,-0.485406,1.941626,0.075128
4,4,2,1.0,-0.970813,1.941626,0.075128
4,4,3,1.0,-1.456219,1.941626,0.075128
4,4,4,1.0,-1.941626,1.941626,0.075128
4,-4,-4,2.0,1.941626,-1.941626,0.075128
4,-4,-3,2.0,1.456219,-1.941626,0.075128
4,-4,-2,2.0,0.970813,-1.941626,0.075128
4,-4,-1,2.0,0.485406,-1.941626,0.075128
4,-4,0,2.0,-0.000000,-1.941626,0.075128
4,-4,1,2.0,-0.485406,-1.941626,0.075128
4,-4,2,2.0,-0.970813,-1.941626,0.075128
4,-4,3,2.0,-1.456219,-1.941626,0.075128
4,-4,4,2.0,-1.941626,-1.941626,0.075128
4,-3,-4,2.0,1.941626,-1.456219,0.075128
4,-3,-3,2.0,1.456219,-1.456219,0.075128
4,-3,-2,2.0,0.970813,-1.456219,0.075128
4,-3,-1,2.0,0.485406,-1.456219,0.075128
4,-3,0,2.0,-0.000000,-1.456219,0.075128
4,-3,1,2.0,-0.485406,-1.456219,0.075128
4,-3,2,2.0,-0.970813,-1.456219,0.075128
4,-3,3,2.0,-1.456219,-1.456219,0.075128
4,-3,4,2.0,-1.941626,-1.456219,0.075128
4,-2,-4,2.0,1.941626,-0.970813,0.075128
4,-2,-3,2.0,1.456219,-0.970813,0.075128
4,-2,-2,2.0,0.970813,-0.970813,0.075128
4,-2,-1,2.0,0.485406,-0.970813,0.075128
4,-2,0,2.0,-0.000000,-0.970813,0.075128
4,-2,1,2.0,-0.485406,-0.970813,0.075128
4,-2,2,2.0,-0.970813,-0.970813,0.075128
4,-2,3,2.0,-1.456219,-0.970813,0.075128
4,-2,4,2.0,-1.941626,-0.970813,0.075128
4,-1,-4,2.0,1.941626,-0.485406,0.075128
4,-1,-3,2.0,1.456219,-0.485406,0.075128
4,-1,-2,2.0,0.970813,-0.485406,0.075128
4,-1,-1,2.0,0.485406,-0.485406,0.075128
4,-1,0,2.0,-0.000000,-0.485406,0.075128
4,-1,1,2.0,-0.485406,-0.485406,0.075128
4,-1,2,2.0,-0.970813,-0.485406,0.075128
4,-1,3,2.0,-1.456219,-0.485406,0.075128
4,-1,4,2.0,-1.941626,-0.485406,0.075128
4,0,-4,2.0,1.941626,0.000000,0.075128
4,0,-3,2.0,1.456219,0.000000,0.075128
4,0,-2,2.0,0.970813,0.000000,0.075128
4,0,-1,2.0,0.485406,0.000000,0.075128
4,0,0,2.0,-0.000000,0.000000,0.075128
4,0,1,2.0,-0.485406,0.000000,0.075128
4,0,2,2.0,-0.970813,0.000000,0.075128
4,0,3,2.0,-1.456219,0.000000,0.075128
4,0,4,2.0,-1.941626,0.000000,0.075128
4,1,-4,2.0,1.941626,0.485406,0.075128
4,1,-3,2.0,1.456219,0.485406,0.075128
4,1,-2,2.0,0.970813,0.485406,0.075128
4,1,-1,2.0,0.485406,0.485406,0.075128
4,1,0,2.0,-0.000000,0.485406,0.075128
4,1,1,2.0,-0.485406,0.485406,0.075128
4,1,2,2.0,-0.970813,0.485406,0.075128
4,1,3,2.0,-1.456219,0.485406,0.075128
4,1,4,2.0,-1.941626,0.485406,0.075128
4,2,-4,2.0,1.941626,0.970813,0.075128
4,2,-3,2.0,1.456219,0.970813,0.075128
4,2,-2,2.0,0.970813,0.970813,0.075128
4,2,-1,2.0,0.485406,0.970813,0.075128
4,2,0,2.0,-0.000000,0.970813,0.075128
4,2,1,2.0,-0.485406,0.970813,0.075128
4,2,2,2.0,-0.970813,0.970813,0.075128
4,2,3,2.0,-1.456219,0.970813,0.075128
4,2,4,2.0,-1.941626,0.970813,0.075128
4,3,-4,2.0,1.941626,1.456219,0.075128
4,3,-3,2.0,1.456219,1.456219,0.075128
4,3,-2,2.0,0.970813,1.456219,0.075128
4,3,-1,2.0,0.485406,1.456219,0.075128
4,3,0,2.0,-0.000000,1.456219,0.075128
4,3,1,2.0,-0.485406,1.456219,0.075128
4,3,2,2.0,-0.970813,1.456219,0.075128
4,3,3,2.0,-1.456219,1.456219,0.075128
4,3,4,2.0,-1.941626,1.456219,0.075128
4,4,-4,2.0,1.941626,1.941626,0.075128
4,4,-3,2.0,1.456219,1.941626,0.075128
4,4,-2,2.0,0.970813,1.941626,0.075128
4,4,-1,2.0,0.485406,1.941626,0.075128
4,4,0,2.0,-0.000000,1.941626,0.075128
4,4,1,2.0,-0.485406,1.941626,0.075128
4,4,2,2.0,-0.970813,1.941626,0.075128
4,4,3,2.0,-1.456219,1.941626,0.075128
4,4,4,2.0,-1.941626,1.941626,0.075128
4,-4,-4,3.0,1.941626,-1.941626,0.075128
4,-4,-3,3.0,1.456219,-1.941626,0.075128
4,-4,-2,3.0,0.970813,-1.941626,0.075128
4,-4,-1,3.0,0.485406,-1.941626,0.075128
4,-4,0,3.0,-0.000000,-1.941626,0.075128
4,-4,1,3.0,-0.485406,-1.941626,0.075128
4,-4,2,3.0,-0.970813,-1.941626,0.075128
4,-4,3,3.0,-1.456219,-1.941626,0.075128
4,-4,4,3.0,-1.941626,-1.941626,0.075128
4,-3,-4,3.0,1.941626,-1.456219,0.075128
4,-3,-3,3.0,1.456219,-1.456219,0.075128
4,-3,-2,3.0,0.970813,-1.456219,0.075128
4,-3,-1,3.0,0.485406,-1.456219,0.075128
4,-3,0,3.0,-0.000000,-1.456219,0.075128
4,-3,1,3.0,-0.485406,-1.456219,0.075128
4,-3,2,3.0,-0.970813,-1.456219,0.075128
4,-3,3,3.0,-1.456219,-1.456219,0.075128
4,-3,4,3.0,-1.941626,-1.456219,0.075128
4,-2,-4,3.0,1.941626,-0.970813,0.075128
4,-2,-3,3.0,1.456219,-0.970813,0.075128
4,-2,-2,3.0,0.970813,-0.970813,0.075128
4,-2,-1,3.0,0.485406,-0.970813,0.075128
4,-2,0,3.0,-0.000000,-0.970813,0.075128
4,-2,1,3.0,-0.485406,-0.970813,0.075128
4,-2,2,3.0,-0.970813,-0.970813,0.075128
4,-2,3,3.0,-1.456219,-0.970813,0.075128
4,-2,4,3.0,-1.941626,-0.970813,0.075128
4,-1,-4,3.0,1.941626,-0.485406,0.075128
4,-1,-3,3.0,1.456219,-0.485406,0.075128
4,-1,-2,3.0,0.970813,-0.485406,0.075128
4,-1,-1,3.0,0.485406,-0.485406,0.075128
4,-1,0,3.0,-0.000000,-0.485406,0.075128
4,-1,1,3.0,-0.485406,-0.485406,0.075128
4,-1,2,3.0,-0.970813,-0.485406,0.075128
4,-1,3,3.0,-1.456219,-0.485406,0.075128
4,-1,4,3.0,-1.941626,-0.485406,0.075128
4,0,-4,3.0,1.941626,0.000000,0.075128
4,0,-3,3.0,1.456219,0.000000,0.075128
4,0,-2,3.0,0.970813,0.000000,0.075128
4,0,-1,3.0,0.485406,0.000000,0.075128
4,0,0,3.0,-0.000000,0.000000,0.075128
4,0,1,3.0,-0.485406,0.000000,0.075128
4,0,2,3.0,-0.970813,0.000000,0.075128
4,0,3,3.0,-1.456219,0.000000,0.075128
4,0,4,3.0,-1.941626,0.000000,0.075128
4,1,-4,3.0,1.941626,0.485406,0.075128
4,1,-3,3.0,1.456219,0.485406,0.075128
4,1,-2,3.0,0.970813,0.485406,0.075128
4,1,-1,3.0,0.485406,0.485406,0.075128
4,1,0,3.0,-0.000000,0.485406,0.075128
4,1,1,3.0,-0.485406,0.485406,0.075128
4,1,2,3.0,-0.970813,0.485406,0.075128
4,1,3,3.0,-1.456219,0.485406,0.075128
4,1,4,3.0,-1.941626,0.485406,0.075128
4,2,-4,3.0,1.941626,0.970813,0.075128
4,2,-3,3.0,1.456219,0.970813,0.075128
4,2,-2,3.0,0.970813,0.970813,0.075128
4,2,-1,3.0,0.485406,0.970813,0.075128
4,2,0,3.0,-0.000000,0.970813,0.075128
4,2,1,3.0,-0.485406,0.970813,0.075128
4,2,2,3.0,-0.970813,0.970813,0.075128
4,2,3,3.0,-1.456219,0.970813,0.075128
4,2,4,3.0,-1.941626,0.970813,0.075128
4,3,-4,3.0,1.941626,1.456219,0.075128
4,3,-3,3.0,1.456219,1.456219,0.075128
4,3,-2,3.0,0.970813,1.456219,0.075128
4,3,-1,3.0,0.485406,1.456219,0.075128
4,3,0,3.0,-0.000000,1.456219,0.075128
4,3,1,3.0,-0.485406,1.456219,0.075128
4,3,2,3.0,-0.970813,1.456219,0.075128
4,3,3,3.0,-1.456219,1.456219,0.075128
4,3,4,3.0,-1.941626,1.456219,0.075128
4,4,-4,3.0,1.941626,1.941626,0.075128
4,4,-3,3.0,1.456219,1.941626,0.075128
4,4,-2,3.0,0.970813,1.941626,0.075128
4,4,-1,3.0,0.485406,1.941626,0.075128
4,4,0,3.0,-0.000000,1.941626,0.075128
4,4,1,3.0,-0.485406,1.941626,0.075128
4,4,2,3.0,-0.970813,1.941626,0.075128
4,4,3,3.0,-1.456219,1.941626,0.075128
4,4,4,3.0,-1.941626,1.941626,0.075128
5,-4,-4,0.0,1.243198,-1.243198,0.100977
5,-4,-3,0.0,0.932398,-1.243198,0.100977
5,-4,-2,0.0,0.621599,-1.243198,0.100977
5,-4,-1,0.0,0.310799,-1.243198,0.100977
5,-4,0,0.0,-0.000000,-1.243198,0.100977
5,-4,1,0.0,-0.310799,-1.243198,0.100977
5,-4,2,0.0,-0.621599,-1.243198,0.100977
5,-4,3,0.0,-0.932398,-1.243198,0.100977
5,-4,4,0.0,-1.243198,-1.243198,0.100977
5,-3,-4,0.0,1.243198,-0.932398,0.100977
5,-3,-3,0.0,0.932398,-0.932398,0.100977
5,-3,-2,0.0,0.621599,-0.932398,0.100977
5,-3,-1,0.0,0.310799,-0.932398,0.100977
5,-3,0,0.0,-0.000000,-0.932398,0.100977
5,-3,1,0.0,-0.310799,-0.932398,0.100977
5,-3,2,0.0,-0.621599,-0.932398,0.100977
5,-3,3,0.0,-0.932398,-0.932398,0.100977
5,-3,4,0.0,-1.243198,-0.932398,0.100977
5,-2,-4,0.0,1.243198,-0.621599,0.100977
5,-2,-3,0.0,0.932398,-0.621599,0.100977
5,-2,-2,0.0,0.621599,-0.621599,0.100977
5,-2,-1,0.0,0.310799,-0.621599,0.100977
5,-2,0,0.0,-0.000000,-0.621599,0.100977
5,-2,1,0.0,-0.310799,-0.621599,0.100977
5,-2,2,0.0,-0.621599,-0.621599,0.100977
5,-2,3,0.0,-0.932398,-0.621599,0.100977
5,-2,4,0.0,-1.243198,-0.621599,0.100977
5,-1,-4,0.0,1.243198,-0.310799,0.100977
5,-1,-3,0.0,0.932398,-0.310799,0.100977
5,-1,-2,0.0,0.621599,-0.310799,0.100977
5,-1,-1,0.0,0.310799,-0.310799,0.100977
5,-1,0,0.0,-0.000000,-0.310799,0.100977
5,-1,1,0.0,-0.310799,-0.310799,0.100977
5,-1,2,0.0,-0.621599,-0.310799,0.100977
5,-1,3,0.0,-0.932398,-0.310799,0.100977
5,-1,4,0.0,-1.243198,-0.310799,0.100977
5,0,-4,0.0,1.243198,0.000000,0.100977
5,0,-3,0.0,0.932398,0.000000,0.100977
5,0,-2,0.0,0.621599,0.000000,0.100977
5,0,-1,0.0,0.310799,0.000000,0.100977
5,0,0,0.0,-0.000000,0.000000,0.100977
5,0,1,0.0,-0.310799,0.000000,0.100977
5,0,2,0.0,-0.621599,0.000000,0.100977
5,0,3,0.0,-0.932398,0.000000,0.100977
5,0,4,0.0,-1.243198,0.000000,0.100977
5,1,-4,0.0,1.243198,0.310799,0.100977
5,1,-3,0.0,0.932398,0.310799,0.100977
5,1,-2,0.0,0.621599,0.310799,0.100977
5,1,-1,0.0,0.310799,0.310799,0.100977
5,1,0,0.0,-0.000000,0.310799,0.100977
5,1,1,0.0,-0.310799,0.310799,0.100977
5,1,2,0.0,-0.621599,0.310799,0.100977
5,1,3,0.0,-0.932398,0.310799,0.100977
5,1,4,0.0,-1.243198,0.310799,0.100977
5,2,-4,0.0,1.243198,0.621599,0.100977
5,2,-3,0.0,0.932398,0.621599,0.100977
5,2,-2,0.0,0.621599,0.621599,0.100977
5,2,-1,0.0,0.310799,0.621599,0.100977
5,2,0,0.0,-0.000000,0.621599,0.100977
5,2,1,0.0,-0.310799,0.621599,0.100977
5,2,2,0.0,-0.621599,0.621599,0.100977
5,2,3,0.0,-0.932398,0.621599,0.100977
5,2,4,0.0,-1.243198,0.621599,0.100977
5,3,-4,0.0,1.243198,0.932398,0.100977
5,3,-3,0.0,0.932398,0.932398,0.100977
5,3,-2,0.0,0.621599,0.932398,0.100977
5,3,-1,0.0,0.310799,0.932398,0.100977
5,3,0,0.0,-0.000000,0.932398,0.100977
5,3,1,0.0,-0.310799,0.932398,0.100977
5,3,2,0.0,-0.621599,0.932398,0.100977
5,3,3,0.0,-0.932398,0.932398,0.100977
5,3,4,0.0,-1.243198,0.932398,0.100977
5,4,-4,0.0,1.243198,1.243198,0.100977
5,4,-3,0.0,0.932398,1.243198,0.100977
5,4,-2,0.0,0.621599,1.243198,0.100977
5,4,-1,0.0,0.310799,1.243198,0.100977
5,4,0,0.0,-0.000000,1.243198,0.100977
5,4,1,0.0,-0.310799,1.243198,0.100977
5,4,2,0.0,-0.621599,1.243198,0.100977
5,4,3,0.0,-0.932398,1.243198,0.100977
5,4,4,0.0,-1.243198,1.243198,0.100977
5,-4,-4,1.0,1.243198,-1.243198,0.100977
5,-4,-3,1.0,0.932398,-1.243198,0.100977
5,-4,-2,1.0,0.621599,-1.243198,0.100977
5,-4,-1,1.0,0.310799,-1.243198,0.100977
5,-4,0,1.0,-0.000000,-1.243198,0.100977
5,-4,1,1.0,-0.310799,-1.243198,0.100977
5,-4,2,1.0,-0.621599,-1.243198,0.100977
5,-4,3,1.0,-0.932398,-1.243198,0.100977
5,-4,4,1.0,-1.243198,-1.243198,0.100977
5,-3,-4,1.0,1.243198,-0.932398,0.100977
5,-3,-3,1.0,0.932398,-0.932398,0.100977
5,-3,-2,1.0,0.621599,-0.932398,0.100977
5,-3,-1,1.0,0.310799,-0.932398,0.100977
5,-3,0,1.0,-0.000000,-0.932398,0.100977
5,-3,1,1.0,-0.310799,-0.932398,0.100977
5,-3,2,1.0,-0.621599,-0.932398,0.100977
5,-3,3,1.0,-0.932398,-0.932398,0.100977
5,-3,4,1.0,-1.243198,-0.932398,0.100977
5,-2,-4,1.0,1.243198,-0.621599,0.100977
5,-2,-3,1.0,0.932398,-0.621599,0.100977
5,-2,-2,1.0,0.621599,-0.621599,0.100977
5,-2,-1,1.0,0.310799,-0.621599,0.100977
5,-2,0,1.0,-0.000000,-0.621599,0.100977
5,-2,1,1.0,-0.310799,-0.621599,0.100977
5,-2,2,1.0,-0.621599,-0.621599,0.100977
5,-2,3,1.0,-0.932398,-0.621599,0.100977
5,-2,4,1.0,-1.243198,-0.621599,0.100977
5,-1,-4,1.0,1.243198,-0.310799,0.100977
5,-1,-3,1.0,0.932398,-0.310799,0.100977
5,-1,-2,1.0,0.621599,-0.310799,0.100977
5,-1,-1,1.0,0.310799,-0.310799,0.100977
5,-1,0,1.0,-0.000000,-0.310799,0.100977
5,-1,1,1.0,-0.310799,-0.310799,0.100977
5,-1,2,1.0,-0.621599,-0.310799,0.100977
5,-1,3,1.0,-0.932398,-0.310799,0.100977
5,-1,4,1.0,-1.243198,-0.310799,0.100977
5,0,-4,1.0,1.243198,0.000000,0.100977
5,0,-3,1.0,0.932398,0.000000,0.100977
5,0,-2,1.0,0.621599,0.000000,0.100977
5,0,-1,1.0,0.310799,0.000000,0.100977
5,0,0,1.0,-0.000000,0.000000,0.100977
5,0,1,1.0,-0.310799,0.000000,0.100977
5,0,2,1.0,-0.621599,0.000000,0.100977
5,0,3,1.0,-0.932398,0.000000,0.100977
5,0,4,1.0,-1.243198,0.000000,0.100977
5,1,-4,1.0,1.243198,0.310799,0.100977
5,1,-3,1.0,0.932398,0.310799,0.100977
5,1,-2,1.0,0.621599,0.310799,0.100977
5,1,-1,1.0,0.310799,0.310799,0.100977
5,1,0,1.0,-0.000000,0.310799,0.100977
5,1,1,1.0,-0.310799,0.310799,0.100977
5,1,2,1.0,-0.621599,0.310799,0.100977
5,1,3,1.0,-0.932398,0.310799,0.100977
5,1,4,1.0,-1.243198,0.310799,0.100977
5,2,-4,1.0,1.243198,0.621599,0.100977
5,2,-3,1.0,0.932398,0.621599,0.100977
5,2,-2,1.0,0.621599,0.621599,0.100977
5,2,-1,1.0,0.310799,0.621599,0.100977
5,2,0,1.0,-0.000000,0.621599,0.100977
5,2,1,1.0,-0.310799,0.621599,0.100977
5,2,2,1.0,-0.621599,0.621599,0.100977
5,2,3,1.0,-0.932398,0.621599,0.100977
5,2,4,1.0,-1.243198,0.621599,0.100977
5,3,-4,1.0,1.243198,0.932398,0.100977
5,3,-3,1.0,0.932398,0.932398,0.100977
5,3,-2,1.0,0.621599,0.932398,0.100977
5,3,-1,1.0,0.310799,0.932398,0.100977
5,3,0,1.0,-0.000000,0.932398,0.100977
5,3,1,1.0,-0.310799,0.932398,0.100977
5,3,2,1.0,-0.621599,0.932398,0.100977
5,3,3,1.0,-0.932398,0.932398,0.100977
5,3,4,1.0,-1.243198,0.932398,0.100977
5,4,-4,1.0,1.243198,1.243198,0.100977
5,4,-3,1.0,0.932398,1.243198,0.100977
5,4,-2,1.0,0.621599,1.243198,0.100977
5,4,-1,1.0,0.310799,1.243198,0.100977
5,4,0,1.0,-0.000000,1.243198,0.100977
5,4,1,1.0,-0.310799,1.243198,0.100977
5,4,2,1.0,-0.621599,1.243198,0.100977
5,4,3,1.0,-0.932398,1.243198,0.100977
5,4,4,1.0,-1.243198,1.243198,0.100977
5,-4,-4,2.0,1.243198,-1.243198,0.100977
5,-4,-3,2.0,0.932398,-1.243198,0.100977
5,-4,-2,2.0,0.621599,-1.243198,0.100977
5,-4,-1,2.0,0.310799,-1.243198,0.100977
5,-4,0,2.0,-0.000000,-1.243198,0.100977
5,-4,1,2.0,-0.310799,-1.243198,0.100977
5,-4,2,2.0,-0.621599,-1.243198,0.100977
5,-4,3,2.0,-0.932398,-1.243198,0.100977
5,-4,4,2.0,-1.243198,-1.243198,0.100977
5,-3,-4,2.0,1.243198,-0.932398,0.100977
5,-3,-3,2.0,0.932398,-0.932398,0.100977
5,-3,-2,2.0,0.621599,-0.932398,0.100977
5,-3,-1,2.0,0.310799,-0.932398,0.100977
5,-3,0,2.0,-0.000000,-0.932398,0.100977
5,-3,1,2.0,-0.310799,-0.932398,0.100977
5,-3,2,2.0,-0.621599,-0.932398,0.100977
5,-3,3,2.0,-0.932398,-0.932398,0.100977
5,-3,4,2.0,-1.243198,-0.932398,0.100977
5,-2,-4,2.0,1.243198,-0.621599,0.100977
5,-2,-3,2.0,0.932398,-0.621599,0.100977
5,-2,-2,2.0,0.621599,-0.621599,0.100977
5,-2,-1,2.0,0.310799,-0.621599,0.100977
5,-2,0,2.0,-0.000000,-0.621599,0.100977
5,-2,1,2.0,-0.310799,-0.621599,0.100977
5,-2,2,2.0,-0.621599,-0.621599,0.100977
5,-2,3,2.0,-0.932398,-0.621599,0.100977
5,-2,4,2.0,-1.243198,-0.621599,0.100977
5,-1,-4,2.0,1.243198,-0.310799,0.100977
5,-1,-3,2.0,0.932398,-0.310799,0.100977
5,-1,-2,2.0,0.621599,-0.310799,0.100977
5,-1,-1,2.0,0.310799,-0.310799,0.100977
5,-1,0,2.0,-0.000000,-0.310799,0.100977
5,-1,1,2.0,-0.310799,-0.310799,0.100977
5,-1,2,2.0,-0.621599,-0.310799,0.100977
5,-1,3,2.0,-0.932398,-0.310799,0.100977
5,-1,4,2.0,-1.243198,-0.310799,0.100977
5,0,-4,2.0,1.243198,0.000000,0.100977
5,0,-3,2.0,0.932398,0.000000,0.100977
5,0,-2,2.0,0.621599,0.000000,0.100977
5,0,-1,2.0,0.310799,0.000000,0.100977
5,0,0,2.0,-0.000000,0.000000,0.100977
5,0,1,2.0,-0.310799,0.000000,0.100977
5,0,2,2.0,-0.621599,0.000000,0.100977
5,0,3,2.0,-0.932398,0.000000,0.100977
5,0,4,2.0,-1.243198,0.000000,0.100977
5,1,-4,2.0,1.243198,0.310799,0.100977
5,1,-3,2.0,0.932398,0.310799,0.100977
5,1,-2,2.0,0.621599,0.310799,0.100977
5,1,-1,2.0,0.310799,0.310799,0.100977
5,1,0,2.0,-0.000000,0.310799,0.100977
5,1,1,2.0,-0.310799,0.310799,0.100977
5,1,2,2.0,-0.621599,0.310799,0.100977
5,1,3,2.0,-0.932398,0.310799,0.100977
5,1,4,2.0,-1.243198,0.310799,0.100977
5,2,-4,2.0,1.243198,0.621599,0.100977
5,2,-3,2.0,0.932398,0.621599,0.100977
5,2,-2,2.0,0.621599,0.621599,0.100977
5,2,-1,2.0,0.310799,0.621599,0.100977
5,2,0,2.0,-0.000000,0.621599,0.100977
5,2,1,2.0,-0.310799,0.621599,0.100977
5,2,2,2.0,-0.621599,0.621599,0.100977
5,2,3,2.0,-0.932398,0.621599,0.100977
5,2,4,2.0,-1.243198,0.621599,0.100977
5,3,-4,2.0,1.243198,0.932398,0.100977
5,3,-3,2.0,0.932398,0.932398,0.100977
5,3,-2,2.0,0.621599,0.932398,0.100977
5,3,-1,2.0,0.310799,0.932398,0.100977
5,3,0,2.0,-0.000000,0.932398,0.100977
5,3,1,2.0,-0.310799,0.932398,0.100977
5,3,2,2.0,-0.621599,0.932398,0.100977
5,3,3,2.0,-0.932398,0.932398,0.100977
5,3,4,2.0,-1.243198,0.932398,0.100977
5,4,-4,2.0,1.243198,1.243198,0.100977
5,4,-3,2.0,0.932398,1.243198,0.100977
5,4,-2,2.0,0.621599,1.243198,0.100977
5,4,-1,2.0,0.310799,1.243198,0.100977
5,4,0,2.0,-0.000000,1.243198,0.100977
5,4,1,2.0,-0.310799,1.243198,0.100977
5,4,2,2.0,-0.621599,1.243198,0.100977
5,4,3,2.0,-0.932398,1.243198,0.100977
5,4,4,2.0,-1.243198,1.243198,0.100977
5,-4,-4,3.0,1.243198,-1.243198,0.100977
5,-4,-3,3.0,0.932398,-1.243198,0.100977
5,-4,-2,3.0,0.621599,-1.243198,0.100977
5,-4,-1,3.0,0.310799,-1.243198,0.100977
5,-4,0,3.0,-0.000000,-1.243198,0.100977
5,-4,1,3.0,-0.310799,-1.243198,0.100977
5,-4,2,3.0,-0.621599,-1.243198,0.100977
5,-4,3,3.0,-0.932398,-1.243198,0.100977
5,-4,4,3.0,-1.243198,-1.243198,0.100977
5,-3,-4,3.0,1.243198,-0.932398,0.100977
5,-3,-3,3.0,0.932398,-0.932398,0.100977
5,-3,-2,3.0,0.621599,-0.932398,0.100977
5,-3,-1,3.0,0.310799,-0.932398,0.100977
5,-3,0,3.0,-0.000000,-0.932398,0.100977
5,-3,1,3.0,-0.310799,-0.932398,0.100977
5,-3,2,3.0,-0.621599,-0.932398,0.100977
5,-3,3,3.0,-0.932398,-0.932398,0.100977
5,-3,4,3.0,-1.243198,-0.932398,0.100977
5,-2,-4,3.0,1.243198,-0.621599,0.100977
5,-2,-3,3.0,0.932398,-0.621599,0.100977
5,-2,-2,3.0,0.621599,-0.621599,0.100977
5,-2,-1,3.0,0.310799,-0.621599,0.100977
5,-2,0,3.0,-0.000000,-0.621599,0.100977
5,-2,1,3.0,-0.310799,-0.621599,0.100977
5,-2,2,3.0,-0.621599,-0.621599,0.100977
5,-2,3,3.0,-0.932398,-0.621599,0.100977
5,-2,4,3.0,-1.243198,-0.621599,0.100977
5,-1,-4,3.0,1.243198,-0.310799,0.100977
5,-1,-3,3.0,0.932398,-0.310799,0.100977
5,-1,-2,3.0,0.621599,-0.310799,0.100977
5,-1,-1,3.0,0.310799,-0.310799,0.100977
5,-1,0,3.0,-0.000000,-0.310799,0.100977
5,-1,1,3.0,-0.310799,-0.310799,0.100977
5,-1,2,3.0,-0.621599,-0.310799,0.100977
5,-1,3,3.0,-0.932398,-0.310799,0.100977
5,-1,4,3.0,-1.243198,-0.310799,0.100977
5,0,-4,3.0,1.243198,0.000000,0.100977
5,0,-3,3.0,0.932398,0.000000,0.100977
5,0,-2,3.0,0.621599,0.000000,0.100977
5,0,-1,3.0,0.310799,0.000000,0.100977
5,0,0,3.0,-0.000000,0.000000,0.100977
5,0,1,3.0,-0.310799,0.000000,0.100977
5,0,2,3.0,-0.621599,0.000000,0.100977
5,0,3,3.0,-0.932398,0.000000,0.100977
5,0,4,3.0,-1.243198,0.000000,0.100977
5,1,-4,3.0,1.243198,0.310799,0.100977
5,1,-3,3.0,0.932398,0.310799,0.100977
5,1,-2,3.0,0.621599,0.310799,0.100977
5,1,-1,3.0,0.310799,0.310799,0.100977
5,1,0,3.0,-0.000000,0.310799,0.100977
5,1,1,3.0,-0.310799,0.310799,0.100977
5,1,2,3.0,-0.621599,0.310799,0.100977
5,1,3,3.0,-0.932398,0.310799,0.100977
5,1,4,3.0,-1.243198,0.310799,0.100977
5,2,-4,3.0,1.243198,0.621599,0.100977
5,2,-3,3.0,0.932398,0.621599,0.100977
5,2,-2,3.0,0.621599,0.621599,0.100977
5,2,-1,3.0,0.310799,0.621599,0.100977
5,2,0,3.0,-0.000000,0.621599,0.100977
5,2,1,3.0,-0.310799,0.621599,0.100977
5,2,2,3.0,-0.621599,0.621599,0.100977
5,2,3,3.0,-0.932398,0.621599,0.100977
5,2,4,3.0,-1.243198,0.621599,0.100977
5,3,-4,3.0,1.243198,0.932398,0.100977
5,3,-3,3.0,0.932398,0.932398,0.100977
5,3,-2,3.0,0.621599,0.932398,0.100977
5,3,-1,3.0,0.310799,0.932398,0.100977
5,3,0,3.0,-0.000000,0.932398,0.100977
5,3,1,3.0,-0.310799,0.932398,0.100977
5,3,2,3.0,-0.621599,0.932398,0.100977
5,3,3,3.0,-0.932398,0.932398,0.100977
5,3,4,3.0,-1.243198,0.932398,0.100977
5,4,-4,3.0,1.243198,1.243198,0.100977
5,4,-3,3.0,0.932398,1.243198,0.100977
5,4,-2,3.0,0.621599,1.243198,0.100977
5,4,-1,3.0,0.310799,1.243198,0.100977
5,4,0,3.0,-0.000000,1.243198,0.100977
5,4,1,3.0,-0.310799,1.243198,0.100977
5,4,2,3.0,-0.621599,1.243198,0.100977
5,4,3,3.0,-0.932398,1.243198,0.100977
5,4,4,3.0,-1.243198,1.243198,0.100977
6,-4,-4,0.0,1.003835,-1.003835,0.156562
6,-4,-3,0.0,0.752877,-1.003835,0.156562
6,-4,-2,0.0,0.501918,-1.003835,0.156562
6,-4,-1,0.0,0.250959,-1.003835,0.156562
6,-4,0,0.0,-0.000000,-1.003835,0.156562
6,-4,1,0.0,-0.250959,-1.003835,0.156562
6,-4,2,0.0,-0.501918,-1.003835,0.156562
6,-4,3,0.0,-0.752877,-1.003835,0.156562
6,-4,4,0.0,-1.003835,-1.003835,0.156562
6,-3,-4,0.0,1.003835,-0.752877,0.156562
6,-3,-3,0.0,0.752877,-0.752877,0.156562
6,-3,-2,0.0,0.501918,-0.752877,0.156562
6,-3,-1,0.0,0.250959,-0.752877,0.156562
6,-3,0,0.0,-0.000000,-0.752877,0.156562
6,-3,1,0.0,-0.250959,-0.752877,0.156562
6,-3,2,0.0,-0.501918,-0.752877,0.156562
6,-3,3,0.0,-0.752877,-0.752877,0.156562
6,-3,4,0.0,-1.003835,-0.752877,0.156562
6,-2,-4,0.0,1.003835,-0.501918,0.156562
6,-2,-3,0.0,0.752877,-0.501918,0.156562
6,-2,-2,0.0,0.501918,-0.501918,0.156562
6,-2,-1,0.0,0.250959,-0.501918,0.156562
6,-2,0,0.0,-0.000000,-0.501918,0.156562
6,-2,1,0.0,-0.250959,-0.501918,0.156562
6,-2,2,0.0,-0.501918,-0.501918,0.156562
6,-2,3,0.0,-0.752877,-0.501918,0.156562
6,-2,4,0.0,-1.003835,-0.501918,0.156562
6,-1,-4,0.0,1.003835,-0.250959,0.156562
6,-1,-3,0.0,0.752877,-0.250959,0.156562
6,-1,-2,0.0,0.501918,-0.250959,0.156562
6,-1,-1,0.0,0.250959,-0.250959,0.156562
6,-1,0,0.0,-0.000000,-0.250959,0.156562
6,-1,1,0.0,-0.250959,-0.250959,0.156562
6,-1,2,0.0,-0.501918,-0.250959,0.156562
6,-1,3,0.0,-0.752877,-0.250959,0.156562
6,-1,4,0.0,-1.003835,-0.250959,0.156562
6,0,-4,0.0,1.003835,0.000000,0.156562
6,0,-3,0.0,0.752877,0.000000,0.156562
6,0,-2,0.0,0.501918,0.000000,0.156562
6,0,-1,0.0,0.250959,0.000000,0.156562
6,0,0,0.0,-0.000000,0.000000,0.156562
6,0,1,0.0,-0.250959,0.000000,0.156562
6,0,2,0.0,-0.501918,0.000000,0.156562
6,0,3,0.0,-0.752877,0.000000,0.156562
6,0,4,0.0,-1.003835,0.000000,0.156562
6,1,-4,0.0,1.003835,0.250959,0.156562
6,1,-3,0.0,0.752877,0.250959,0.156562
6,1,-2,0.0,0.501918,0.250959,0.156562
6,1,-1,0.0,0.250959,0.250959,0.156562
6,1,0,0.0,-0.000000,0.250959,0.156562
6,1,1,0.0,-0.250959,0.250959,0.156562
6,1,2,0.0,-0.501918,0.250959,0.156562
6,1,3,0.0,-0.752877,0.250959,0.156562
6,1,4,0.0,-1.003835,0.250959,0.156562
6,2,-4,0.0,1.003835,0.501918,0.156562
6,2,-3,0.0,0.752877,0.501918,0.156562
6,2,-2,0.0,0.501918,0.501918,0.156562
6,2,-1,0.0,0.250959,0.501918,0.156562
6,2,0,0.0,-0.000000,0.501918,0.156562
6,2,1,0.0,-0.250959,0.501918,0.156562
6,2,2,0.0,-0.501918,0.501918,0.156562
6,2,3,0.0,-0.752877,0.501918,0.156562
6,2,4,0.0,-1.003835,0.501918,0.156562
6,3,-4,0.0,1.003835,0.752877,0.156562
6,3,-3,0.0,0.752877,0.752877,0.156562
6,3,-2,0.0,0.501918,0.752877,0.156562
6,3,-1,0.0,0.250959,0.752877,0.156562
6,3,0,0.0,-0.000000,0.752877,0.156562
6,3,1,0.0,-0.250959,0.752877,0.156562
6,3,2,0.0,-0.501918,0.752877,0.156562
6,3,3,0.0,-0.752877,0.752877,0.156562
6,3,4,0.0,-1.003835,0.752877,0.156562
6,4,-4,0.0,1.003835,1.003835,0.156562
6,4,-3,0.0,0.752877,1.003835,0.156562
6,4,-2,0.0,0.501918,1.003835,0.156562
6,4,-1,0.0,0.250959,1.003835,0.156562
6,4,0,0.0,-0.000000,1.003835,0.156562
6,4,1,0.0,-0.250959,1.003835,0.156562
6,4,2,0.0,-0.501918,1.003835,0.156562
6,4,3,0.0,-0.752877,1.003835,0.156562
6,4,4,0.0,-1.003835,1.003835,0.156562
6,-4,-4,1.0,1.003835,-1.003835,0.156562
6,-4,-3,1.0,0.752877,-1.003835,0.156562
6,-4,-2,1.0,0.501918,-1.003835,0.156562
6,-4,-1,1.0,0.250959,-1.003835,0.156562
6,-4,0,1.0,-0.000000,-1.003835,0.156562
6,-4,1,1.0,-0.250959,-1.003835,0.156562
6,-4,2,1.0,-0.501918,-1.003835,0.156562
6,-4,3,1.0,-0.752877,-1.003835,0.156562
6,-4,4,1.0,-1.003835,-1.003835,0.156562
6,-3,-4,1.0,1.003835,-0.752877,0.156562
6,-3,-3,1.0,0.752877,-0.752877,0.156562
6,-3,-2,1.0,0.501918,-0.752877,0.156562
6,-3,-1,1.0,0.250959,-0.752877,0.156562
6,-3,0,1.0,-0.000000,-0.752877,0.156562
6,-3,1,1.0,-0.250959,-0.752877,0.156562
6,-3,2,1.0,-0.501918,-0.752877,0.156562
6,-3,3,1.0,-0.752877,-0.752877,0.156562
6,-3,4,1.0,-1.003835,-0.752877,0.156562
6,-2,-4,1.0,1.003835,-0.501918,0.156562
6,-2,-3,1.0,0.752877,-0.501918,0.156562
6,-2,-2,1.0,0.501918,-0.501918,0.156562
6,-2,-1,1.0,0.250959,-0.501918,0.156562
6,-2,0,1.0,-0.000000,-0.501918,0.156562
6,-2,1,1.0,-0.250959,-0.501918,0.156562
6,-2,2,1.0,-0.501918,-0.501918,0.156562
6,-2,3,1.0,-0.752877,-0.501918,0.156562
6,-2,4,1.0,-1.003835,-0.501918,0.156562
6,-1,-4,1.0,1.003835,-0.250959,0.156562
6,-1,-3,1.0,0.752877,-0.250959,0.156562
6,-1,-2,1.0,0.501918,-0.250959,0.156562
6,-1,-1,1.0,0.250959,-0.250959,0.156562
6,-1,0,1.0,-0.000000,-0.250959,0.156562
6,-1,1,1.0,-0.250959,-0.250959,0.156562
6,-1,2,1.0,-0.501918,-0.250959,0.156562
6,-1,3,1.0,-0.752877,-0.250959,0.156562
6,-1,4,1.0,-1.003835,-0.250959,0.156562
6,0,-4,1.0,1.003835,0.000000,0.156562
6,0,-3,1.0,0.752877,0.000000,0.156562
6,0,-2,1.0,0.501918,0.000000,0.156562
6,0,-1,1.0,0.250959,0.000000,0.156562
6,0,0,1.0,-0.000000,0.000000,0.156562
6,0,1,1.0,-0.250959,0.000000,0.156562
6,0,2,1.0,-0.501918,0.000000,0.156562
6,0,3,1.0,-0.752877,0.000000,0.156562
6,0,4,1.0,-1.003835,0.000000,0.156562
6,1,-4,1.0,1.003835,0.250959,0.156562
6,1,-3,1.0,0.752877,0.250959,0.156562
6,1,-2,1.0,0.501918,0.250959,0.156562
6,1,-1,1.0,0.250959,0.250959,0.156562
6,1,0,1.0,-0.000000,0.250959,0.156562
6,1,1,1.0,-0.250959,0.250959,0.156562
6,1,2,1.0,-0.501918,0.250959,0.156562
6,1,3,1.0,-0.752877,0.250959,0.156562
6,1,4,1.0,-1.003835,0.250959,0.156562
6,2,-4,1.0,1.003835,0.501918,0.156562
6,2,-3,1.0,0.752877,0.501918,0.156562
6,2,-2,1.0,0.501918,0.501918,0.156562
6,2,-1,1.0,0.250959,0.501918,0.156562
6,2,0,1.0,-0.000000,0.501918,0.156562
6,2,1,1.0,-0.250959,0.501918,0.156562
6,2,2,1.0,-0.501918,0.501918,0.156562
6,2,3,1.0,-0.752877,0.501918,0.156562
6,2,4,1.0,-1.003835,0.501918,0.156562
6,3,-4,1.0,1.003835,0.752877,0.156562
6,3,-3,1.0,0.752877,0.752877,0.156562
6,3,-2,1.0,0.501918,0.752877,0.156562
6,3,-1,1.0,0.250959,0.752877,0.156562
6,3,0,1.0,-0.000000,0.752877,0.156562
6,3,1,1.0,-0.250959,0.752877,0.156562
6,3,2,1.0,-0.501918,0.752877,0.156562
6,3,3,1.0,-0.752877,0.752877,0.156562
6,3,4,1.0,-1.003835,0.752877,0.156562
6,4,-4,1.0,1.003835,1.003835,0.156562
6,4,-3,1.0,0.752877,1.003835,0.156562
6,4,-2,1.0,0.501918,1.003835,0.156562
6,4,-1,1.0,0.250959,1.003835,0.156562
6,4,0,1.0,-0.000000,1.003835,0.156562
6,4,1,1.0,-0.250959,1.003835,0.156562
6,4,2,1.0,-0.501918,1.003835,0.156562
6,4,3,1.0,-0.752877,1.003835,0.156562
6,4,4,1.0,-1.003835,1.003835,0.156562
6,-4,-4,2.0,1.003835,-1.003835,0.156562
6,-4,-3,2.0,0.752877,-1.003835,0.156562
6,-4,-2,2.0,0.501918,-1.003835,0.156562
6,-4,-1,2.0,0.250959,-1.003835,0.156562
6,-4,0,2.0,-0.000000,-1.003835,0.156562
6,-4,1,2.0,-0.250959,-1.003835,0.156562
6,-4,2,2.0,-0.501918,-1.003835,0.156562
6,-4,3,2.0,-0.752877,-1.003835,0.156562
6,-4,4,2.0,-1.003835,-1.003835,0.156562
6,-3,-4,2.0,1.003835,-0.752877,0.156562
6,-3,-3,2.0,0.752877,-0.752877,0.156562
6,-3,-2,2.0,0.501918,-0.752877,0.156562
6,-3,-1,2.0,0.250959,-0.752877,0.156562
6,-3,0,2.0,-0.000000,-0.752877,0.156562
6,-3,1,2.0,-0.250959,-0.752877,0.156562
6,-3,2,2.0,-0.501918,-0.752877,0.156562
6,-3,3,2.0,-0.752877,-0.752877,0.156562
6,-3,4,2.0,-1.003835,-0.752877,0.156562
6,-2,-4,2.0,1.003835,-0.501918,0.156562
6,-2,-3,2.0,0.752877,-0.501918,0.156562
6,-2,-2,2.0,0.501918,-0.501918,0.156562
6,-2,-1,2.0,0.250959,-0.501918,0.156562
6,-2,0,2.0,-0.000000,-0.501918,0.156562
6,-2,1,2.0,-0.250959,-0.501918,0.156562
6,-2,2,2.0,-0.501918,-0.501918,0.156562
6,-2,3,2.0,-0.752877,-0.501918,0.156562
6,-2,4,2.0,-1.003835,-0.501918,0.156562
6,-1,-4,2.0,1.003835,-0.250959,0.156562
6,-1,-3,2.0,0.752877,-0.250959,0.156562
6,-1,-2,2.0,0.501918,-0.250959,0.156562
6,-1,-1,2.0,0.250959,-0.250959,0.156562
6,-1,0,2.0,-0.000000,-0.250959,0.156562
6,-1,1,2.0,-0.250959,-0.250959,0.156562
6,-1,2,2.0,-0.501918,-0.250959,0.156562
6,-1,3,2.0,-0.752877,-0.250959,0.156562
6,-1,4,2.0,-1.003835,-0.250959,0.156562
6,0,-4,2.0,1.003835,0.000000,0.156562
6,0,-3,2.0,0.752877,0.000000,0.156562
6,0,-2,2.0,0.501918,0.000000,0.156562
6,0,-1,2.0,0.250959,0.000000,0.156562
6,0,0,2.0,-0.000000,0.000000,0.156562
6,0,1,2.0,-0.250959,0.000000,0.156562
6,0,2,2.0,-0.501918,0.000000,0.156562
6,0,3,2.0,-0.752877,0.000000,0.156562
6,0,4,2.0,-1.003835,0.000000,0.156562
6,1,-4,2.0,1.003835,0.250959,0.156562
6,1,-3,2.0,0.752877,0.250959,0.156562
6,1,-2,2.0,0.501918,0.250959,0.156562
6,1,-1,2.0,0.250959,0.250959,0.156562
6,1,0,2.0,-0.000000,0.250959,0.156562
6,1,1,2.0,-0.250959,0.250959,0.156562
6,1,2,2.0,-0.501918,0.250959,0.156562
6,1,3,2.0,-0.752877,0.250959,0.156562
6,1,4,2.0,-1.003835,0.250959,0.156562
6,2,-4,2.0,1.003835,0.501918,0.156562
6,2,-3,2.0,0.752877,0.501918,0.156562
6,2,-2,2.0,0.501918,0.501918,0.156562
6,2,-1,2.0,0.250959,0.501918,0.156562
6,2,0,2.0,-0.000000,0.501918,0.156562
6,2,1,2.0,-0.250959,0.501918,0.156562
6,2,2,2.0,-0.501918,0.501918,0.156562
6,2,3,2.0,-0.752877,0.501918,0.156562
6,2,4,2.0,-1.003835,0.501918,0.156562
6,3,-4,2.0,1.003835,0.752877,0.156562
6,3,-3,2.0,0.752877,0.752877,0.156562
6,3,-2,2.0,0.501918,0.752877,0.156562
6,3,-1,2.0,0.250959,0.752877,0.156562
6,3,0,2.0,-0.000000,0.752877,0.156562
6,3,1,2.0,-0.250959,0.752877,0.156562
6,3,2,2.0,-0.501918,0.752877,0.156562
6,3,3,2.0,-0.752877,0.752877,0.156562
6,3,4,2.0,-1.003835,0.752877,0.156562
6,4,-4,2.0,1.003835,1.003835,0.156562
6,4,-3,2.0,0.752877,1.003835,0.156562
6,4,-2,2.0,0.501918,1.003835,0.156562
6,4,-1,2.0,0.250959,1.003835,0.156562
6,4,0,2.0,-0.000000,1.003835,0.156562
6,4,1,2.0,-0.250959,1.003835,0.156562
6,4,2,2.0,-0.501918,1.003835,0.156562
6,4,3,2.0,-0.752877,1.003835,0.156562
6,4,4,2.0,-1.003835,1.003835,0.156562
6,-4,-4,3.0,1.003835,-1.003835,0.156562
6,-4,-3,3.0,0.752877,-1.003835,0.156562
6,-4,-2,3.0,0.501918,-1.003835,0.156562
6,-4,-1,3.0,0.250959,-1.003835,0.156562
6,-4,0,3.0,-0.000000,-1.003835,0.156562
6,-4,1,3.0,-0.250959,-1.003835,0.156562
6,-4,2,3.0,-0.501918,-1.003835,0.156562
6,-4,3,3.0,-0.752877,-1.003835,0.156562
6,-4,4,3.0,-1.003835,-1.003835,0.156562
6,-3,-4,3.0,1.003835,-0.752877,0.156562
6,-3,-3,3.0,0.752877,-0.752877,0.156562
6,-3,-2,3.0,0.501918,-0.752877,0.156562
6,-3,-1,3.0,0.250959,-0.752877,0.156562
6,-3,0,3.0,-0.000000,-0.752877,0.156562
6,-3,1,3.0,-0.250959,-0.752877,0.156562
6,-3,2,3.0,-0.501918,-0.752877,0.156562
6,-3,3,3.0,-0.752877,-0.752877,0.156562
6,-3,4,3.0,-1.003835,-0.752877,0.156562
6,-2,-4,3.0,1.003835,-0.501918,0.156562
6,-2,-3,3.0,0.752877,-0.501918,0.156562
6,-2,-2,3.0,0.501918,-0.501918,0.156562
6,-2,-1,3.0,0.250959,-0.501918,0.156562
6,-2,0,3.0,-0.000000,-0.501918,0.156562
6,-2,1,3.0,-0.250959,-0.501918,0.156562
6,-2,2,3.0,-0.501918,-0.501918,0.156562
6,-2,3,3.0,-0.752877,-0.501918,0.156562
6,-2,4,3.0,-1.003835,-0.501918,0.156562
6,-1,-4,3.0,1.003835,-0.250959,0.156562
6,-1,-3,3.0,0.752877,-0.250959,0.156562
6,-1,-2,3.0,0.501918,-0.250959,0.156562
6,-1,-1,3.0,0.250959,-0.250959,0.156562
6,-1,0,3.0,-0.000000,-0.250959,0.156562
6,-1,1,3.0,-0.250959,-0.250959,0.156562
6,-1,2,3.0,-0.501918,-0.250959,0.156562
6,-1,3,3.0,-0.752877,-0.250959,0.156562
6,-1,4,3.0,-1.003835,-0.250959,0.156562
6,0,-4,3.0,1.003835,0.000000,0.156562
6,0,-3,3.0,0.752877,0.000000,0.156562
6,0,-2,3.0,0.501918,0.000000,0.156562
6,0,-1,3.0,0.250959,0.000000,0.156562
6,0,0,3.0,-0.000000,0.000000,0.156562
6,0,1,3.0,-0.250959,0.000000,0.156562
6,0,2,3.0,-0.501918,0.000000,0.156562
6,0,3,3.0,-0.752877,0.000000,0.156562
6,0,4,3.0,-1.003835,0.000000,0.156562
6,1,-4,3.0,1.003835,0.250959,0.156562
6,1,-3,3.0,0.752877,0.250959,0.156562
6,1,-2,3.0,0.501918,0.250959,0.156562
6,1,-1,3.0,0.250959,0.250959,0.156562
6,1,0,3.0,-0.000000,0.250959,0.156562
6,1,1,3.0,-0.250959,0.250959,0.156562
6,1,2,3.0,-0.501918,0.250959,0.156562
6,1,3,3.0,-0.752877,0.250959,0.156562
6,1,4,3.0,-1.003835,0.250959,0.156562
6,2,-4,3.0,1.003835,0.501918,0.156562
6,2,-3,3.0,0.752877,0.501918,0.156562
6,2,-2,3.0,0.501918,0.501918,0.156562
6,2,-1,3.0,0.250959,0.501918,0.156562
6,2,0,3.0,-0.000000,0.501918,0.156562
6,2,1,3.0,-0.250959,0.501918,0.156562
6,2,2,3.0,-0.501918,0.501918,0.156562
6,2,3,3.0,-0.752877,0.501918,0.156562
6,2,4,3.0,-1.003835,0.501918,0.156562
6,3,-4,3.0,1.003835,0.752877,0.156562
6,3,-3,3.0,0.752877,0.752877,0.156562
6,3,-2,3.0,0.501918,0.752877,0.156562
6,3,-1,3.0,0.250959,0.752877,0.156562
6,3,0,3.0,-0.000000,0.752877,0.156562
6,3,1,3.0,-0.250959,0.752877,0.156562
6,3,2,3.0,-0.501918,0.752877,0.156562
6,3,3,3.0,-0.752877,0.752877,0.156562
6,3,4,3.0,-1.003835,0.752877,0.156562
6,4,-4,3.0,1.003835,1.003835,0.156562
6,4,-3,3.0,0.752877,1.003835,0.156562
6,4,-2,3.0,0.501918,1.003835,0.156562
6,4,-1,3.0,0.250959,1.003835,0.156562
6,4,0,3.0,-0.000000,1.003835,0.156562
6,4,1,3.0,-0.250959,1.003835,0.156562
6,4,2,3.0,-0.501918,1.003835,0.156562
6,4,3,3.0,-0.752877,1.003835,0.156562
6,4,4,3.0,-1.003835,1.003835,0.156562
7,-4,-4,0.0,1.368733,-1.368733,0.208167
7,-4,-3,0.0,1.026550,-1.368733,0.208167
7,-4,-2,0.0,0.684367,-1.368733,0.208167
7,-4,-1,0.0,0.342183,-1.368733,0.208167
7,-4,0,0.0,-0.000000,-1.368733,0.208167
7,-4,1,0.0,-0.342183,-1.368733,0.208167
7,-4,2,0.0,-0.684367,-1.368733,0.208167
7,-4,3,0.0,-1.026550,-1.368733,0.208167
7,-4,4,0.0,-1.368733,-1.368733,0.208167
7,-3,-4,0.0,1.368733,-1.026550,0.208167
7,-3,-3,0.0,1.026550,-1.026550,0.208167
7,-3,-2,0.0,0.684367,-1.026550,0.208167
7,-3,-1,0.0,0.342183,-1.026550,0.208167
7,-3,0,0.0,-0.000000,-1.026550,0.208167
7,-3,1,0.0,-0.342183,-1.026550,0.208167
7,-3,2,0.0,-0.684367,-1.026550,0.208167
7,-3,3,0.0,-1.026550,-1.026550,0.208167
7,-3,4,0.0,-1.368733,-1.026550,0.208167
7,-2,-4,0.0,1.368733,-0.684367,0.208167
7,-2,-3,0.0,1.026550,-0.684367,0.208167
7,-2,-2,0.0,0.684367,-0.684367,0.208167
7,-2,-1,0.0,0.342183,-0.684367,0.208167
7,-2,0,0.0,-0.000000,-0.684367,0.208167
7,-2,1,0.0,-0.342183,-0.684367,0.208167
7,-2,2,0.0,-0.684367,-0.684367,0.208167
7,-2,3,0.0,-1.026550,-0.684367,0.208167
7,-2,4,0.0,-1.368733,-0.684367,0.208167
7,-1,-4,0.0,1.368733,-0.342183,0.208167
7,-1,-3,0.0,1.026550,-0.342183,0.208167
7,-1,-2,0.0,0.684367,-0.342183,0.208167
7,-1,-1,0.0,0.342183,-0.342183,0.208167
7,-1,0,0.0,-0.000000,-0.342183,0.208167
7,-1,1,0.0,-0.342183,-0.342183,0.208167
7,-1,2,0.0,-0.684367,-0.342183,0.208167
7,-1,3,0.0,-1.026550,-0.342183,0.208167
7,-1,4,0.0,-1.368733,-0.342183,0.208167
7,0,-4,0.0,1.368733,0.000000,0.208167
7,0,-3,0.0,1.026550,0.000000,0.208167
7,0,-2,0.0,0.684367,0.000000,0.208167
7,0,-1,0.0,0.342183,0.000000,0.208167
7,0,0,0.0,-0.000000,0.000000,0.208167
7,0,1,0.0,-0.342183,0.000000,0.208167
7,0,2,0.0,-0.684367,0.000000,0.208167
7,0,3,0.0,-1.026550,0.000000,0.208167
7,0,4,0.0,-1.368733,0.000000,0.208167
7,1,-4,0.0,1.368733,0.342183,0.208167
7,1,-3,0.0,1.026550,0.342183,0.208167
7,1,-2,0.0,0.684367,0.342183,0.208167
7,1,-1,0.0,0.342183,0.342183,0.208167
7,1,0,0.0,-0.000000,0.342183,0.208167
7,1,1,0.0,-0.342183,0.342183,0.208167
7,1,2,0.0,-0.684367,0.342183,0.208167
7,1,3,0.0,-1.026550,0.342183,0.208167
7,1,4,0.0,-1.368733,0.342183,0.208167
7,2,-4,0.0,1.368733,0.684367,0.208167
7,2,-3,0.0,1.026550,0.684367,0.208167
7,2,-2,0.0,0.684367,0.684367,0.208167
7,2,-1,0.0,0.342183,0.684367,0.208167
7,2,0,0.0,-0.000000,0.684367,0.208167
7,2,1,0.0,-0.342183,0.684367,0.208167
7,2,2,0.0,-0.684367,0.684367,0.208167
7,2,3,0.0,-1.026550,0.684367,0.208167
7,2,4,0.0,-1.368733,0.684367,0.208167
7,3,-4,0.0,1.368733,1.026550,0.208167
7,3,-3,0.0,1.026550,1.026550,0.208167
7,3,-2,0.0,0.684367,1.026550,0.208167
7,3,-1,0.0,0.342183,1.026550,0.208167
7,3,0,0.0,-0.000000,1.026550,0.208167
7,3,1,0.0,-0.342183,1.026550,0.208167
7,3,2,0.0,-0.684367,1.026550,0.208167
7,3,3,0.0,-1.026550,1.026550,0.208167
7,3,4,0.0,-1.368733,1.026550,0.208167
7,4,-4,0.0,1.368733,1.368733,0.208167
7,4,-3,0.0,1.026550,1.368733,0.208167
7,4,-2,0.0,0.684367,1.368733,0.208167
7,4,-1,0.0,0.342183,1.368733,0.208167
7,4,0,0.0,-0.000000,1.368733,0.208167
7,4,1,0.0,-0.342183,1.368733,0.208167
7,4,2,0.0,-0.684367,1.368733,0.208167
7,4,3,0.0,-1.026550,1.368733,0.208167
7,4,4,0.0,-1.368733,1.368733,0.208167
7,-4,-4,1.0,1.368733,-1.368733,0.208167
7,-4,-3,1.0,1.026550,-1.368733,0.208167
7,-4,-2,1.0,0.684367,-1.368733,0.208167
7,-4,-1,1.0,0.342183,-1.368733,0.208167
7,-4,0,1.0,-0.000000,-1.368733,0.208167
7,-4,1,1.0,-0.342183,-1.368733,0.208167
7,-4,2,1.0,-0.684367,-1.368733,0.208167
7,-4,3,1.0,-1.026550,-1.368733,0.208167
7,-4,4,1.0,-1.368733,-1.368733,0.208167
7,-3,-4,1.0,1.368733,-1.026550,0.208167
7,-3,-3,1.0,1.026550,-1.026550,0.208167
7,-3,-2,1.0,0.684367,-1.026550,0.208167
7,-3,-1,1.0,0.342183,-1.026550,0.208167
7,-3,0,1.0,-0.000000,-1.026550,0.208167
7,-3,1,1.0,-0.342183,-1.026550,0.208167
7,-3,2,1.0,-0.684367,-1.026550,0.208167
7,-3,3,1.0,-1.026550,-1.026550,0.208167
7,-3,4,1.0,-1.368733,-1.026550,0.208167
7,-2,-4,1.0,1.368733,-0.684367,0.208167
7,-2,-3,1.0,1.026550,-0.684367,0.208167
7,-2,-2,1.0,0.684367,-0.684367,0.208167
7,-2,-1,1.0,0.342183,-0.684367,0.208167
7,-2,0,1.0,-0.000000,-0.684367,0.208167
7,-2,1,1.0,-0.342183,-0.684367,0.208167
7,-2,2,1.0,-0.684367,-0.684367,0.208167
7,-2,3,1.0,-1.026550,-0.684367,0.208167
7,-2,4,1.0,-1.368733,-0.684367,0.208167
7,-1,-4,1.0,1.368733,-0.342183,0.208167
7,-1,-3,1.0,1.026550,-0.342183,0.208167
7,-1,-2,1.0,0.684367,-0.342183,0.208167
7,-1,-1,1.0,0.342183,-0.342183,0.208167
7,-1,0,1.0,-0.000000,-0.342183,0.208167
7,-1,1,1.0,-0.342183,-0.342183,0.208167
7,-1,2,1.0,-0.684367,-0.342183,0.208167
7,-1,3,1.0,-1.026550,-0.342183,0.208167
7,-1,4,1.0,-1.368733,-0.342183,0.208167
7,0,-4,1.0,1.368733,0.000000,0.208167
7,0,-3,1.0,1.026550,0.000000,0.208167
7,0,-2,1.0,0.684367,0.000000,0.208167
7,0,-1,1.0,0.342183,0.000000,0.208167
7,0,0,1.0,-0.000000,0.000000,0.208167
7,0,1,1.0,-0.342183,0.000000,0.208167
7,0,2,1.0,-0.684367,0.000000,0.208167
7,0,3,1.0,-1.026550,0.000000,0.208167
7,0,4,1.0,-1.368733,0.000000,0.208167
7,1,-4,1.0,1.368733,0.342183,0.208167
7,1,-3,1.0,1.026550,0.342183,0.208167
7,1,-2,1.0,0.684367,0.342183,0.208167
7,1,-1,1.0,0.342183,0.342183,0.208167
7,1,0,1.0,-0.000000,0.342183,0.208167
7,1,1,1.0,-0.342183,0.342183,0.208167
7,1,2,1.0,-0.684367,0.342183,0.208167
7,1,3,1.0,-1.026550,0.342183,0.208167
7,1,4,1.0,-1.368733,0.342183,0.208167
7,2,-4,1.0,1.368733,0.684367,0.208167
7,2,-3,1.0,1.026550,0.684367,0.208167
7,2,-2,1.0,0.684367,0.684367,0.208167
7,2,-1,1.0,0.342183,0.684367,0.208167
7,2,0,1.0,-0.000000,0.684367,0.208167
7,2,1,1.0,-0.342183,0.684367,0.208167
7,2,2,1.0,-0.684367,0.684367,0.208167
7,2,3,1.0,-1.026550,0.684367,0.208167
7,2,4,1.0,-1.368733,0.684367,0.208167
7,3,-4,1.0,1.368733,1.026550,0.208167
7,3,-3,1.0,1.026550,1.026550,0.208167
7,3,-2,1.0,0.684367,1.026550,0.208167
7,3,-1,1.0,0.342183,1.026550,0.208167
7,3,0,1.0,-0.000000,1.026550,0.208167
7,3,1,1.0,-0.342183,1.026550,0.208167
7,3,2,1.0,-0.684367,1.026550,0.208167
7,3,3,1.0,-1.026550,1.026550,0.208167
7,3,4,1.0,-1.368733,1.026550,0.208167
7,4,-4,1.0,1.368733,1.368733,0.208167
7,4,-3,1.0,1.026550,1.368733,0.208167
7,4,-2,1.0,0.684367,1.368733,0.208167
7,4,-1,1.0,0.342183,1.368733,0.208167
7,4,0,1.0,-0.000000,1.368733,0.208167
7,4,1,1.0,-0.342183,1.368733,0.208167
7,4,2,1.0,-0.684367,1.368733,0.208167
7,4,3,1.0,-1.026550,1.368733,0.208167
7,4,4,1.0,-1.368733,1.368733,0.208167
7,-4,-4,2.0,1.368733,-1.368733,0.208167
7,-4,-3,2.0,1.026550,-1.368733,0.208167
7,-4,-2,2.0,0.684367,-1.368733,0.208167
7,-4,-1,2.0,0.342183,-1.368733,0.208167
7,-4,0,2.0,-0.000000,-1.368733,0.208167
7,-4,1,2.0,-0.342183,-1.368733,0.208167
7,-4,2,2.0,-0.684367,-1.368733,0.208167
7,-4,3,2.0,-1.026550,-1.368733,0.208167
7,-4,4,2.0,-1.368733,-1.368733,0.208167
7,-3,-4,2.0,1.368733,-1.026550,0.208167
7,-3,-3,2.0,1.026550,-1.026550,0.208167
7,-3,-2,2.0,0.684367,-1.026550,0.208167
7,-3,-1,2.0,0.342183,-1.026550,0.208167
7,-3,0,2.0,-0.000000,-1.026550,0.208167
7,-3,1,2.0,-0.342183,-1.026550,0.208167
7,-3,2,2.0,-0.684367,-1.026550,0.208167
7,-3,3,2.0,-1.026550,-1.026550,0.208167
7,-3,4,2.0,-1.368733,-1.026550,0.208167
7,-2,-4,2.0,1.368733,-0.684367,0.208167
7,-2,-3,2.0,1.026550,-0.684367,0.208167
7,-2,-2,2.0,0.684367,-0.684367,0.208167
7,-2,-1,2.0,0.342183,-0.684367,0.208167
7,-2,0,2.0,-0.000000,-0.684367,0.208167
7,-2,1,2.0,-0.342183,-0.684367,0.208167
7,-2,2,2.0,-0.684367,-0.684367,0.208167
7,-2,3,2.0,-1.026550,-0.684367,0.208167
7,-2,4,2.0,-1.368733,-0.684367,0.208167
7,-1,-4,2.0,1.368733,-0.342183,0.208167
7,-1,-3,2.0,1.026550,-0.342183,0.208167
7,-1,-2,2.0,0.684367,-0.342183,0.208167
7,-1,-1,2.0,0.342183,-0.342183,0.208167
7,-1,0,2.0,-0.000000,-0.342183,0.208167
7,-1,1,2.0,-0.342183,-0.342183,0.208167
7,-1,2,2.0,-0.684367,-0.342183,0.208167
7,-1,3,2.0,-1.026550,-0.342183,0.208167
7,-1,4,2.0,-1.368733,-0.342183,0.208167
7,0,-4,2.0,1.368733,0.000000,0.208167
7,0,-3,2.0,1.026550,0.000000,0.208167
7,0,-2,2.0,0.684367,0.000000,0.208167
7,0,-1,2.0,0.342183,0.000000,0.208167
7,0,0,2.0,-0.000000,0.000000,0.208167
7,0,1,2.0,-0.342183,0.000000,0.208167
7,0,2,2.0,-0.684367,0.000000,0.208167
7,0,3,2.0,-1.026550,0.000000,0.208167
7,0,4,2.0,-1.368733,0.000000,0.208167
7,1,-4,2.0,1.368733,0.342183,0.208167
7,1,-3,2.0,1.026550,0.342183,0.208167
7,1,-2,2.0,0.684367,0.342183,0.208167
7,1,-1,2.0,0.342183,0.342183,0.208167
7,1,0,2.0,-0.000000,0.342183,0.208167
7,1,1,2.0,-0.342183,0.342183,0.208167
7,1,2,2.0,-0.684367,0.342183,0.208167
7,1,3,2.0,-1.026550,0.342183,0.208167
7,1,4,2.0,-1.368733,0.342183,0.208167
7,2,-4,2.0,1.368733,0.684367,0.208167
7,2,-3,2.0,1.026550,0.684367,0.208167
7,2,-2,2.0,0.684367,0.684367,0.208167
7,2,-1,2.0,0.342183,0.684367,0.208167
7,2,0,2.0,-0.000000,0.684367,0.208167
7,2,1,2.0,-0.342183,0.684367,0.208167
7,2,2,2.0,-0.684367,0.684367,0.208167
7,2,3,2.0,-1.026550,0.684367,0.208167
7,2,4,2.0,-1.368733,0.684367,0.208167
7,3,-4,2.0,1.368733,1.026550,0.208167
7,3,-3,2.0,1.026550,1.026550,0.208167
7,3,-2,2.0,0.684367,1.026550,0.208167
7,3,-1,2.0,0.342183,1.026550,0.208167
7,3,0,2.0,-0.000000,1.026550,0.208167
7,3,1,2.0,-0.342183,1.026550,0.208167
7,3,2,2.0,-0.684367,1.026550,0.208167
7,3,3,2.0,-1.026550,1.026550,0.208167
7,3,4,2.0,-1.368733,1.026550,0.208167
7,4,-4,2.0,1.368733,1.368733,0.208167
7,4,-3,2.0,1.026550,1.368733,0.208167
7,4,-2,2.0,0.684367,1.368733,0.208167
7,4,-1,2.0,0.342183,1.368733,0.208167
7,4,0,2.0,-0.000000,1.368733,0.208167
7,4,1,2.0,-0.342183,1.368733,0.208167
7,4,2,2.0,-0.684367,1.368733,0.208167
7,4,3,2.0,-1.026550,1.368733,0.208167
7,4,4,2.0,-1.368733,1.368733,0.208167
7,-4,-4,3.0,1.368733,-1.368733,0.208167
7,-4,-3,3.0,1.026550,-1.368733,0.208167
7,-4,-2,3.0,0.684367,-1.368733,0.208167
7,-4,-1,3.0,0.342183,-1.368733,0.208167
7,-4,0,3.0,-0.000000,-1.368733,0.208167
7,-4,1,3.0,-0.342183,-1.368733,0.208167
7,-4,2,3.0,-0.684367,-1.368733,0.208167
7,-4,3,3.0,-1.026550,-1.368733,0.208167
7,-4,4,3.0,-1.368733,-1.368733,0.208167
7,-3,-4,3.0,1.368733,-1.026550,0.208167
7,-3,-3,3.0,1.026550,-1.026550,0.208167
7,-3,-2,3.0,0.684367,-1.026550,0.208167
7,-3,-1,3.0,0.342183,-1.026550,0.208167
7,-3,0,3.0,-0.000000,-1.026550,0.208167
7,-3,1,3.0,-0.342183,-1.026550,0.208167
7,-3,2,3.0,-0.684367,-1.026550,0.208167
7,-3,3,3.0,-1.026550,-1.026550,0.208167
7,-3,4,3.0,-1.368733,-1.026550,0.208167
7,-2,-4,3.0,1.368733,-0.684367,0.208167
7,-2,-3,3.0,1.026550,-0.684367,0.208167
7,-2,-2,3.0,0.684367,-0.684367,0.208167
7,-2,-1,3.0,0.342183,-0.684367,0.208167
7,-2,0,3.0,-0.000000,-0.684367,0.208167
7,-2,1,3.0,-0.342183,-0.684367,0.208167
7,-2,2,3.0,-0.684367,-0.684367,0.208167
7,-2,3,3.0,-1.026550,-0.684367,0.208167
7,-2,4,3.0,-1.368733,-0.684367,0.208167
7,-1,-4,3.0,1.368733,-0.342183,0.208167
7,-1,-3,3.0,1.026550,-0.342183,0.208167
7,-1,-2,3.0,0.684367,-0.342183,0.208167
7,-1,-1,3.0,0.342183,-0.342183,0.208167
7,-1,0,3.0,-0.000000,-0.342183,0.208167
7,-1,1,3.0,-0.342183,-0.342183,0.208167
7,-1,2,3.0,-0.684367,-0.342183,0.208167
7,-1,3,3.0,-1.026550,-0.342183,0.208167
7,-1,4,3.0,-1.368733,-0.342183,0.208167
7,0,-4,3.0,1.368733,0.000000,0.208167
7,0,-3,3.0,1.026550,0.000000,0.208167
7,0,-2,3.0,0.684367,0.000000,0.208167
7,0,-1,3.0,0.342183,0.000000,0.208167
7,0,0,3.0,-0.000000,0.000000,0.208167
7,0,1,3.0,-0.342183,0.000000,0.208167
7,0,2,3.0,-0.684367,0.000000,0.208167
7,0,3,3.0,-1.026550,0.000000,0.208167
7,0,4,3.0,-1.368733,0.000000,0.208167
7,1,-4,3.0,1.368733,0.342183,0.208167
7,1,-3,3.0,1.026550,0.342183,0.208167
7,1,-2,3.0,0.684367,0.342183,0.208167
7,1,-1,3.0,0.342183,0.342183,0.208167
7,1,0,3.0,-0.000000,0.342183,0.208167
7,1,1,3.0,-0.342183,0.342183,0.208167
7,1,2,3.0,-0.684367,0.342183,0.208167
7,1,3,3.0,-1.026550,0.342183,0.208167
7,1,4,3.0,-1.368733,0.342183,0.208167
7,2,-4,3.0,1.368733,0.684367,0.208167
7,2,-3,3.0,1.026550,0.684367,0.208167
7,2,-2,3.0,0.684367,0.684367,0.208167
7,2,-1,3.0,0.342183,0.684367,0.208167
7,2,0,3.0,-0.000000,0.684367,0.208167
7,2,1,3.0,-0.342183,0.684367,0.208167
7,2,2,3.0,-0.684367,0.684367,0.208167
7,2,3,3.0,-1.026550,0.684367,0.208167
7,2,4,3.0,-1.368733,0.684367,0.208167
7,3,-4,3.0,1.368733,1.026550,0.208167
7,3,-3,3.0,1.026550,1.026550,0.208167
7,3,-2,3.0,0.684367,1.026550,0.208167
7,3,-1,3.0,0.342183,1.026550,0.208167
7,3,0,3.0,-0.000000,1.026550,0.208167
7,3,1,3.0,-0.342183,1.026550,0.208167
7,3,2,3.0,-0.684367,1.026550,0.208167
7,3,3,3.0,-1.026550,1.026550,0.208167
7,3,4,3.0,-1.368733,1.026550,0.208167
7,4,-4,3.0,1.368733,1.368733,0.208167
7,4,-3,3.0,1.026550,1.368733,0.208167
7,4,-2,3.0,0.684367,1.368733,0.208167
7,4,-1,3.0,0.342183,1.368733,0.208167
7,4,0,3.0,-0.000000,1.368733,0.208167
7,4,1,3.0,-0.342183,1.368733,0.208167
7,4,2,3.0,-0.684367,1.368733,0.208167
7,4,3,3.0,-1.026550,1.368733,0.208167
7,4,4,3.0,-1.368733,1.368733,0.208167
8,-4,-4,0.0,2.116549,-2.116549,0.224489
8,-4,-3,0.0,1.587412,-2.116549,0.224489
8,-4,-2,0.0,1.058275,-2.116549,0.224489
8,-4,-1,0.0,0.529137,-2.116549,0.224489
8,-4,0,0.0,-0.000000,-2.116549,0.224489
8,-4,1,0.0,-0.529137,-2.116549,0.224489
8,-4,2,0.0,-1.058275,-2.116549,0.224489
8,-4,3,0.0,-1.587412,-2.116549,0.224489
8,-4,4,0.0,-2.116549,-2.116549,0.224489
8,-3,-4,0.0,2.116549,-1.587412,0.224489
8,-3,-3,0.0,1.587412,-1.587412,0.224489
8,-3,-2,0.0,1.058275,-1.587412,0.224489
8,-3,-1,0.0,0.529137,-1.587412,0.224489
8,-3,0,0.0,-0.000000,-1.587412,0.224489
8,-3,1,0.0,-0.529137,-1.587412,0.224489
8,-3,2,0.0,-1.058275,-1.587412,0.224489
8,-3,3,0.0,-1.587412,-1.587412,0.224489
8,-3,4,0.0,-2.116549,-1.587412,0.224489
8,-2,-4,0.0,2.116549,-1.058275,0.224489
8,-2,-3,0.0,1.587412,-1.058275,0.224489
8,-2,-2,0.0,1.058275,-1.058275,0.224489
8,-2,-1,0.0,0.529137,-1.058275,0.224489
8,-2,0,0.0,-0.000000,-1.058275,0.224489
8,-2,1,0.0,-0.529137,-1.058275,0.224489
8,-2,2,0.0,-1.058275,-1.058275,0.224489
8,-2,3,0.0,-1.587412,-1.058275,0.224489
8,-2,4,0.0,-2.116549,-1.058275,0.224489
8,-1,-4,0.0,2.116549,-0.529137,0.224489
8,-1,-3,0.0,1.587412,-0.529137,0.224489
8,-1,-2,0.0,1.058275,-0.529137,0.224489
8,-1,-1,0.0,0.529137,-0.529137,0.224489
8,-1,0,0.0,-0.000000,-0.529137,0.224489
8,-1,1,0.0,-0.529137,-0.529137,0.224489
8,-1,2,0.0,-1.058275,-0.529137,0.224489
8,-1,3,0.0,-1.587412,-0.529137,0.224489
8,-1,4,0.0,-2.116549,-0.529137,0.224489
8,0,-4,0.0,2.116549,0.000000,0.224489
8,0,-3,0.0,1.587412,0.000000,0.224489
8,0,-2,0.0,1.058275,0.000000,0.224489
8,0,-1,0.0,0.529137,0.000000,0.224489
8,0,0,0.0,-0.000000,0.000000,0.224489
8,0,1,0.0,-0.529137,0.000000,0.224489
8,0,2,0.0,-1.058275,0.000000,0.224489
8,0,3,0.0,-1.587412,0.000000,0.224489
8,0,4,0.0,-2.116549,0.000000,0.224489
8,1,-4,0.0,2.116549,0.529137,0.224489
8,1,-3,0.0,1.587412,0.529137,0.224489
8,1,-2,0.0,1.058275,0.529137,0.224489
8,1,-1,0.0,0.529137,0.529137,0.224489
8,1,0,0.0,-0.000000,0.529137,0.224489
8,1,1,0.0,-0.529137,0.529137,0.224489
8,1,2,0.0,-1.058275,0.529137,0.224489
8,1,3,0.0,-1.587412,0.529137,0.224489
8,1,4,0.0,-2.116549,0.529137,0.224489
8,2,-4,0.0,2.116549,1.058275,0.224489
8,2,-3,0.0,1.587412,1.058275,0.224489
8,2,-2,0.0,1.058275,1.058275,0.224489
8,2,-1,0.0,0.529137,1.058275,0.224489
8,2,0,0.0,-0.000000,1.058275,0.224489
8,2,1,0.0,-0.529137,1.058275,0.224489
8,2,2,0.0,-1.058275,1.058275,0.224489
8,2,3,0.0,-1.587412,1.058275,0.224489
8,2,4,0.0,-2.116549,1.058275,0.224489
8,3,-4,0.0,2.116549,1.587412,0.224489
8,3,-3,0.0,1.587412,1.587412,0.224489
8,3,-2,0.0,1.058275,1.587412,0.224489
8,3,-1,0.0,0.529137,1.587412,0.224489
8,3,0,0.0,-0.000000,1.587412,0.224489
8,3,1,0.0,-0.529137,1.587412,0.224489
8,3,2,0.0,-1.058275,1.587412,0.224489
8,3,3,0.0,-1.587412,1.587412,0.224489
8,3,4,0.0,-2.116549,1.587412,0.224489
8,4,-4,0.0,2.116549,2.116549,0.224489
8,4,-3,0.0,1.587412,2.116549,0.224489
8,4,-2,0.0,1.058275,2.116549,0.224489
8,4,-1,0.0,0.529137,2.116549,0.224489
8,4,0,0.0,-0.000000,2.116549,0.224489
8,4,1,0.0,-0.529137,2.116549,0.224489
8,4,2,0.0,-1.058275,2.116549,0.224489
8,4,3,0.0,-1.587412,2.116549,0.224489
8,4,4,0.0,-2.116549,2.116549,0.224489
8,-4,-4,1.0,2.116549,-2.116549,0.224489
8,-4,-3,1.0,1.587412,-2.116549,0.224489
8,-4,-2,1.0,1.058275,-2.116549,0.224489
8,-4,-1,1.0,0.529137,-2.116549,0.224489
8,-4,0,1.0,-0.000000,-2.116549,0.224489
8,-4,1,1.0,-0.529137,-2.116549,0.224489
8,-4,2,1.0,-1.058275,-2.116549,0.224489
8,-4,3,1.0,-1.587412,-2.116549,0.224489
8,-4,4,1.0,-2.116549,-2.116549,0.224489
8,-3,-4,1.0,2.116549,-1.587412,0.224489
8,-3,-3,1.0,1.587412,-1.587412,0.224489
8,-3,-2,1.0,1.058275,-1.587412,0.224489
8,-3,-1,1.0,0.529137,-1.587412,0.224489
8,-3,0,1.0,-0.000000,-1.587412,0.224489
8,-3,1,1.0,-0.529137,-1.587412,0.224489
8,-3,2,1.0,-1.058275,-1.587412,0.224489
8,-3,3,1.0,-1.587412,-1.587412,0.224489
8,-3,4,1.0,-2.116549,-1.587412,0.224489
8,-2,-4,1.0,2.116549,-1.058275,0.224489
8,-2,-3,1.0,1.587412,-1.058275,0.224489
8,-2,-2,1.0,1.058275,-1.058275,0.224489
8,-2,-1,1.0,0.529137,-1.058275,0.224489
8,-2,0,1.0,-0.000000,-1.058275,0.224489
8,-2,1,1.0,-0.529137,-1.058275,0.224489
8,-2,2,1.0,-1.058275,-1.058275,0.224489
8,-2,3,1.0,-1.587412,-1.058275,0.224489
8,-2,4,1.0,-2.116549,-1.058275,0.224489
8,-1,-4,1.0,2.116549,-0.529137,0.224489
8,-1,-3,1.0,1.587412,-0.529137,0.224489
8,-1,-2,1.0,1.058275,-0.529137,0.224489
8,-1,-1,1.0,0.529137,-0.529137,0.224489
8,-1,0,1.0,-0.000000,-0.529137,0.224489
8,-1,1,1.0,-0.529137,-0.529137,0.224489
8,-1,2,1.0,-1.058275,-0.529137,0.224489
8,-1,3,1.0,-1.587412,-0.529137,0.224489
8,-1,4,1.0,-2.116549,-0.529137,0.224489
8,0,-4,1.0,2.116549,0.000000,0.224489
8,0,-3,1.0,1.587412,0.000000,0.224489
8,0,-2,1.0,1.058275,0.000000,0.224489
8,0,-1,1.0,0.529137,0.000000,0.224489
8,0,0,1.0,-0.000000,0.000000,0.224489
8,0,1,1.0,-0.529137,0.000000,0.224489
8,0,2,1.0,-1.058275,0.000000,0.224489
8,0,3,1.0,-1.587412,0.000000,0.224489
8,0,4,1.0,-2.116549,0.000000,0.224489
8,1,-4,1.0,2.116549,0.529137,0.224489
8,1,-3,1.0,1.587412,0.529137,0.224489
8,1,-2,1.0,1.058275,0.529137,0.224489
8,1,-1,1.0,0.529137,0.529137,0.224489
8,1,0,1.0,-0.000000,0.529137,0.224489
8,1,1,1.0,-0.529137,0.529137,0.224489
8,1,2,1.0,-1.058275,0.529137,0.224489
8,1,3,1.0,-1.587412,0.529137,0.224489
8,1,4,1.0,-2.116549,0.529137,0.224489
8,2,-4,1.0,2.116549,1.058275,0.224489
8,2,-3,1.0,1.587412,1.058275,0.224489
8,2,-2,1.0,1.058275,1.058275,0.224489
8,2,-1,1.0,0.529137,1.058275,0.224489
8,2,0,1.0,-0.000000,1.058275,0.224489
8,2,1,1.0,-0.529137,1.058275,0.224489
8,2,2,1.0,-1.058275,1.058275,0.224489
8,2,3,1.0,-1.587412,1.058275,0.224489
8,2,4,1.0,-2.116549,1.058275,0.224489
8,3,-4,1.0,2.116549,1.587412,0.224489
8,3,-3,1.0,1.587412,1.587412,0.224489
8,3,-2,1.0,1.058275,1.587412,0.224489
8,3,-1,1.0,0.529137,1.587412,0.224489
8,3,0,1.0,-0.000000,1.587412,0.224489
8,3,1,1.0,-0.529137,1.587412,0.224489
8,3,2,1.0,-1.058275,1.587412,0.224489
8,3,3,1.0,-1.587412,1.587412,0.224489
8,3,4,1.0,-2.116549,1.587412,0.224489
8,4,-4,1.0,2.116549,2.116549,0.224489
8,4,-3,1.0,1.587412,2.116549,0.224489
8,4,-2,1.0,1.058275,2.116549,0.224489
8,4,-1,1.0,0.529137,2.116549,0.224489
8,4,0,1.0,-0.000000,2.116549,0.224489
8,4,1,1.0,-0.529137,2.116549,0.224489
8,4,2,1.0,-1.058275,2.116549,0.224489
8,4,3,1.0,-1.587412,2.116549,0.224489
8,4,4,1.0,-2.116549,2.116549,0.224489
8,-4,-4,2.0,2.116549,-2.116549,0.224489
8,-4,-3,2.0,1.587412,-2.116549,0.224489
8,-4,-2,2.0,1.058275,-2.116549,0.224489
8,-4,-1,2.0,0.529137,-2.116549,0.224489
8,-4,0,2.0,-0.000000,-2.116549,0.224489
8,-4,1,2.0,-0.529137,-2.116549,0.224489
8,-4,2,2.0,-1.058275,-2.116549,0.224489
8,-4,3,2.0,-1.587412,-2.116549,0.224489
8,-4,4,2.0,-2.116549,-2.116549,0.224489
8,-3,-4,2.0,2.116549,-1.587412,0.224489
8,-3,-3,2.0,1.587412,-1.587412,0.224489
8,-3,-2,2.0,1.058275,-1.587412,0.224489
8,-3,-1,2.0,0.529137,-1.587412,0.224489
8,-3,0,2.0,-0.000000,-1.587412,0.224489
8,-3,1,2.0,-0.529137,-1.587412,0.224489
8,-3,2,2.0,-1.058275,-1.587412,0.224489
8,-3,3,2.0,-1.587412,-1.587412,0.224489
8,-3,4,2.0,-2.116549,-1.587412,0.224489
8,-2,-4,2.0,2.116549,-1.058275,0.224489
8,-2,-3,2.0,1.587412,-1.058275,0.224489
8,-2,-2,2.0,1.058275,-1.058275,0.224489
8,-2,-1,2.0,0.529137,-1.058275,0.224489
8,-2,0,2.0,-0.000000,-1.058275,0.224489
8,-2,1,2.0,-0.529137,-1.058275,0.224489
8,-2,2,2.0,-1.058275,-1.058275,0.224489
8,-2,3,2.0,-1.587412,-1.058275,0.224489
8,-2,4,2.0,-2.116549,-1.058275,0.224489
8,-1,-4,2.0,2.116549,-0.529137,0.224489
8,-1,-3,2.0,1.587412,-0.529137,0.224489
8,-1,-2,2.0,1.058275,-0.529137,0.224489
8,-1,-1,2.0,0.529137,-0.529137,0.224489
8,-1,0,2.0,-0.000000,-0.529137,0.224489
8,-1,1,2.0,-0.529137,-0.529137,0.224489
8,-1,2,2.0,-1.058275,-0.529137,0.224489
8,-1,3,2.0,-1.587412,-0.529137,0.224489
8,-1,4,2.0,-2.116549,-0.529137,0.224489
8,0,-4,2.0,2.116549,0.000000,0.224489
8,0,-3,2.0,1.587412,0.000000,0.224489
8,0,-2,2.0,1.058275,0.000000,0.224489
8,0,-1,2.0,0.529137,0.000000,0.224489
8,0,0,2.0,-0.000000,0.000000,0.224489
8,0,1,2.0,-0.529137,0.000000,0.224489
8,0,2,2.0,-1.058275,0.000000,0.224489
8,0,3,2.0,-1.587412,0.000000,0.224489
8,0,4,2.0,-2.116549,0.000000,0.224489
8,1,-4,2.0,2.116549,0.529137,0.224489
8,1,-3,2.0,1.587412,0.529137,0.224489
8,1,-2,2.0,1.058275,0.529137,0.224489
8,1,-1,2.0,0.529137,0.529137,0.224489
8,1,0,2.0,-0.000000,0.529137,0.224489
8,1,1,2.0,-0.529137,0.529137,0.224489
8,1,2,2.0,-1.058275,0.529137,0.224489
8,1,3,2.0,-1.587412,0.529137,0.224489
8,1,4,2.0,-2.116549,0.529137,0.224489
8,2,-4,2.0,2.116549,1.058275,0.224489
8,2,-3,2.0,1.587412,1.058275,0.224489
8,2,-2,2.0,1.058275,1.058275,0.224489
8,2,-1,2.0,0.529137,1.058275,0.224489
8,2,0,2.0,-0.000000,1.058275,0.224489
8,2,1,2.0,-0.529137,1.058275,0.224489
8,2,2,2.0,-1.058275,1.058275,0.224489
8,2,3,2.0,-1.587412,1.058275,0.224489
8,2,4,2.0,-2.116549,1.058275,0.224489
8,3,-4,2.0,2.116549,1.587412,0.224489
8,3,-3,2.0,1.587412,1.587412,0.224489
8,3,-2,2.0,1.058275,1.587412,0.224489
8,3,-1,2.0,0.529137,1.587412,0.224489
8,3,0,2.0,-0.000000,1.587412,0.224489
8,3,1,2.0,-0.529137,1.587412,0.224489
8,3,2,2.0,-1.058275,1.587412,0.224489
8,3,3,2.0,-1.587412,1.587412,0.224489
8,3,4,2.0,-2.116549,1.587412,0.224489
8,4,-4,2.0,2.116549,2.116549,0.224489
8,4,-3,2.0,1.587412,2.116549,0.224489
8,4,-2,2.0,1.058275,2.116549,0.224489
8,4,-1,2.0,0.529137,2.116549,0.224489
8,4,0,2.0,-0.000000,2.116549,0.224489
8,4,1,2.0,-0.529137,2.116549,0.224489
8,4,2,2.0,-1.058275,2.116549,0.224489
8,4,3,2.0,-1.587412,2.116549,0.224489
8,4,4,2.0,-2.116549,2.116549,0.224489
8,-4,-4,3.0,2.116549,-2.116549,0.224489
8,-4,-3,3.0,1.587412,-2.116549,0.224489
8,-4,-2,3.0,1.058275,-2.116549,0.224489
8,-4,-1,3.0,0.529137,-2.116549,0.224489
8,-4,0,3.0,-0.000000,-2.116549,0.224489
8,-4,1,3.0,-0.529137,-2.116549,0.224489
8,-4,2,3.0,-1.058275,-2.116549,0.224489
8,-4,3,3.0,-1.587412,-2.116549,0.224489
8,-4,4,3.0,-2.116549,-2.116549,0.224489
8,-3,-4,3.0,2.116549,-1.587412,0.224489
8,-3,-3,3.0,1.587412,-1.587412,0.224489
8,-3,-2,3.0,1.058275,-1.587412,0.224489
8,-3,-1,3.0,0.529137,-1.587412,0.224489
8,-3,0,3.0,-0.000000,-1.587412,0.224489
8,-3,1,3.0,-0.529137,-1.587412,0.224489
8,-3,2,3.0,-1.058275,-1.587412,0.224489
8,-3,3,3.0,-1.587412,-1.587412,0.224489
8,-3,4,3.0,-2.116549,-1.587412,0.224489
8,-2,-4,3.0,2.116549,-1.058275,0.224489
8,-2,-3,3.0,1.587412,-1.058275,0.224489
8,-2,-2,3.0,1.058275,-1.058275,0.224489
8,-2,-1,3.0,0.529137,-1.058275,0.224489
8,-2,0,3.0,-0.000000,-1.058275,0.224489
8,-2,1,3.0,-0.529137,-1.058275,0.224489
8,-2,2,3.0,-1.058275,-1.058275,0.224489
8,-2,3,3.0,-1.587412,-1.058275,0.224489
8,-2,4,3.0,-2.116549,-1.058275,0.224489
8,-1,-4,3.0,2.116549,-0.529137,0.224489
8,-1,-3,3.0,1.587412,-0.529137,0.224489
8,-1,-2,3.0,1.058275,-0.529137,0.224489
8,-1,-1,3.0,0.529137,-0.529137,0.224489
8,-1,0,3.0,-0.000000,-0.529137,0.224489
8,-1,1,3.0,-0.529137,-0.529137,0.224489
8,-1,2,3.0,-1.058275,-0.529137,0.224489
8,-1,3,3.0,-1.587412,-0.529137,0.224489
8,-1,4,3.0,-2.116549,-0.529137,0.224489
8,0,-4,3.0,2.116549,0.000000,0.224489
8,0,-3,3.0,1.587412,0.000000,0.224489
8,0,-2,3.0,1.058275,0.000000,0.224489
8,0,-1,3.0,0.529137,0.000000,0.224489
8,0,0,3.0,-0.000000,0.000000,0.224489
8,0,1,3.0,-0.529137,0.000000,0.224489
8,0,2,3.0,-1.058275,0.000000,0.224489
8,0,3,3.0,-1.587412,0.000000,0.224489
8,0,4,3.0,-2.116549,0.000000,0.224489
8,1,-4,3.0,2.116549,0.529137,0.224489
8,1,-3,3.0,1.587412,0.529137,0.224489
8,1,-2,3.0,1.058275,0.529137,0.224489
8,1,-1,3.0,0.529137,0.529137,0.224489
8,1,0,3.0,-0.000000,0.529137,0.224489
8,1,1,3.0,-0.529137,0.529137,0.224489
8,1,2,3.0,-1.058275,0.529137,0.224489
8,1,3,3.0,-1.587412,0.529137,0.224489
8,1,4,3.0,-2.116549,0.529137,0.224489
8,2,-4,3.0,2.116549,1.058275,0.224489
8,2,-3,3.0,1.587412,1.058275,0.224489
8,2,-2,3.0,1.058275,1.058275,0.224489
8,2,-1,3.0,0.529137,1.058275,0.224489
8,2,0,3.0,-0.000000,1.058275,0.224489
8,2,1,3.0,-0.529137,1.058275,0.224489
8,2,2,3.0,-1.058275,1.058275,0.224489
8,2,3,3.0,-1.587412,1.058275,0.224489
8,2,4,3.0,-2.116549,1.058275,0.224489
8,3,-4,3.0,2.116549,1.587412,0.224489
8,3,-3,3.0,1.587412,1.587412,0.224489
8,3,-2,3.0,1.058275,1.587412,0.224489
8,3,-1,3.0,0.529137,1.587412,0.224489
8,3,0,3.0,-0.000000,1.587412,0.224489
8,3,1,3.0,-0.529137,1.587412,0.224489
8,3,2,3.0,-1.058275,1.587412,0.224489
8,3,3,3.0,-1.587412,1.587412,0.224489
8,3,4,3.0,-2.116549,1.587412,0.224489
8,4,-4,3.0,2.116549,2.116549,0.224489
8,4,-3,3.0,1.587412,2.116549,0.224489
8,4,-2,3.0,1.058275,2.116549,0.224489
8,4,-1,3.0,0.529137,2.116549,0.224489
8,4,0,3.0,-0.000000,2.116549,0.224489
8,4,1,3.0,-0.529137,2.116549,0.224489
8,4,2,3.0,-1.058275,2.116549,0.224489
8,4,3,3.0,-1.587412,2.116549,0.224489
8,4,4,3.0,-2.116549,2.116549,0.224489
9,-4,-4,0.0,2.793668,-2.793668,0.195626
9,-4,-3,0.0,2.095251,-2.793668,0.195626
9,-4,-2,0.0,1.396834,-2.793668,0.195626
9,-4,-1,0.0,0.698417,-2.793668,0.195626
9,-4,0,0.0,-0.000000,-2.793668,0.195626
9,-4,1,0.0,-0.698417,-2.793668,0.195626
9,-4,2,0.0,-1.396834,-2.793668,0.195626
9,-4,3,0.0,-2.095251,-2.793668,0.195626
9,-4,4,0.0,-2.793668,-2.793668,0.195626
9,-3,-4,0.0,2.793668,-2.095251,0.195626
9,-3,-3,0.0,2.095251,-2.095251,0.195626
9,-3,-2,0.0,1.396834,-2.095251,0.195626
9,-3,-1,0.0,0.698417,-2.095251,0.195626
9,-3,0,0.0,-0.000000,-2.095251,0.195626
9,-3,1,0.0,-0.698417,-2.095251,0.195626
9,-3,2,0.0,-1.396834,-2.095251,0.195626
9,-3,3,0.0,-2.095251,-2.095251,0.195626
9,-3,4,0.0,-2.793668,-2.095251,0.195626
9,-2,-4,0.0,2.793668,-1.396834,0.195626
9,-2,-3,0.0,2.095251,-1.396834,0.195626
9,-2,-2,0.0,1.396834,-1.396834,0.195626
9,-2,-1,0.0,0.698417,-1.396834,0.195626
9,-2,0,0.0,-0.000000,-1.396834,0.195626
9,-2,1,0.0,-0.698417,-1.396834,0.195626
9,-2,2,0.0,-1.396834,-1.396834,0.195626
9,-2,3,0.0,-2.095251,-1.396834,0.195626
9,-2,4,0.0,-2.793668,-1.396834,0.195626
9,-1,-4,0.0,2.793668,-0.698417,0.195626
9,-1,-3,0.0,2.095251,-0.698417,0.195626
9,-1,-2,0.0,1.396834,-0.698417,0.195626
9,-1,-1,0.0,0.698417,-0.698417,0.195626
9,-1,0,0.0,-0.000000,-0.698417,0.195626
9,-1,1,0.0,-0.698417,-0.698417,0.195626
9,-1,2,0.0,-1.396834,-0.698417,0.195626
9,-1,3,0.0,-2.095251,-0.698417,0.195626
9,-1,4,0.0,-2.793668,-0.698417,0.195626
9,0,-4,0.0,2.793668,0.000000,0.195626
9,0,-3,0.0,2.095251,0.000000,0.195626
9,0,-2,0.0,1.396834,0.000000,0.195626
9,0,-1,0.0,0.698417,0.000000,0.195626
9,0,0,0.0,-0.000000,0.000000,0.195626
9,0,1,0.0,-0.698417,0.000000,0.195626
9,0,2,0.0,-1.396834,0.000000,0.195626
9,0,3,0.0,-2.095251,0.000000,0.195626
9,0,4,0.0,-2.793668,0.000000,0.195626
9,1,-4,0.0,2.793668,0.698417,0.195626
9,1,-3,0.0,2.095251,0.698417,0.195626
9,1,-2,0.0,1.396834,0.698417,0.195626
9,1,-1,0.0,0.698417,0.698417,0.195626
9,1,0,0.0,-0.000000,0.698417,0.195626
9,1,1,0.0,-0.698417,0.698417,0.195626
9,1,2,0.0,-1.396834,0.698417,0.195626
9,1,3,0.0,-2.095251,0.698417,0.195626
9,1,4,0.0,-2.793668,0.698417,0.195626
9,2,-4,0.0,2.793668,1.396834,0.195626
9,2,-3,0.0,2.095251,1.396834,0.195626
9,2,-2,0.0,1.396834,1.396834,0.195626
9,2,-1,0.0,0.698417,1.396834,0.195626
9,2,0,0.0,-0.000000,1.396834,0.195626
9,2,1,0.0,-0.698417,1.396834,0.195626
9,2,2,0.0,-1.396834,1.396834,0.195626
9,2,3,0.0,-2.095251,1.396834,0.195626
9,2,4,0.0,-2.793668,1.396834,0.195626
9,3,-4,0.0,2.793668,2.095251,0.195626
9,3,-3,0.0,2.095251,2.095251,0.195626
9,3,-2,0.0,1.396834,2.095251,0.195626
9,3,-1,0.0,0.698417,2.095251,0.195626
9,3,0,0.0,-0.000000,2.095251,0.195626
9,3,1,0.0,-0.698417,2.095251,0.195626
9,3,2,0.0,-1.396834,2.095251,0.195626
9,3,3,0.0,-2.095251,2.095251,0.195626
9,3,4,0.0,-2.793668,2.095251,0.195626
9,4,-4,0.0,2.793668,2.793668,0.195626
9,4,-3,0.0,2.095251,2.793668,0.195626
9,4,-2,0.0,1.396834,2.793668,0.195626
9,4,-1,0.0,0.698417,2.793668,0.195626
9,4,0,0.0,-0.000000,2.793668,0.195626
9,4,1,0.0,-0.698417,2.793668,0.195626
9,4,2,0.0,-1.396834,2.793668,0.195626
9,4,3,0.0,-2.095251,2.793668,0.195626
9,4,4,0.0,-2.793668,2.793668,0.195626
9,-4,-4,1.0,2.793668,-2.793668,0.195626
9,-4,-3,1.0,2.095251,-2.793668,0.195626
9,-4,-2,1.0,1.396834,-2.793668,0.195626
9,-4,-1,1.0,0.698417,-2.793668,0.195626
9,-4,0,1.0,-0.000000,-2.793668,0.195626
9,-4,1,1.0,-0.698417,-2.793668,0.195626
9,-4,2,1.0,-1.396834,-2.793668,0.195626
9,-4,3,1.0,-2.095251,-2.793668,0.195626
9,-4,4,1.0,-2.793668,-2.793668,0.195626
9,-3,-4,1.0,2.793668,-2.095251,0.195626
9,-3,-3,1.0,2.095251,-2.095251,0.195626
9,-3,-2,1.0,1.396834,-2.095251,0.195626
9,-3,-1,1.0,0.698417,-2.095251,0.195626
9,-3,0,1.0,-0.000000,-2.095251,0.195626
9,-3,1,1.0,-0.698417,-2.095251,0.195626
9,-3,2,1.0,-1.396834,-2.095251,0.195626
9,-3,3,1.0,-2.095251,-2.095251,0.195626
9,-3,4,1.0,-2.793668,-2.095251,0.195626
9,-2,-4,1.0,2.793668,-1.396834,0.195626
9,-2,-3,1.0,2.095251,-1.396834,0.195626
9,-2,-2,1.0,1.396834,-1.396834,0.195626
9,-2,-1,1.0,0.698417,-1.396834,0.195626
9,-2,0,1.0,-0.000000,-1.396834,0.195626
9,-2,1,1.0,-0.698417,-1.396834,0.195626
9,-2,2,1.0,-1.396834,-1.396834,0.195626
9,-2,3,1.0,-2.095251,-1.396834,0.195626
9,-2,4,1.0,-2.793668,-1.396834,0.195626
9,-1,-4,1.0,2.793668,-0.698417,0.195626
9,-1,-3,1.0,2.095251,-0.698417,0.195626
9,-1,-2,1.0,1.396834,-0.698417,0.195626
9,-1,-1,1.0,0.698417,-0.698417,0.195626
9,-1,0,1.0,-0.000000,-0.698417,0.195626
9,-1,1,1.0,-0.698417,-0.698417,0.195626
9,-1,2,1.0,-1.396834,-0.698417,0.195626
9,-1,3,1.0,-2.095251,-0.698417,0.195626
9,-1,4,1.0,-2.793668,-0.698417,0.195626
9,0,-4,1.0,2.793668,0.000000,0.195626
9,0,-3,1.0,2.095251,0.000000,0.195626
9,0,-2,1.0,1.396834,0.000000,0.195626
9,0,-1,1.0,0.698417,0.000000,0.195626
9,0,0,1.0,-0.000000,0.000000,0.195626
9,0,1,1.0,-0.698417,0.000000,0.195626
9,0,2,1.0,-1.396834,0.000000,0.195626
9,0,3,1.0,-2.095251,0.000000,0.195626
9,0,4,1.0,-2.793668,0.000000,0.195626
9,1,-4,1.0,2.793668,0.698417,0.195626
9,1,-3,1.0,2.095251,0.698417,0.195626
9,1,-2,1.0,1.396834,0.698417,0.195626
9,1,-1,1.0,0.698417,0.698417,0.195626
9,1,0,1.0,-0.000000,0.698417,0.195626
9,1,1,1.0,-0.698417,0.698417,0.195626
9,1,2,1.0,-1.396834,0.698417,0.195626
9,1,3,1.0,-2.095251,0.698417,0.195626
9,1,4,1.0,-2.793668,0.698417,0.195626
9,2,-4,1.0,2.793668,1.396834,0.195626
9,2,-3,1.0,2.095251,1.396834,0.195626
9,2,-2,1.0,1.396834,1.396834,0.195626
9,2,-1,1.0,0.698417,1.396834,0.195626
9,2,0,1.0,-0.000000,1.396834,0.195626
9,2,1,1.0,-0.698417,1.396834,0.195626
9,2,2,1.0,-1.396834,1.396834,0.195626
9,2,3,1.0,-2.095251,1.396834,0.195626
9,2,4,1.0,-2.793668,1.396834,0.195626
9,3,-4,1.0,2.793668,2.095251,0.195626
9,3,-3,1.0,2.095251,2.095251,0.195626
9,3,-2,1.0,1.396834,2.095251,0.195626
9,3,-1,1.0,0.698417,2.095251,0.195626
9,3,0,1.0,-0.000000,2.095251,0.195626
9,3,1,1.0,-0.698417,2.095251,0.195626
9,3,2,1.0,-1.396834,2.095251,0.195626
9,3,3,1.0,-2.095251,2.095251,0.195626
9,3,4,1.0,-2.793668,2.095251,0.195626
9,4,-4,1.0,2.793668,2.793668,0.195626
9,4,-3,1.0,2.095251,2.793668,0.195626
9,4,-2,1.0,1.396834,2.793668,0.195626
9,4,-1,1.0,0.698417,2.793668,0.195626
9,4,0,1.0,-0.000000,2.793668,0.195626
9,4,1,1.0,-0.698417,2.793668,0.195626
9,4,2,1.0,-1.396834,2.793668,0.195626
9,4,3,1.0,-2.095251,2.793668,0.195626
9,4,4,1.0,-2.793668,2.793668,0.195626
9,-4,-4,2.0,2.793668,-2.793668,0.195626
9,-4,-3,2.0,2.095251,-2.793668,0.195626
9,-4,-2,2.0,1.396834,-2.793668,0.195626
9,-4,-1,2.0,0.698417,-2.793668,0.195626
9,-4,0,2.0,-0.000000,-2.793668,0.195626
9,-4,1,2.0,-0.698417,-2.793668,0.195626
9,-4,2,2.0,-1.396834,-2.793668,0.195626
9,-4,3,2.0,-2.095251,-2.793668,0.195626
9,-4,4,2.0,-2.793668,-2.793668,0.195626
9,-3,-4,2.0,2.793668,-2.095251,0.195626
9,-3,-3,2.0,2.095251,-2.095251,0.195626
9,-3,-2,2.0,1.396834,-2.095251,0.195626
9,-3,-1,2.0,0.698417,-2.095251,0.195626
9,-3,0,2.0,-0.000000,-2.095251,0.195626
9,-3,1,2.0,-0.698417,-2.095251,0.195626
9,-3,2,2.0,-1.396834,-2.095251,0.195626
9,-3,3,2.0,-2.095251,-2.095251,0.195626
9,-3,4,2.0,-2.793668,-2.095251,0.195626
9,-2,-4,2.0,2.793668,-1.396834,0.195626
9,-2,-3,2.0,2.095251,-1.396834,0.195626
9,-2,-2,2.0,1.396834,-1.396834,0.195626
9,-2,-1,2.0,0.698417,-1.396834,0.195626
9,-2,0,2.0,-0.000000,-1.396834,0.195626
9,-2,1,2.0,-0.698417,-1.396834,0.195626
9,-2,2,2.0,-1.396834,-1.396834,0.195626
9,-2,3,2.0,-2.095251,-1.396834,0.195626
9,-2,4,2.0,-2.793668,-1.396834,0.195626
9,-1,-4,2.0,2.793668,-0.698417,0.195626
9,-1,-3,2.0,2.095251,-0.698417,0.195626
9,-1,-2,2.0,1.396834,-0.698417,0.195626
9,-1,-1,2.0,0.698417,-0.698417,0.195626
9,-1,0,2.0,-0.000000,-0.698417,0.195626
9,-1,1,2.0,-0.698417,-0.698417,0.195626
9,-1,2,2.0,-1.396834,-0.698417,0.195626
9,-1,3,2.0,-2.095251,-0.698417,0.195626
9,-1,4,2.0,-2.793668,-0.698417,0.195626
9,0,-4,2.0,2.793668,0.000000,0.195626
9,0,-3,2.0,2.095251,0.000000,0.195626
9,0,-2,2.0,1.396834,0.000000,0.195626
9,0,-1,2.0,0.698417,0.000000,0.195626
9,0,0,2.0,-0.000000,0.000000,0.195626
9,0,1,2.0,-0.698417,0.000000,0.195626
9,0,2,2.0,-1.396834,0.000000,0.195626
9,0,3,2.0,-2.095251,0.000000,0.195626
9,0,4,2.0,-2.793668,0.000000,0.195626
9,1,-4,2.0,2.793668,0.698417,0.195626
9,1,-3,2.0,2.095251,0.698417,0.195626
9,1,-2,2.0,1.396834,0.698417,0.195626
9,1,-1,2.0,0.698417,0.698417,0.195626
9,1,0,2.0,-0.000000,0.698417,0.195626
9,1,1,2.0,-0.698417,0.698417,0.195626
9,1,2,2.0,-1.396834,0.698417,0.195626
9,1,3,2.0,-2.095251,0.698417,0.195626
9,1,4,2.0,-2.793668,0.698417,0.195626
9,2,-4,2.0,2.793668,1.396834,0.195626
9,2,-3,2.0,2.095251,1.396834,0.195626
9,2,-2,2.0,1.396834,1.396834,0.195626
9,2,-1,2.0,0.698417,1.396834,0.195626
9,2,0,2.0,-0.000000,1.396834,0.195626
9,2,1,2.0,-0.698417,1.396834,0.195626
9,2,2,2.0,-1.396834,1.396834,0.195626
9,2,3,2.0,-2.095251,1.396834,0.195626
9,2,4,2.0,-2.793668,1.396834,0.195626
9,3,-4,2.0,2.793668,2.095251,0.195626
9,3,-3,2.0,2.095251,2.095251,0.195626
9,3,-2,2.0,1.396834,2.095251,0.195626
9,3,-1,2.0,0.698417,2.095251,0.195626
9,3,0,2.0,-0.000000,2.095251,0.195626
9,3,1,2.0,-0.698417,2.095251,0.195626
9,3,2,2.0,-1.396834,2.095251,0.195626
9,3,3,2.0,-2.095251,2.095251,0.195626
9,3,4,2.0,-2.793668,2.095251,0.195626
9,4,-4,2.0,2.793668,2.793668,0.195626
9,4,-3,2.0,2.095251,2.793668,0.195626
9,4,-2,2.0,1.396834,2.793668,0.195626
9,4,-1,2.0,0.698417,2.793668,0.195626
9,4,0,2.0,-0.000000,2.793668,0.195626
9,4,1,2.0,-0.698417,2.793668,0.195626
9,4,2,2.0,-1.396834,2.793668,0.195626
9,4,3,2.0,-2.095251,2.793668,0.195626
9,4,4,2.0,-2.793668,2.793668,0.195626
9,-4,-4,3.0,2.793668,-2.793668,0.195626
9,-4,-3,3.0,2.095251,-2.793668,0.195626
9,-4,-2,3.0,1.396834,-2.793668,0.195626
9,-4,-1,3.0,0.698417,-2.793668,0.195626
9,-4,0,3.0,-0.000000,-2.793668,0.195626
9,-4,1,3.0,-0.698417,-2.793668,0.195626
9,-4,2,3.0,-1.396834,-2.793668,0.195626
9,-4,3,3.0,-2.095251,-2.793668,0.195626
9,-4,4,3.0,-2.793668,-2.793668,0.195626
9,-3,-4,3.0,2.793668,-2.095251,0.195626
9,-3,-3,3.0,2.095251,-2.095251,0.195626
9,-3,-2,3.0,1.396834,-2.095251,0.195626
9,-3,-1,3.0,0.698417,-2.095251,0.195626
9,-3,0,3.0,-0.000000,-2.095251,0.195626
9,-3,1,3.0,-0.698417,-2.095251,0.195626
9,-3,2,3.0,-1.396834,-2.095251,0.195626
9,-3,3,3.0,-2.095251,-2.095251,0.195626
9,-3,4,3.0,-2.793668,-2.095251,0.195626
9,-2,-4,3.0,2.793668,-1.396834,0.195626
9,-2,-3,3.0,2.095251,-1.396834,0.195626
9,-2,-2,3.0,1.396834,-1.396834,0.195626
9,-2,-1,3.0,0.698417,-1.396834,0.195626
9,-2,0,3.0,-0.000000,-1.396834,0.195626
9,-2,1,3.0,-0.698417,-1.396834,0.195626
9,-2,2,3.0,-1.396834,-1.396834,0.195626
9,-2,3,3.0,-2.095251,-1.396834,0.195626
9,-2,4,3.0,-2.793668,-1.396834,0.195626
9,-1,-4,3.0,2.793668,-0.698417,0.195626
9,-1,-3,3.0,2.095251,-0.698417,0.195626
9,-1,-2,3.0,1.396834,-0.698417,0.195626
9,-1,-1,3.0,0.698417,-0.698417,0.195626
9,-1,0,3.0,-0.000000,-0.698417,0.195626
9,-1,1,3.0,-0.698417,-0.698417,0.195626
9,-1,2,3.0,-1.396834,-0.698417,0.195626
9,-1,3,3.0,-2.095251,-0.698417,0.195626
9,-1,4,3.0,-2.793668,-0.698417,0.195626
9,0,-4,3.0,2.793668,0.000000,0.195626
9,0,-3,3.0,2.095251,0.000000,0.195626
9,0,-2,3.0,1.396834,0.000000,0.195626
9,0,-1,3.0,0.698417,0.000000,0.195626
9,0,0,3.0,-0.000000,0.000000,0.195626
9,0,1,3.0,-0.698417,0.000000,0.195626
9,0,2,3.0,-1.396834,0.000000,0.195626
9,0,3,3.0,-2.095251,0.000000,0.195626
9,0,4,3.0,-2.793668,0.000000,0.195626
9,1,-4,3.0,2.793668,0.698417,0.195626
9,1,-3,3.0,2.095251,0.698417,0.195626
9,1,-2,3.0,1.396834,0.698417,0.195626
9,1,-1,3.0,0.698417,0.698417,0.195626
9,1,0,3.0,-0.000000,0.698417,0.195626
9,1,1,3.0,-0.698417,0.698417,0.195626
9,1,2,3.0,-1.396834,0.698417,0.195626
9,1,3,3.0,-2.095251,0.698417,0.195626
9,1,4,3.0,-2.793668,0.698417,0.195626
9,2,-4,3.0,2.793668,1.396834,0.195626
9,2,-3,3.0,2.095251,1.396834,0.195626
9,2,-2,3.0,1.396834,1.396834,0.195626
9,2,-1,3.0,0.698417,1.396834,0.195626
9,2,0,3.0,-0.000000,1.396834,0.195626
9,2,1,3.0,-0.698417,1.396834,0.195626
9,2,2,3.0,-1.396834,1.396834,0.195626
9,2,3,3.0,-2.095251,1.396834,0.195626
9,2,4,3.0,-2.793668,1.396834,0.195626
9,3,-4,3.0,2.793668,2.095251,0.195626
9,3,-3,3.0,2.095251,2.095251,0.195626
9,3,-2,3.0,1.396834,2.095251,0.195626
9,3,-1,3.0,0.698417,2.095251,0.195626
9,3,0,3.0,-0.000000,2.095251,0.195626
9,3,1,3.0,-0.698417,2.095251,0.195626
9,3,2,3.0,-1.396834,2.095251,0.195626
9,3,3,3.0,-2.095251,2.095251,0.195626
9,3,4,3.0,-2.793668,2.095251,0.195626
9,4,-4,3.0,2.793668,2.793668,0.195626
9,4,-3,3.0,2.095251,2.793668,0.195626
9,4,-2,3.0,1.396834,2.793668,0.195626
9,4,-1,3.0,0.698417,2.793668,0.195626
9,4,0,3.0,-0.000000,2.793668,0.195626
9,4,1,3.0,-0.698417,2.793668,0.195626
9,4,2,3.0,-1.396834,2.793668,0.195626
9,4,3,3.0,-2.095251,2.793668,0.195626
9,4,4,3.0,-2.793668,2.793668,0.195626
10,-4,-4,0.0,2.989358,-2.989358,0.139087
10,-4,-3,0.0,2.242019,-2.989358,0.139087
10,-4,-2,0.0,1.494679,-2.989358,0.139087
10,-4,-1,0.0,0.747340,-2.989358,0.139087
10,-4,0,0.0,-0.000000,-2.989358,0.139087
10,-4,1,0.0,-0.747340,-2.989358,0.139087
10,-4,2,0.0,-1.494679,-2.989358,0.139087
10,-4,3,0.0,-2.242019,-2.989358,0.139087
10,-4,4,0.0,-2.989358,-2.989358,0.139087
10,-3,-4,0.0,2.989358,-2.242019,0.139087
10,-3,-3,0.0,2.242019,-2.242019,0.139087
10,-3,-2,0.0,1.494679,-2.242019,0.139087
10,-3,-1,0.0,0.747340,-2.242019,0.139087
10,-3,0,0.0,-0.000000,-2.242019,0.139087
10,-3,1,0.0,-0.747340,-2.242019,0.139087
10,-3,2,0.0,-1.494679,-2.242019,0.139087
10,-3,3,0.0,-2.242019,-2.242019,0.139087
10,-3,4,0.0,-2.989358,-2.242019,0.139087
10,-2,-4,0.0,2.989358,-1.494679,0.139087
10,-2,-3,0.0,2.242019,-1.494679,0.139087
10,-2,-2,0.0,1.494679,-1.494679,0.139087
10,-2,-1,0.0,0.747340,-1.494679,0.139087
10,-2,0,0.0,-0.000000,-1.494679,0.139087
10,-2,1,0.0,-0.747340,-1.494679,0.139087
10,-2,2,0.0,-1.494679,-1.494679,0.139087
10,-2,3,0.0,-2.242019,-1.494679,0.139087
10,-2,4,0.0,-2.989358,-1.494679,0.139087
10,-1,-4,0.0,2.989358,-0.747340,0.139087
10,-1,-3,0.0,2.242019,-0.747340,0.139087
10,-1,-2,0.0,1.494679,-0.747340,0.139087
10,-1,-1,0.0,0.747340,-0.747340,0.139087
10,-1,0,0.0,-0.000000,-0.747340,0.139087
10,-1,1,0.0,-0.747340,-0.747340,0.139087
10,-1,2,0.0,-1.494679,-0.747340,0.139087
10,-1,3,0.0,-2.242019,-0.747340,0.139087
10,-1,4,0.0,-2.989358,-0.747340,0.139087
10,0,-4,0.0,2.989358,0.000000,0.139087
10,0,-3,0.0,2.242019,0.000000,0.139087
10,0,-2,0.0,1.494679,0.000000,0.139087
10,0,-1,0.0,0.747340,0.000000,0.139087
10,0,0,0.0,-0.000000,0.000000,0.139087
10,0,1,0.0,-0.747340,0.000000,0.139087
10,0,2,0.0,-1.494679,0.000000,0.139087
10,0,3,0.0,-2.242019,0.000000,0.139087
10,0,4,0.0,-2.989358,0.000000,0.139087
10,1,-4,0.0,2.989358,0.747340,0.139087
10,1,-3,0.0,2.242019,0.747340,0.139087
10,1,-2,0.0,1.494679,0.747340,0.139087
10,1,-1,0.0,0.747340,0.747340,0.139087
10,1,0,0.0,-0.000000,0.747340,0.139087
10,1,1,0.0,-0.747340,0.747340,0.139087
10,1,2,0.0,-1.494679,0.747340,0.139087
10,1,3,0.0,-2.242019,0.747340,0.139087
10,1,4,0.0,-2.989358,0.747340,0.139087
10,2,-4,0.0,2.989358,1.494679,0.139087
10,2,-3,0.0,2.242019,1.494679,0.139087
10,2,-2,0.0,1.494679,1.494679,0.139087
10,2,-1,0.0,0.747340,1.494679,0.139087
10,2,0,0.0,-0.000000,1.494679,0.139087
10,2,1,0.0,-0.747340,1.494679,0.139087
10,2,2,0.0,-1.494679,1.494679,0.139087
10,2,3,0.0,-2.242019,1.494679,0.139087
10,2,4,0.0,-2.989358,1.494679,0.139087
10,3,-4,0.0,2.989358,2.242019,0.139087
10,3,-3,0.0,2.242019,2.242019,0.139087
10,3,-2,0.0,1.494679,2.242019,0.139087
10,3,-1,0.0,0.747340,2.242019,0.139087
10,3,0,0.0,-0.000000,2.242019,0.139087
10,3,1,0.0,-0.747340,2.242019,0.139087
10,3,2,0.0,-1.494679,2.242019,0.139087
10,3,3,0.0,-2.242019,2.242019,0.139087
10,3,4,0.0,-2.989358,2.242019,0.139087
10,4,-4,0.0,2.989358,2.989358,0.139087
10,4,-3,0.0,2.242019,2.989358,0.139087
10,4,-2,0.0,1.494679,2.989358,0.139087
10,4,-1,0.0,0.747340,2.989358,0.139087
10,4,0,0.0,-0.000000,2.989358,0.139087
10,4,1,0.0,-0.747340,2.989358,0.139087
10,4,2,0.0,-1.494679,2.989358,0.139087
10,4,3,0.0,-2.242019,2.989358,0.139087
10,4,4,0.0,-2.989358,2.989358,0.139087
10,-4,-4,1.0,2.989358,-2.989358,0.139087
10,-4,-3,1.0,2.242019,-2.989358,0.139087
10,-4,-2,1.0,1.494679,-2.989358,0.139087
10,-4,-1,1.0,0.747340,-2.989358,0.139087
10,-4,0,1.0,-0.000000,-2.989358,0.139087
10,-4,1,1.0,-0.747340,-2.989358,0.139087
10,-4,2,1.0,-1.494679,-2.989358,0.139087
10,-4,3,1.0,-2.242019,-2.989358,0.139087
10,-4,4,1.0,-2.989358,-2.989358,0.139087
10,-3,-4,1.0,2.989358,-2.242019,0.139087
10,-3,-3,1.0,2.242019,-2.242019,0.139087
10,-3,-2,1.0,1.494679,-2.242019,0.139087
10,-3,-1,1.0,0.747340,-2.242019,0.139087
10,-3,0,1.0,-0.000000,-2.242019,0.139087
10,-3,1,1.0,-0.747340,-2.242019,0.139087
10,-3,2,1.0,-1.494679,-2.242019,0.139087
10,-3,3,1.0,-2.242019,-2.242019,0.139087
10,-3,4,1.0,-2.989358,-2.242019,0.139087
10,-2,-4,1.0,2.989358,-1.494679,0.139087
10,-2,-3,1.0,2.242019,-1.494679,0.139087
10,-2,-2,1.0,1.494679,-1.494679,0.139087
10,-2,-1,1.0,0.747340,-1.494679,0.139087
10,-2,0,1.0,-0.000000,-1.494679,0.139087
10,-2,1,1.0,-0.747340,-1.494679,0.139087
10,-2,2,1.0,-1.494679,-1.494679,0.139087
10,-2,3,1.0,-2.242019,-1.494679,0.139087
10,-2,4,1.0,-2.989358,-1.494679,0.139087
10,-1,-4,1.0,2.989358,-0.747340,0.139087
10,-1,-3,1.0,2.242019,-0.747340,0.139087
10,-1,-2,1.0,1.494679,-0.747340,0.139087
10,-1,-1,1.0,0.747340,-0.747340,0.139087
10,-1,0,1.0,-0.000000,-0.747340,0.139087
10,-1,1,1.0,-0.747340,-0.747340,0.139087
10,-1,2,1.0,-1.494679,-0.747340,0.139087
10,-1,3,1.0,-2.242019,-0.747340,0.139087
10,-1,4,1.0,-2.989358,-0.747340,0.139087
10,0,-4,1.0,2.989358,0.000000,0.139087
10,0,-3,1.0,2.242019,0.000000,0.139087
10,0,-2,1.0,1.494679,0.000000,0.139087
10,0,-1,1.0,0.747340,0.000000,0.139087
10,0,0,1.0,-0.000000,0.000000,0.139087
10,0,1,1.0,-0.747340,0.000000,0.139087
10,0,2,1.0,-1.494679,0.000000,0.139087
10,0,3,1.0,-2.242019,0.000000,0.139087
10,0,4,1.0,-2.989358,0.000000,0.139087
10,1,-4,1.0,2.989358,0.747340,0.139087
10,1,-3,1.0,2.242019,0.747340,0.139087
10,1,-2,1.0,1.494679,0.747340,0.139087
10,1,-1,1.0,0.747340,0.747340,0.139087
10,1,0,1.0,-0.000000,0.747340,0.139087
10,1,1,1.0,-0.747340,0.747340,0.139087
10,1,2,1.0,-1.494679,0.747340,0.139087
10,1,3,1.0,-2.242019,0.747340,0.139087
10,1,4,1.0,-2.989358,0.747340,0.139087
10,2,-4,1.0,2.989358,1.494679,0.139087
10,2,-3,1.0,2.242019,1.494679,0.139087
10,2,-2,1.0,1.494679,1.494679,0.139087
10,2,-1,1.0,0.747340,1.494679,0.139087
10,2,0,1.0,-0.000000,1.494679,0.139087
10,2,1,1.0,-0.747340,1.494679,0.139087
10,2,2,1.0,-1.494679,1.494679,0.139087
10,2,3,1.0,-2.242019,1.494679,0.139087
10,2,4,1.0,-2.989358,1.494679,0.139087
10,3,-4,1.0,2.989358,2.242019,0.139087
10,3,-3,1.0,2.242019,2.242019,0.139087
10,3,-2,1.0,1.494679,2.242019,0.139087
10,3,-1,1.0,0.747340,2.242019,0.139087
10,3,0,1.0,-0.000000,2.242019,0.139087
10,3,1,1.0,-0.747340,2.242019,0.139087
10,3,2,1.0,-1.494679,2.242019,0.139087
10,3,3,1.0,-2.242019,2.242019,0.139087
10,3,4,1.0,-2.989358,2.242019,0.139087
10,4,-4,1.0,2.989358,2.989358,0.139087
10,4,-3,1.0,2.242019,2.989358,0.139087
10,4,-2,1.0,1.494679,2.989358,0.139087
10,4,-1,1.0,0.747340,2.989358,0.139087
10,4,0,1.0,-0.000000,2.989358,0.139087
10,4,1,1.0,-0.747340,2.989358,0.139087
10,4,2,1.0,-1.494679,2.989358,0.139087
10,4,3,1.0,-2.242019,2.989358,0.139087
10,4,4,1.0,-2.989358,2.989358,0.139087
10,-4,-4,2.0,2.989358,-2.989358,0.139087
10,-4,-3,2.0,2.242019,-2.989358,0.139087
10,-4,-2,2.0,1.494679,-2.989358,0.139087
10,-4,-1,2.0,0.747340,-2.989358,0.139087
10,-4,0,2.0,-0.000000,-2.989358,0.139087
10,-4,1,2.0,-0.747340,-2.989358,0.139087
10,-4,2,2.0,-1.494679,-2.989358,0.139087
10,-4,3,2.0,-2.242019,-2.989358,0.139087
10,-4,4,2.0,-2.989358,-2.989358,0.139087
10,-3,-4,2.0,2.989358,-2.242019,0.139087
10,-3,-3,2.0,2.242019,-2.242019,0.139087
10,-3,-2,2.0,1.494679,-2.242019,0.139087
10,-3,-1,2.0,0.747340,-2.242019,0.139087
10,-3,0,2.0,-0.000000,-2.242019,0.139087
10,-3,1,2.0,-0.747340,-2.242019,0.139087
10,-3,2,2.0,-1.494679,-2.242019,0.139087
10,-3,3,2.0,-2.242019,-2.242019,0.139087
10,-3,4,2.0,-2.989358,-2.242019,0.139087
10,-2,-4,2.0,2.989358,-1.494679,0.139087
10,-2,-3,2.0,2.242019,-1.494679,0.139087
10,-2,-2,2.0,1.494679,-1.494679,0.139087
10,-2,-1,2.0,0.747340,-1.494679,0.139087
10,-2,0,2.0,-0.000000,-1.494679,0.139087
10,-2,1,2.0,-0.747340,-1.494679,0.139087
10,-2,2,2.0,-1.494679,-1.494679,0.139087
10,-2,3,2.0,-2.242019,-1.494679,0.139087
10,-2,4,2.0,-2.989358,-1.494679,0.139087
10,-1,-4,2.0,2.989358,-0.747340,0.139087
10,-1,-3,2.0,2.242019,-0.747340,0.139087
10,-1,-2,2.0,1.494679,-0.747340,0.139087
10,-1,-1,2.0,0.747340,-0.747340,0.139087
10,-1,0,2.0,-0.000000,-0.747340,0.139087
10,-1,1,2.0,-0.747340,-0.747340,0.139087
10,-1,2,2.0,-1.494679,-0.747340,0.139087
10,-1,3,2.0,-2.242019,-0.747340,0.139087
10,-1,4,2.0,-2.989358,-0.747340,0.139087
10,0,-4,2.0,2.989358,0.000000,0.139087
10,0,-3,2.0,2.242019,0.000000,0.139087
10,0,-2,2.0,1.494679,0.000000,0.139087
10,0,-1,2.0,0.747340,0.000000,0.139087
10,0,0,2.0,-0.000000,0.000000,0.139087
10,0,1,2.0,-0.747340,0.000000,0.139087
10,0,2,2.0,-1.494679,0.000000,0.139087
10,0,3,2.0,-2.242019,0.000000,0.139087
10,0,4,2.0,-2.989358,0.000000,0.139087
10,1,-4,2.0,2.989358,0.747340,0.139087
10,1,-3,2.0,2.242019,0.747340,0.139087
10,1,-2,2.0,1.494679,0.747340,0.139087
10,1,-1,2.0,0.747340,0.747340,0.139087
10,1,0,2.0,-0.000000,0.747340,0.139087
10,1,1,2.0,-0.747340,0.747340,0.139087
10,1,2,2.0,-1.494679,0.747340,0.139087
10,1,3,2.0,-2.242019,0.747340,0.139087
10,1,4,2.0,-2.989358,0.747340,0.139087
10,2,-4,2.0,2.989358,1.494679,0.139087
10,2,-3,2.0,2.242019,1.494679,0.139087
10,2,-2,2.0,1.494679,1.494679,0.139087
10,2,-1,2.0,0.747340,1.494679,0.139087
10,2,0,2.0,-0.000000,1.494679,0.139087
10,2,1,2.0,-0.747340,1.494679,0.139087
10,2,2,2.0,-1.494679,1.494679,0.139087
10,2,3,2.0,-2.242019,1.494679,0.139087
10,2,4,2.0,-2.989358,1.494679,0.139087
10,3,-4,2.0,2.989358,2.242019,0.139087
10,3,-3,2.0,2.242019,2.242019,0.139087
10,3,-2,2.0,1.494679,2.242019,0.139087
10,3,-1,2.0,0.747340,2.242019,0.139087
10,3,0,2.0,-0.000000,2.242019,0.139087
10,3,1,2.0,-0.747340,2.242019,0.139087
10,3,2,2.0,-1.494679,2.242019,0.139087
10,3,3,2.0,-2.242019,2.242019,0.139087
10,3,4,2.0,-2.989358,2.242019,0.139087
10,4,-4,2.0,2.989358,2.989358,0.139087
10,4,-3,2.0,2.242019,2.989358,0.139087
10,4,-2,2.0,1.494679,2.989358,0.139087
10,4,-1,2.0,0.747340,2.989358,0.139087
10,4,0,2.0,-0.000000,2.989358,0.139087
10,4,1,2.0,-0.747340,2.989358,0.139087
10,4,2,2.0,-1.494679,2.989358,0.139087
10,4,3,2.0,-2.242019,2.989358,0.139087
10,4,4,2.0,-2.989358,2.989358,0.139087
10,-4,-4,3.0,2.989358,-2.989358,0.139087
10,-4,-3,3.0,2.242019,-2.989358,0.139087
10,-4,-2,3.0,1.494679,-2.989358,0.139087
10,-4,-1,3.0,0.747340,-2.989358,0.139087
10,-4,0,3.0,-0.000000,-2.989358,0.139087
10,-4,1,3.0,-0.747340,-2.989358,0.139087
10,-4,2,3.0,-1.494679,-2.989358,0.139087
10,-4,3,3.0,-2.242019,-2.989358,0.139087
10,-4,4,3.0,-2.989358,-2.989358,0.139087
10,-3,-4,3.0,2.989358,-2.242019,0.139087
10,-3,-3,3.0,2.242019,-2.242019,0.139087
10,-3,-2,3.0,1.494679,-2.242019,0.139087
10,-3,-1,3.0,0.747340,-2.242019,0.139087
10,-3,0,3.0,-0.000000,-2.242019,0.139087
10,-3,1,3.0,-0.747340,-2.242019,0.139087
10,-3,2,3.0,-1.494679,-2.242019,0.139087
10,-3,3,3.0,-2.242019,-2.242019,0.139087
10,-3,4,3.0,-2.989358,-2.242019,0.139087
10,-2,-4,3.0,2.989358,-1.494679,0.139087
10,-2,-3,3.0,2.242019,-1.494679,0.139087
10,-2,-2,3.0,1.494679,-1.494679,0.139087
10,-2,-1,3.0,0.747340,-1.494679,0.139087
10,-2,0,3.0,-0.000000,-1.494679,0.139087
10,-2,1,3.0,-0.747340,-1.494679,0.139087
10,-2,2,3.0,-1.494679,-1.494679,0.139087
10,-2,3,3.0,-2.242019,-1.494679,0.139087
10,-2,4,3.0,-2.989358,-1.494679,0.139087
10,-1,-4,3.0,2.989358,-0.747340,0.139087
10,-1,-3,3.0,2.242019,-0.747340,0.139087
10,-1,-2,3.0,1.494679,-0.747340,0.139087
10,-1,-1,3.0,0.747340,-0.747340,0.139087
10,-1,0,3.0,-0.000000,-0.747340,0.139087
10,-1,1,3.0,-0.747340,-0.747340,0.139087
10,-1,2,3.0,-1.494679,-0.747340,0.139087
10,-1,3,3.0,-2.242019,-0.747340,0.139087
10,-1,4,3.0,-2.989358,-0.747340,0.139087
10,0,-4,3.0,2.989358,0.000000,0.139087
10,0,-3,3.0,2.242019,0.000000,0.139087
10,0,-2,3.0,1.494679,0.000000,0.139087
10,0,-1,3.0,0.747340,0.000000,0.139087
10,0,0,3.0,-0.000000,0.000000,0.139087
10,0,1,3.0,-0.747340,0.000000,0.139087
10,0,2,3.0,-1.494679,0.000000,0.139087
10,0,3,3.0,-2.242019,0.000000,0.139087
10,0,4,3.0,-2.989358,0.000000,0.139087
10,1,-4,3.0,2.989358,0.747340,0.139087
10,1,-3,3.0,2.242019,0.747340,0.139087
10,1,-2,3.0,1.494679,0.747340,0.139087
10,1,-1,3.0,0.747340,0.747340,0.139087
10,1,0,3.0,-0.000000,0.747340,0.139087
10,1,1,3.0,-0.747340,0.747340,0.139087
10,1,2,3.0,-1.494679,0.747340,0.139087
10,1,3,3.0,-2.242019,0.747340,0.139087
10,1,4,3.0,-2.989358,0.747340,0.139087
10,2,-4,3.0,2.989358,1.494679,0.139087
10,2,-3,3.0,2.242019,1.494679,0.139087
10,2,-2,3.0,1.494679,1.494679,0.139087
10,2,-1,3.0,0.747340,1.494679,0.139087
10,2,0,3.0,-0.000000,1.494679,0.139087
10,2,1,3.0,-0.747340,1.494679,0.139087
10,2,2,3.0,-1.494679,1.494679,0.139087
10,2,3,3.0,-2.242019,1.494679,0.139087
10,2,4,3.0,-2.989358,1.494679,0.139087
10,3,-4,3.0,2.989358,2.242019,0.139087
10,3,-3,3.0,2.242019,2.242019,0.139087
10,3,-2,3.0,1.494679,2.242019,0.139087
10,3,-1,3.0,0.747340,2.242019,0.139087
10,3,0,3.0,-0.000000,2.242019,0.139087
10,3,1,3.0,-0.747340,2.242019,0.139087
10,3,2,3.0,-1.494679,2.242019,0.139087
10,3,3,3.0,-2.242019,2.242019,0.139087
10,3,4,3.0,-2.989358,2.242019,0.139087
10,4,-4,3.0,2.989358,2.989358,0.139087
10,4,-3,3.0,2.242019,2.989358,0.139087
10,4,-2,3.0,1.494679,2.989358,0.139087
10,4,-1,3.0,0.747340,2.989358,0.139087
10,4,0,3.0,-0.000000,2.989358,0.139087
10,4,1,3.0,-0.747340,2.989358,0.139087
10,4,2,3.0,-1.494679,2.989358,0.139087
10,4,3,3.0,-2.242019,2.989358,0.139087
10,4,4,3.0,-2.989358,2.989358,0.139087
11,-4,-4,0.0,2.584917,-2.584917,0.089168
11,-4,-3,0.0,1.938688,-2.584917,0.089168
11,-4,-2,0.0,1.292459,-2.584917,0.089168
11,-4,-1,0.0,0.646229,-2.584917,0.089168
11,-4,0,0.0,-0.000000,-2.584917,0.089168
11,-4,1,0.0,-0.646229,-2.584917,0.089168
11,-4,2,0.0,-1.292459,-2.584917,0.089168
11,-4,3,0.0,-1.938688,-2.584917,0.089168
11,-4,4,0.0,-2.584917,-2.584917,0.089168
11,-3,-4,0.0,2.584917,-1.938688,0.089168
11,-3,-3,0.0,1.938688,-1.938688,0.089168
11,-3,-2,0.0,1.292459,-1.938688,0.089168
11,-3,-1,0.0,0.646229,-1.938688,0.089168
11,-3,0,0.0,-0.000000,-1.938688,0.089168
11,-3,1,0.0,-0.646229,-1.938688,0.089168
11,-3,2,0.0,-1.292459,-1.938688,0.089168
11,-3,3,0.0,-1.938688,-1.938688,0.089168
11,-3,4,0.0,-2.584917,-1.938688,0.089168
11,-2,-4,0.0,2.584917,-1.292459,0.089168
11,-2,-3,0.0,1.938688,-1.292459,0.089168
11,-2,-2,0.0,1.292459,-1.292459,0.089168
11,-2,-1,0.0,0.646229,-1.292459,0.089168
11,-2,0,0.0,-0.000000,-1.292459,0.089168
11,-2,1,0.0,-0.646229,-1.292459,0.089168
11,-2,2,0.0,-1.292459,-1.292459,0.089168
11,-2,3,0.0,-1.938688,-1.292459,0.089168
11,-2,4,0.0,-2.584917,-1.292459,0.089168
11,-1,-4,0.0,2.584917,-0.646229,0.089168
11,-1,-3,0.0,1.938688,-0.646229,0.089168
11,-1,-2,0.0,1.292459,-0.646229,0.089168
11,-1,-1,0.0,0.646229,-0.646229,0.089168
11,-1,0,0.0,-0.000000,-0.646229,0.089168
11,-1,1,0.0,-0.646229,-0.646229,0.089168
11,-1,2,0.0,-1.292459,-0.646229,0.089168
11,-1,3,0.0,-1.938688,-0.646229,0.089168
11,-1,4,0.0,-2.584917,-0.646229,0.089168
11,0,-4,0.0,2.584917,0.000000,0.089168
11,0,-3,0.0,1.938688,0.000000,0.089168
11,0,-2,0.0,1.292459,0.000000,0.089168
11,0,-1,0.0,0.646229,0.000000,0.089168
11,0,0,0.0,-0.000000,0.000000,0.089168
11,0,1,0.0,-0.646229,0.000000,0.089168
11,0,2,0.0,-1.292459,0.000000,0.089168
11,0,3,0.0,-1.938688,0.000000,0.089168
11,0,4,0.0,-2.584917,0.000000,0.089168
11,1,-4,0.0,2.584917,0.646229,0.089168
11,1,-3,0.0,1.938688,0.646229,0.089168
11,1,-2,0.0,1.292459,0.646229,0.089168
11,1,-1,0.0,0.646229,0.646229,0.089168
11,1,0,0.0,-0.000000,0.646229,0.089168
11,1,1,0.0,-0.646229,0.646229,0.089168
11,1,2,0.0,-1.292459,0.646229,0.089168
11,1,3,0.0,-1.938688,0.646229,0.089168
11,1,4,0.0,-2.584917,0.646229,0.089168
11,2,-4,0.0,2.584917,1.292459,0.089168
11,2,-3,0.0,1.938688,1.292459,0.089168
11,2,-2,0.0,1.292459,1.292459,0.089168
11,2,-1,0.0,0.646229,1.292459,0.089168
11,2,0,0.0,-0.000000,1.292459,0.089168
11,2,1,0.0,-0.646229,1.292459,0.089168
11,2,2,0.0,-1.292459,1.292459,0.089168
11,2,3,0.0,-1.938688,1.292459,0.089168
11,2,4,0.0,-2.584917,1.292459,0.089168
11,3,-4,0.0,2.584917,1.938688,0.089168
11,3,-3,0.0,1.938688,1.938688,0.089168
11,3,-2,0.0,1.292459,1.938688,0.089168
11,3,-1,0.0,0.646229,1.938688,0.089168
11,3,0,0.0,-0.000000,1.938688,0.089168
11,3,1,0.0,-0.646229,1.938688,0.089168
11,3,2,0.0,-1.292459,1.938688,0.089168
11,3,3,0.0,-1.938688,1.938688,0.089168
11,3,4,0.0,-2.584917,1.938688,0.089168
11,4,-4,0.0,2.584917,2.584917,0.089168
11,4,-3,0.0,1.938688,2.584917,0.089168
11,4,-2,0.0,1.292459,2.584917,0.089168
11,4,-1,0.0,0.646229,2.584917,0.089168
11,4,0,0.0,-0.000000,2.584917,0.089168
11,4,1,0.0,-0.646229,2.584917,0.089168
11,4,2,0.0,-1.292459,2.584917,0.089168
11,4,3,0.0,-1.938688,2.584917,0.089168
11,4,4,0.0,-2.584917,2.584917,0.089168
11,-4,-4,1.0,2.584917,-2.584917,0.089168
11,-4,-3,1.0,1.938688,-2.584917,0.089168
11,-4,-2,1.0,1.292459,-2.584917,0.089168
11,-4,-1,1.0,0.646229,-2.584917,0.089168
11,-4,0,1.0,-0.000000,-2.584917,0.089168
11,-4,1,1.0,-0.646229,-2.584917,0.089168
11,-4,2,1.0,-1.292459,-2.584917,0.089168
11,-4,3,1.0,-1.938688,-2.584917,0.089168
11,-4,4,1.0,-2.584917,-2.584917,0.089168
11,-3,-4,1.0,2.584917,-1.938688,0.089168
11,-3,-3,1.0,1.938688,-1.938688,0.089168
11,-3,-2,1.0,1.292459,-1.938688,0.089168
11,-3,-1,1.0,0.646229,-1.938688,0.089168
11,-3,0,1.0,-0.000000,-1.938688,0.089168
11,-3,1,1.0,-0.646229,-1.938688,0.089168
11,-3,2,1.0,-1.292459,-1.938688,0.089168
11,-3,3,1.0,-1.938688,-1.938688,0.089168
11,-3,4,1.0,-2.584917,-1.938688,0.089168
11,-2,-4,1.0,2.584917,-1.292459,0.089168
11,-2,-3,1.0,1.938688,-1.292459,0.089168
11,-2,-2,1.0,1.292459,-1.292459,0.089168
11,-2,-1,1.0,0.646229,-1.292459,0.089168
11,-2,0,1.0,-0.000000,-1.292459,0.089168
11,-2,1,1.0,-0.646229,-1.292459,0.089168
11,-2,2,1.0,-1.292459,-1.292459,0.089168
11,-2,3,1.0,-1.938688,-1.292459,0.089168
11,-2,4,1.0,-2.584917,-1.292459,0.089168
11,-1,-4,1.0,2.584917,-0.646229,0.089168
11,-1,-3,1.0,1.938688,-0.646229,0.089168
11,-1,-2,1.0,1.292459,-0.646229,0.089168
11,-1,-1,1.0,0.646229,-0.646229,0.089168
11,-1,0,1.0,-0.000000,-0.646229,0.089168
11,-1,1,1.0,-0.646229,-0.646229,0.089168
11,-1,2,1.0,-1.292459,-0.646229,0.089168
11,-1,3,1.0,-1.938688,-0.646229,0.089168
11,-1,4,1.0,-2.584917,-0.646229,0.089168
11,0,-4,1.0,2.584917,0.000000,0.089168
11,0,-3,1.0,1.938688,0.000000,0.089168
11,0,-2,1.0,1.292459,0.000000,0.089168
11,0,-1,1.0,0.646229,0.000000,0.089168
11,0,0,1.0,-0.000000,0.000000,0.089168
11,0,1,1.0,-0.646229,0.000000,0.089168
11,0,2,1.0,-1.292459,0.000000,0.089168
11,0,3,1.0,-1.938688,0.000000,0.089168
11,0,4,1.0,-2.584917,0.000000,0.089168
11,1,-4,1.0,2.584917,0.646229,0.089168
11,1,-3,1.0,1.938688,0.646229,0.089168
11,1,-2,1.0,1.292459,0.646229,0.089168
11,1,-1,1.0,0.646229,0.646229,0.089168
11,1,0,1.0,-0.000000,0.646229,0.089168
11,1,1,1.0,-0.646229,0.646229,0.089168
11,1,2,1.0,-1.292459,0.646229,0.089168
11,1,3,1.0,-1.938688,0.646229,0.089168
11,1,4,1.0,-2.584917,0.646229,0.089168
11,2,-4,1.0,2.584917,1.292459,0.089168
11,2,-3,1.0,1.938688,1.292459,0.089168
11,2,-2,1.0,1.292459,1.292459,0.089168
11,2,-1,1.0,0.646229,1.292459,0.089168
11,2,0,1.0,-0.000000,1.292459,0.089168
11,2,1,1.0,-0.646229,1.292459,0.089168
11,2,2,1.0,-1.292459,1.292459,0.089168
11,2,3,1.0,-1.938688,1.292459,0.089168
11,2,4,1.0,-2.584917,1.292459,0.089168
11,3,-4,1.0,2.584917,1.938688,0.089168
11,3,-3,1.0,1.938688,1.938688,0.089168
11,3,-2,1.0,1.292459,1.938688,0.089168
11,3,-1,1.0,0.646229,1.938688,0.089168
11,3,0,1.0,-0.000000,1.938688,0.089168
11,3,1,1.0,-0.646229,1.938688,0.089168
11,3,2,1.0,-1.292459,1.938688,0.089168
11,3,3,1.0,-1.938688,1.938688,0.089168
11,3,4,1.0,-2.584917,1.938688,0.089168
11,4,-4,1.0,2.584917,2.584917,0.089168
11,4,-3,1.0,1.938688,2.584917,0.089168
11,4,-2,1.0,1.292459,2.584917,0.089168
11,4,-1,1.0,0.646229,2.584917,0.089168
11,4,0,1.0,-0.000000,2.584917,0.089168
11,4,1,1.0,-0.646229,2.584917,0.089168
11,4,2,1.0,-1.292459,2.584917,0.089168
11,4,3,1.0,-1.938688,2.584917,0.089168
11,4,4,1.0,-2.584917,2.584917,0.089168
11,-4,-4,2.0,2.584917,-2.584917,0.089168
11,-4,-3,2.0,1.938688,-2.584917,0.089168
11,-4,-2,2.0,1.292459,-2.584917,0.089168
11,-4,-1,2.0,0.646229,-2.584917,0.089168
11,-4,0,2.0,-0.000000,-2.584917,0.089168
11,-4,1,2.0,-0.646229,-2.584917,0.089168
11,-4,2,2.0,-1.292459,-2.584917,0.089168
11,-4,3,2.0,-1.938688,-2.584917,0.089168
11,-4,4,2.0,-2.584917,-2.584917,0.089168
11,-3,-4,2.0,2.584917,-1.938688,0.089168
11,-3,-3,2.0,1.938688,-1.938688,0.089168
11,-3,-2,2.0,1.292459,-1.938688,0.089168
11,-3,-1,2.0,0.646229,-1.938688,0.089168
11,-3,0,2.0,-0.000000,-1.938688,0.089168
11,-3,1,2.0,-0.646229,-1.938688,0.089168
11,-3,2,2.0,-1.292459,-1.938688,0.089168
11,-3,3,2.0,-1.938688,-1.938688,0.089168
11,-3,4,2.0,-2.584917,-1.938688,0.089168
11,-2,-4,2.0,2.584917,-1.292459,0.089168
11,-2,-3,2.0,1.938688,-1.292459,0.089168
11,-2,-2,2.0,1.292459,-1.292459,0.089168
11,-2,-1,2.0,0.646229,-1.292459,0.089168
11,-2,0,2.0,-0.000000,-1.292459,0.089168
11,-2,1,2.0,-0.646229,-1.292459,0.089168
11,-2,2,2.0,-1.292459,-1.292459,0.089168
11,-2,3,2.0,-1.938688,-1.292459,0.089168
11,-2,4,2.0,-2.584917,-1.292459,0.089168
11,-1,-4,2.0,2.584917,-0.646229,0.089168
11,-1,-3,2.0,1.938688,-0.646229,0.089168
11,-1,-2,2.0,1.292459,-0.646229,0.089168
11,-1,-1,2.0,0.646229,-0.646229,0.089168
11,-1,0,2.0,-0.000000,-0.646229,0.089168
11,-1,1,2.0,-0.646229,-0.646229,0.089168
11,-1,2,2.0,-1.292459,-0.646229,0.089168
11,-1,3,2.0,-1.938688,-0.646229,0.089168
11,-1,4,2.0,-2.584917,-0.646229,0.089168
11,0,-4,2.0,2.584917,0.000000,0.089168
11,0,-3,2.0,1.938688,0.000000,0.089168
11,0,-2,2.0,1.292459,0.000000,0.089168
11,0,-1,2.0,0.646229,0.000000,0.089168
11,0,0,2.0,-0.000000,0.000000,0.089168
11,0,1,2.0,-0.646229,0.000000,0.089168
11,0,2,2.0,-1.292459,0.000000,0.089168
11,0,3,2.0,-1.938688,0.000000,0.089168
11,0,4,2.0,-2.584917,0.000000,0.089168
11,1,-4,2.0,2.584917,0.646229,0.089168
11,1,-3,2.0,1.938688,0.646229,0.089168
11,1,-2,2.0,1.292459,0.646229,0.089168
11,1,-1,2.0,0.646229,0.646229,0.089168
11,1,0,2.0,-0.000000,0.646229,0.089168
11,1,1,2.0,-0.646229,0.646229,0.089168
11,1,2,2.0,-1.292459,0.646229,0.089168
11,1,3,2.0,-1.938688,0.646229,0.089168
11,1,4,2.0,-2.584917,0.646229,0.089168
11,2,-4,2.0,2.584917,1.292459,0.089168
11,2,-3,2.0,1.938688,1.292459,0.089168
11,2,-2,2.0,1.292459,1.292459,0.089168
11,2,-1,2.0,0.646229,1.292459,0.089168
11,2,0,2.0,-0.000000,1.292459,0.089168
11,2,1,2.0,-0.646229,1.292459,0.089168
11,2,2,2.0,-1.292459,1.292459,0.089168
11,2,3,2.0,-1.938688,1.292459,0.089168
11,2,4,2.0,-2.584917,1.292459,0.089168
11,3,-4,2.0,2.584917,1.938688,0.089168
11,3,-3,2.0,1.938688,1.938688,0.089168
11,3,-2,2.0,1.292459,1.938688,0.089168
11,3,-1,2.0,0.646229,1.938688,0.089168
11,3,0,2.0,-0.000000,1.938688,0.089168
11,3,1,2.0,-0.646229,1.938688,0.089168
11,3,2,2.0,-1.292459,1.938688,0.089168
11,3,3,2.0,-1.938688,1.938688,0.089168
11,3,4,2.0,-2.584917,1.938688,0.089168
11,4,-4,2.0,2.584917,2.584917,0.089168
11,4,-3,2.0,1.938688,2.584917,0.089168
11,4,-2,2.0,1.292459,2.584917,0.089168
11,4,-1,2.0,0.646229,2.584917,0.089168
11,4,0,2.0,-0.000000,2.584917,0.089168
11,4,1,2.0,-0.646229,2.584917,0.089168
11,4,2,2.0,-1.292459,2.584917,0.089168
11,4,3,2.0,-1.938688,2.584917,0.089168
11,4,4,2.0,-2.584917,2.584917,0.089168
11,-4,-4,3.0,2.584917,-2.584917,0.089168
11,-4,-3,3.0,1.938688,-2.584917,0.089168
11,-4,-2,3.0,1.292459,-2.584917,0.089168
11,-4,-1,3.0,0.646229,-2.584917,0.089168
11,-4,0,3.0,-0.000000,-2.584917,0.089168
11,-4,1,3.0,-0.646229,-2.584917,0.089168
11,-4,2,3.0,-1.292459,-2.584917,0.089168
11,-4,3,3.0,-1.938688,-2.584917,0.089168
11,-4,4,3.0,-2.584917,-2.584917,0.089168
11,-3,-4,3.0,2.584917,-1.938688,0.089168
11,-3,-3,3.0,1.938688,-1.938688,0.089168
11,-3,-2,3.0,1.292459,-1.938688,0.089168
11,-3,-1,3.0,0.646229,-1.938688,0.089168
11,-3,0,3.0,-0.000000,-1.938688,0.089168
11,-3,1,3.0,-0.646229,-1.938688,0.089168
11,-3,2,3.0,-1.292459,-1.938688,0.089168
11,-3,3,3.0,-1.938688,-1.938688,0.089168
11,-3,4,3.0,-2.584917,-1.938688,0.089168
11,-2,-4,3.0,2.584917,-1.292459,0.089168
11,-2,-3,3.0,1.938688,-1.292459,0.089168
11,-2,-2,3.0,1.292459,-1.292459,0.089168
11,-2,-1,3.0,0.646229,-1.292459,0.089168
11,-2,0,3.0,-0.000000,-1.292459,0.089168
11,-2,1,3.0,-0.646229,-1.292459,0.089168
11,-2,2,3.0,-1.292459,-1.292459,0.089168
11,-2,3,3.0,-1.938688,-1.292459,0.089168
11,-2,4,3.0,-2.584917,-1.292459,0.089168
11,-1,-4,3.0,2.584917,-0.646229,0.089168
11,-1,-3,3.0,1.938688,-0.646229,0.089168
11,-1,-2,3.0,1.292459,-0.646229,0.089168
11,-1,-1,3.0,0.646229,-0.646229,0.089168
11,-1,0,3.0,-0.000000,-0.646229,0.089168
11,-1,1,3.0,-0.646229,-0.646229,0.089168
11,-1,2,3.0,-1.292459,-0.646229,0.089168
11,-1,3,3.0,-1.938688,-0.646229,0.089168
11,-1,4,3.0,-2.584917,-0.646229,0.089168
11,0,-4,3.0,2.584917,0.000000,0.089168
11,0,-3,3.0,1.938688,0.000000,0.089168
11,0,-2,3.0,1.292459,0.000000,0.089168
11,0,-1,3.0,0.646229,0.000000,0.089168
11,0,0,3.0,-0.000000,0.000000,0.089168
11,0,1,3.0,-0.646229,0.000000,0.089168
11,0,2,3.0,-1.292459,0.000000,0.089168
11,0,3,3.0,-1.938688,0.000000,0.089168
11,0,4,3.0,-2.584917,0.000000,0.089168
11,1,-4,3.0,2.584917,0.646229,0.089168
11,1,-3,3.0,1.938688,0.646229,0.089168
11,1,-2,3.0,1.292459,0.646229,0.089168
11,1,-1,3.0,0.646229,0.646229,0.089168
11,1,0,3.0,-0.000000,0.646229,0.089168
11,1,1,3.0,-0.646229,0.646229,0.089168
11,1,2,3.0,-1.292459,0.646229,0.089168
11,1,3,3.0,-1.938688,0.646229,0.089168
11,1,4,3.0,-2.584917,0.646229,0.089168
11,2,-4,3.0,2.584917,1.292459,0.089168
11,2,-3,3.0,1.938688,1.292459,0.089168
11,2,-2,3.0,1.292459,1.292459,0.089168
11,2,-1,3.0,0.646229,1.292459,0.089168
11,2,0,3.0,-0.000000,1.292459,0.089168
11,2,1,3.0,-0.646229,1.292459,0.089168
11,2,2,3.0,-1.292459,1.292459,0.089168
11,2,3,3.0,-1.938688,1.292459,0.089168
11,2,4,3.0,-2.584917,1.292459,0.089168
11,3,-4,3.0,2.584917,1.938688,0.089168
11,3,-3,3.0,1.938688,1.938688,0.089168
11,3,-2,3.0,1.292459,1.938688,0.089168
11,3,-1,3.0,0.646229,1.938688,0.089168
11,3,0,3.0,-0.000000,1.938688,0.089168
11,3,1,3.0,-0.646229,1.938688,0.089168
11,3,2,3.0,-1.292459,1.938688,0.089168
11,3,3,3.0,-1.938688,1.938688,0.089168
11,3,4,3.0,-2.584917,1.938688,0.089168
11,4,-4,3.0,2.584917,2.584917,0.089168
11,4,-3,3.0,1.938688,2.584917,0.089168
11,4,-2,3.0,1.292459,2.584917,0.089168
11,4,-1,3.0,0.646229,2.584917,0.089168
11,4,0,3.0,-0.000000,2.584917,0.089168
11,4,1,3.0,-0.646229,2.584917,0.089168
11,4,2,3.0,-1.292459,2.584917,0.089168
11,4,3,3.0,-1.938688,2.584917,0.089168
11,4,4,3.0,-2.584917,2.584917,0.089168
12,-4,-4,0.0,1.825673,-1.825673,0.076148
12,-4,-3,0.0,1.369255,-1.825673,0.076148
12,-4,-2,0.0,0.912837,-1.825673,0.076148
12,-4,-1,0.0,0.456418,-1.825673,0.076148
12,-4,0,0.0,-0.000000,-1.825673,0.076148
12,-4,1,0.0,-0.456418,-1.825673,0.076148
12,-4,2,0.0,-0.912837,-1.825673,0.076148
12,-4,3,0.0,-1.369255,-1.825673,0.076148
12,-4,4,0.0,-1.825673,-1.825673,0.076148
12,-3,-4,0.0,1.825673,-1.369255,0.076148
12,-3,-3,0.0,1.369255,-1.369255,0.076148
12,-3,-2,0.0,0.912837,-1.369255,0.076148
12,-3,-1,0.0,0.456418,-1.369255,0.076148
12,-3,0,0.0,-0.000000,-1.369255,0.076148
12,-3,1,0.0,-0.456418,-1.369255,0.076148
12,-3,2,0.0,-0.912837,-1.369255,0.076148
12,-3,3,0.0,-1.369255,-1.369255,0.076148
12,-3,4,0.0,-1.825673,-1.369255,0.076148
12,-2,-4,0.0,1.825673,-0.912837,0.076148
12,-2,-3,0.0,1.369255,-0.912837,0.076148
12,-2,-2,0.0,0.912837,-0.912837,0.076148
12,-2,-1,0.0,0.456418,-0.912837,0.076148
12,-2,0,0.0,-0.000000,-0.912837,0.076148
12,-2,1,0.0,-0.456418,-0.912837,0.076148
12,-2,2,0.0,-0.912837,-0.912837,0.076148
12,-2,3,0.0,-1.369255,-0.912837,0.076148
12,-2,4,0.0,-1.825673,-0.912837,0.076148
12,-1,-4,0.0,1.825673,-0.456418,0.076148
12,-1,-3,0.0,1.369255,-0.456418,0.076148
12,-1,-2,0.0,0.912837,-0.456418,0.076148
12,-1,-1,0.0,0.456418,-0.456418,0.076148
12,-1,0,0.0,-0.000000,-0.456418,0.076148
12,-1,1,0.0,-0.456418,-0.456418,0.076148
12,-1,2,0.0,-0.912837,-0.456418,0.076148
12,-1,3,0.0,-1.369255,-0.456418,0.076148
12,-1,4,0.0,-1.825673,-0.456418,0.076148
12,0,-4,0.0,1.825673,0.000000,0.076148
12,0,-3,0.0,1.369255,0.000000,0.076148
12,0,-2,0.0,0.912837,0.000000,0.076148
12,0,-1,0.0,0.456418,0.000000,0.076148
12,0,0,0.0,-0.000000,0.000000,0.076148
12,0,1,0.0,-0.456418,0.000000,0.076148
12,0,2,0.0,-0.912837,0.000000,0.076148
12,0,3,0.0,-1.369255,0.000000,0.076148
12,0,4,0.0,-1.825673,0.000000,0.076148
12,1,-4,0.0,1.825673,0.456418,0.076148
12,1,-3,0.0,1.369255,0.456418,0.076148
12,1,-2,0.0,0.912837,0.456418,0.076148
12,1,-1,0.0,0.456418,0.456418,0.076148
12,1,0,0.0,-0.000000,0.456418,0.076148
12,1,1,0.0,-0.456418,0.456418,0.076148
12,1,2,0.0,-0.912837,0.456418,0.076148
12,1,3,0.0,-1.369255,0.456418,0.076148
12,1,4,0.0,-1.825673,0.456418,0.076148
12,2,-4,0.0,1.825673,0.912837,0.076148
12,2,-3,0.0,1.369255,0.912837,0.076148
12,2,-2,0.0,0.912837,0.912837,0.076148
12,2,-1,0.0,0.456418,0.912837,0.076148
12,2,0,0.0,-0.000000,0.912837,0.076148
12,2,1,0.0,-0.456418,0.912837,0.076148
12,2,2,0.0,-0.912837,0.912837,0.076148
12,2,3,0.0,-1.369255,0.912837,0.076148
12,2,4,0.0,-1.825673,0.912837,0.076148
12,3,-4,0.0,1.825673,1.369255,0.076148
12,3,-3,0.0,1.369255,1.369255,0.076148
12,3,-2,0.0,0.912837,1.369255,0.076148
12,3,-1,0.0,0.456418,1.369255,0.076148
12,3,0,0.0,-0.000000,1.369255,0.076148
12,3,1,0.0,-0.456418,1.369255,0.076148
12,3,2,0.0,-0.912837,1.369255,0.076148
12,3,3,0.0,-1.369255,1.369255,0.076148
12,3,4,0.0,-1.825673,1.369255,0.076148
12,4,-4,0.0,1.825673,1.825673,0.076148
12,4,-3,0.0,1.369255,1.825673,0.076148
12,4,-2,0.0,0.912837,1.825673,0.076148
12,4,-1,0.0,0.456418,1.825673,0.076148
12,4,0,0.0,-0.000000,1.825673,0.076148
12,4,1,0.0,-0.456418,1.825673,0.076148
12,4,2,0.0,-0.912837,1.825673,0.076148
12,4,3,0.0,-1.369255,1.825673,0.076148
12,4,4,0.0,-1.825673,1.825673,0.076148
12,-4,-4,1.0,1.825673,-1.825673,0.076148
12,-4,-3,1.0,1.369255,-1.825673,0.076148
12,-4,-2,1.0,0.912837,-1.825673,0.076148
12,-4,-1,1.0,0.456418,-1.825673,0.076148
12,-4,0,1.0,-0.000000,-1.825673,0.076148
12,-4,1,1.0,-0.456418,-1.825673,0.076148
12,-4,2,1.0,-0.912837,-1.825673,0.076148
12,-4,3,1.0,-1.369255,-1.825673,0.076148
12,-4,4,1.0,-1.825673,-1.825673,0.076148
12,-3,-4,1.0,1.825673,-1.369255,0.076148
12,-3,-3,1.0,1.369255,-1.369255,0.076148
12,-3,-2,1.0,0.912837,-1.369255,0.076148
12,-3,-1,1.0,0.456418,-1.369255,0.076148
12,-3,0,1.0,-0.000000,-1.369255,0.076148
12,-3,1,1.0,-0.456418,-1.369255,0.076148
12,-3,2,1.0,-0.912837,-1.369255,0.076148
12,-3,3,1.0,-1.369255,-1.369255,0.076148
12,-3,4,1.0,-1.825673,-1.369255,0.076148
12,-2,-4,1.0,1.825673,-0.912837,0.076148
12,-2,-3,1.0,1.369255,-0.912837,0.076148
12,-2,-2,1.0,0.912837,-0.912837,0.076148
12,-2,-1,1.0,0.456418,-0.912837,0.076148
12,-2,0,1.0,-0.000000,-0.912837,0.076148
12,-2,1,1.0,-0.456418,-0.912837,0.076148
12,-2,2,1.0,-0.912837,-0.912837,0.076148
12,-2,3,1.0,-1.369255,-0.912837,0.076148
12,-2,4,1.0,-1.825673,-0.912837,0.076148
12,-1,-4,1.0,1.825673,-0.456418,0.076148
12,-1,-3,1.0,1.369255,-0.456418,0.076148
12,-1,-2,1.0,0.912837,-0.456418,0.076148
12,-1,-1,1.0,0.456418,-0.456418,0.076148
12,-1,0,1.0,-0.000000,-0.456418,0.076148
12,-1,1,1.0,-0.456418,-0.456418,0.076148
12,-1,2,1.0,-0.912837,-0.456418,0.076148
12,-1,3,1.0,-1.369255,-0.456418,0.076148
12,-1,4,1.0,-1.825673,-0.456418,0.076148
12,0,-4,1.0,1.825673,0.000000,0.076148
12,0,-3,1.0,1.369255,0.000000,0.076148
12,0,-2,1.0,0.912837,0.000000,0.076148
12,0,-1,1.0,0.456418,0.000000,0.076148
12,0,0,1.0,-0.000000,0.000000,0.076148
12,0,1,1.0,-0.456418,0.000000,0.076148
12,0,2,1.0,-0.912837,0.000000,0.076148
12,0,3,1.0,-1.369255,0.000000,0.076148
12,0,4,1.0,-1.825673,0.000000,0.076148
12,1,-4,1.0,1.825673,0.456418,0.076148
12,1,-3,1.0,1.369255,0.456418,0.076148
12,1,-2,1.0,0.912837,0.456418,0.076148
12,1,-1,1.0,0.456418,0.456418,0.076148
12,1,0,1.0,-0.000000,0.456418,0.076148
12,1,1,1.0,-0.456418,0.456418,0.076148
12,1,2,1.0,-0.912837,0.456418,0.076148
12,1,3,1.0,-1.369255,0.456418,0.076148
12,1,4,1.0,-1.825673,0.456418,0.076148
12,2,-4,1.0,1.825673,0.912837,0.076148
12,2,-3,1.0,1.369255,0.912837,0.076148
12,2,-2,1.0,0.912837,0.912837,0.076148
12,2,-1,1.0,0.456418,0.912837,0.076148
12,2,0,1.0,-0.000000,0.912837,0.076148
12,2,1,1.0,-0.456418,0.912837,0.076148
12,2,2,1.0,-0.912837,0.912837,0.076148
12,2,3,1.0,-1.369255,0.912837,0.076148
12,2,4,1.0,-1.825673,0.912837,0.076148
12,3,-4,1.0,1.825673,1.369255,0.076148
12,3,-3,1.0,1.369255,1.369255,0.076148
12,3,-2,1.0,0.912837,1.369255,0.076148
12,3,-1,1.0,0.456418,1.369255,0.076148
12,3,0,1.0,-0.000000,1.369255,0.076148
12,3,1,1.0,-0.456418,1.369255,0.076148
12,3,2,1.0,-0.912837,1.369255,0.076148
12,3,3,1.0,-1.369255,1.369255,0.076148
12,3,4,1.0,-1.825673,1.369255,0.076148
12,4,-4,1.0,1.825673,1.825673,0.076148
12,4,-3,1.0,1.369255,1.825673,0.076148
12,4,-2,1.0,0.912837,1.825673,0.076148
12,4,-1,1.0,0.456418,1.825673,0.076148
12,4,0,1.0,-0.000000,1.825673,0.076148
12,4,1,1.0,-0.456418,1.825673,0.076148
12,4,2,1.0,-0.912837,1.825673,0.076148
12,4,3,1.0,-1.369255,1.825673,0.076148
12,4,4,1.0,-1.825673,1.825673,0.076148
12,-4,-4,2.0,1.825673,-1.825673,0.076148
12,-4,-3,2.0,1.369255,-1.825673,0.076148
12,-4,-2,2.0,0.912837,-1.825673,0.076148
12,-4,-1,2.0,0.456418,-1.825673,0.076148
12,-4,0,2.0,-0.000000,-1.825673,0.076148
12,-4,1,2.0,-0.456418,-1.825673,0.076148
12,-4,2,2.0,-0.912837,-1.825673,0.076148
12,-4,3,2.0,-1.369255,-1.825673,0.076148
12,-4,4,2.0,-1.825673,-1.825673,0.076148
12,-3,-4,2.0,1.825673,-1.369255,0.076148
12,-3,-3,2.0,1.369255,-1.369255,0.076148
12,-3,-2,2.0,0.912837,-1.369255,0.076148
12,-3,-1,2.0,0.456418,-1.369255,0.076148
12,-3,0,2.0,-0.000000,-1.369255,0.076148
12,-3,1,2.0,-0.456418,-1.369255,0.076148
12,-3,2,2.0,-0.912837,-1.369255,0.076148
12,-3,3,2.0,-1.369255,-1.369255,0.076148
12,-3,4,2.0,-1.825673,-1.369255,0.076148
12,-2,-4,2.0,1.825673,-0.912837,0.076148
12,-2,-3,2.0,1.369255,-0.912837,0.076148
12,-2,-2,2.0,0.912837,-0.912837,0.076148
12,-2,-1,2.0,0.456418,-0.912837,0.076148
12,-2,0,2.0,-0.000000,-0.912837,0.076148
12,-2,1,2.0,-0.456418,-0.912837,0.076148
12,-2,2,2.0,-0.912837,-0.912837,0.076148
12,-2,3,2.0,-1.369255,-0.912837,0.076148
12,-2,4,2.0,-1.825673,-0.912837,0.076148
12,-1,-4,2.0,1.825673,-0.456418,0.076148
12,-1,-3,2.0,1.369255,-0.456418,0.076148
12,-1,-2,2.0,0.912837,-0.456418,0.076148
12,-1,-1,2.0,0.456418,-0.456418,0.076148
12,-1,0,2.0,-0.000000,-0.456418,0.076148
12,-1,1,2.0,-0.456418,-0.456418,0.076148
12,-1,2,2.0,-0.912837,-0.456418,0.076148
12,-1,3,2.0,-1.369255,-0.456418,0.076148
12,-1,4,2.0,-1.825673,-0.456418,0.076148
12,0,-4,2.0,1.825673,0.000000,0.076148
12,0,-3,2.0,1.369255,0.000000,0.076148
12,0,-2,2.0,0.912837,0.000000,0.076148
12,0,-1,2.0,0.456418,0.000000,0.076148
12,0,0,2.0,-0.000000,0.000000,0.076148
12,0,1,2.0,-0.456418,0.000000,0.076148
12,0,2,2.0,-0.912837,0.000000,0.076148
12,0,3,2.0,-1.369255,0.000000,0.076148
12,0,4,2.0,-1.825673,0.000000,0.076148
12,1,-4,2.0,1.825673,0.456418,0.076148
12,1,-3,2.0,1.369255,0.456418,0.076148
12,1,-2,2.0,0.912837,0.456418,0.076148
12,1,-1,2.0,0.456418,0.456418,0.076148
12,1,0,2.0,-0.000000,0.456418,0.076148
12,1,1,2.0,-0.456418,0.456418,0.076148
12,1,2,2.0,-0.912837,0.456418,0.076148
12,1,3,2.0,-1.369255,0.456418,0.076148
12,1,4,2.0,-1.825673,0.456418,0.076148
12,2,-4,2.0,1.825673,0.912837,0.076148
12,2,-3,2.0,1.369255,0.912837,0.076148
12,2,-2,2.0,0.912837,0.912837,0.076148
12,2,-1,2.0,0.456418,0.912837,0.076148
12,2,0,2.0,-0.000000,0.912837,0.076148
12,2,1,2.0,-0.456418,0.912837,0.076148
12,2,2,2.0,-0.912837,0.912837,0.076148
12,2,3,2.0,-1.369255,0.912837,0.076148
12,2,4,2.0,-1.825673,0.912837,0.076148
12,3,-4,2.0,1.825673,1.369255,0.076148
12,3,-3,2.0,1.369255,1.369255,0.076148
12,3,-2,2.0,0.912837,1.369255,0.076148
12,3,-1,2.0,0.456418,1.369255,0.076148
12,3,0,2.0,-0.000000,1.369255,0.076148
12,3,1,2.0,-0.456418,1.369255,0.076148
12,3,2,2.0,-0.912837,1.369255,0.076148
12,3,3,2.0,-1.369255,1.369255,0.076148
12,3,4,2.0,-1.825673,1.369255,0.076148
12,4,-4,2.0,1.825673,1.825673,0.076148
12,4,-3,2.0,1.369255,1.825673,0.076148
12,4,-2,2.0,0.912837,1.825673,0.076148
12,4,-1,2.0,0.456418,1.825673,0.076148
12,4,0,2.0,-0.000000,1.825673,0.076148
12,4,1,2.0,-0.456418,1.825673,0.076148
12,4,2,2.0,-0.912837,1.825673,0.076148
12,4,3,2.0,-1.369255,1.825673,0.076148
12,4,4,2.0,-1.825673,1.825673,0.076148
12,-4,-4,3.0,1.825673,-1.825673,0.076148
12,-4,-3,3.0,1.369255,-1.825673,0.076148
12,-4,-2,3.0,0.912837,-1.825673,0.076148
12,-4,-1,3.0,0.456418,-1.825673,0.076148
12,-4,0,3.0,-0.000000,-1.825673,0.076148
12,-4,1,3.0,-0.456418,-1.825673,0.076148
12,-4,2,3.0,-0.912837,-1.825673,0.076148
12,-4,3,3.0,-1.369255,-1.825673,0.076148
12,-4,4,3.0,-1.825673,-1.825673,0.076148
12,-3,-4,3.0,1.825673,-1.369255,0.076148
12,-3,-3,3.0,1.369255,-1.369255,0.076148
12,-3,-2,3.0,0.912837,-1.369255,0.076148
12,-3,-1,3.0,0.456418,-1.369255,0.076148
12,-3,0,3.0,-0.000000,-1.369255,0.076148
12,-3,1,3.0,-0.456418,-1.369255,0.076148
12,-3,2,3.0,-0.912837,-1.369255,0.076148
12,-3,3,3.0,-1.369255,-1.369255,0.076148
12,-3,4,3.0,-1.825673,-1.369255,0.076148
12,-2,-4,3.0,1.825673,-0.912837,0.076148
12,-2,-3,3.0,1.369255,-0.912837,0.076148
12,-2,-2,3.0,0.912837,-0.912837,0.076148
12,-2,-1,3.0,0.456418,-0.912837,0.076148
12,-2,0,3.0,-0.000000,-0.912837,0.076148
12,-2,1,3.0,-0.456418,-0.912837,0.076148
12,-2,2,3.0,-0.912837,-0.912837,0.076148
12,-2,3,3.0,-1.369255,-0.912837,0.076148
12,-2,4,3.0,-1.825673,-0.912837,0.076148
12,-1,-4,3.0,1.825673,-0.456418,0.076148
12,-1,-3,3.0,1.369255,-0.456418,0.076148
12,-1,-2,3.0,0.912837,-0.456418,0.076148
12,-1,-1,3.0,0.456418,-0.456418,0.076148
12,-1,0,3.0,-0.000000,-0.456418,0.076148
12,-1,1,3.0,-0.456418,-0.456418,0.076148
12,-1,2,3.0,-0.912837,-0.456418,0.076148
12,-1,3,3.0,-1.369255,-0.456418,0.076148
12,-1,4,3.0,-1.825673,-0.456418,0.076148
12,0,-4,3.0,1.825673,0.000000,0.076148
12,0,-3,3.0,1.369255,0.000000,0.076148
12,0,-2,3.0,0.912837,0.000000,0.076148
12,0,-1,3.0,0.456418,0.000000,0.076148
12,0,0,3.0,-0.000000,0.000000,0.076148
12,0,1,3.0,-0.456418,0.000000,0.076148
12,0,2,3.0,-0.912837,0.000000,0.076148
12,0,3,3.0,-1.369255,0.000000,0.076148
12,0,4,3.0,-1.825673,0.000000,0.076148
12,1,-4,3.0,1.825673,0.456418,0.076148
12,1,-3,3.0,1.369255,0.456418,0.076148
12,1,-2,3.0,0.912837,0.456418,0.076148
12,1,-1,3.0,0.456418,0.456418,0.076148
12,1,0,3.0,-0.000000,0.456418,0.076148
12,1,1,3.0,-0.456418,0.456418,0.076148
12,1,2,3.0,-0.912837,0.456418,0.076148
12,1,3,3.0,-1.369255,0.456418,0.076148
12,1,4,3.0,-1.825673,0.456418,0.076148
12,2,-4,3.0,1.825673,0.912837,0.076148
12,2,-3,3.0,1.369255,0.912837,0.076148
12,2,-2,3.0,0.912837,0.912837,0.076148
12,2,-1,3.0,0.456418,0.912837,0.076148
12,2,0,3.0,-0.000000,0.912837,0.076148
12,2,1,3.0,-0.456418,0.912837,0.076148
12,2,2,3.0,-0.912837,0.912837,0.076148
12,2,3,3.0,-1.369255,0.912837,0.076148
12,2,4,3.0,-1.825673,0.912837,0.076148
12,3,-4,3.0,1.825673,1.369255,0.076148
12,3,-3,3.0,1.369255,1.369255,0.076148
12,3,-2,3.0,0.912837,1.369255,0.076148
12,3,-1,3.0,0.456418,1.369255,0.076148
12,3,0,3.0,-0.000000,1.369255,0.076148
12,3,1,3.0,-0.456418,1.369255,0.076148
12,3,2,3.0,-0.912837,1.369255,0.076148
12,3,3,3.0,-1.369255,1.369255,0.076148
12,3,4,3.0,-1.825673,1.369255,0.076148
12,4,-4,3.0,1.825673,1.825673,0.076148
12,4,-3,3.0,1.369255,1.825673,0.076148
12,4,-2,3.0,0.912837,1.825673,0.076148
12,4,-1,3.0,0.456418,1.825673,0.076148
12,4,0,3.0,-0.000000,1.825673,0.076148
12,4,1,3.0,-0.456418,1.825673,0.076148
12,4,2,3.0,-0.912837,1.825673,0.076148
12,4,3,3.0,-1.369255,1.825673,0.076148
12,4,4,3.0,-1.825673,1.825673,0.076148
