    1C
    1UUSER                                                              
    1UDATE              25.september.2026                               
    1UTIME              07:19:30                                        
    1UHOST                                                              
    1UPGM               CalculiX                                        
    1UVERSION           Version 2.22                             
    1UCOMPILETIME       Mon Aug  5 19:15:25 CEST 2024                    
    1UDIR                                                               
    1UDBN                                                               
    1UMAT    1STEEL                                                     
    2C                           280                                     1
 -1         1 0.00000E+00 0.00000E+00 0.00000E+00
 -1         2 0.00000E+00 0.00000E+00 1.00000E+01
 -1         3 0.00000E+00 1.00000E+01 0.00000E+00
 -1         4 0.00000E+00 1.00000E+01 1.00000E+01
 -1         5 1.00000E+01 0.00000E+00 0.00000E+00
 -1         6 1.00000E+01 0.00000E+00 1.00000E+01
 -1         7 1.00000E+01 1.00000E+01 0.00000E+00
 -1         8 1.00000E+01 1.00000E+01 1.00000E+01
 -1         9 0.00000E+00 0.00000E+00 5.00000E+00
 -1        10 0.00000E+00 0.00000E+00 2.50000E+00
 -1        11 0.00000E+00 0.00000E+00 7.50000E+00
 -1        12 0.00000E+00 5.00000E+00 0.00000E+00
 -1        13 0.00000E+00 2.50000E+00 0.00000E+00
 -1        14 0.00000E+00 7.50000E+00 0.00000E+00
 -1        15 0.00000E+00 1.00000E+01 5.00000E+00
 -1        16 0.00000E+00 1.00000E+01 2.50000E+00
 -1        17 0.00000E+00 1.00000E+01 7.50000E+00
 -1        18 0.00000E+00 5.00000E+00 1.00000E+01
 -1        19 0.00000E+00 2.50000E+00 1.00000E+01
 -1        20 0.00000E+00 7.50000E+00 1.00000E+01
 -1        21 1.00000E+01 0.00000E+00 5.00000E+00
 -1        22 1.00000E+01 0.00000E+00 2.50000E+00
 -1        23 1.00000E+01 0.00000E+00 7.50000E+00
 -1        24 1.00000E+01 5.00000E+00 0.00000E+00
 -1        25 1.00000E+01 2.50000E+00 0.00000E+00
 -1        26 1.00000E+01 7.50000E+00 0.00000E+00
 -1        27 1.00000E+01 1.00000E+01 5.00000E+00
 -1        28 1.00000E+01 1.00000E+01 2.50000E+00
 -1        29 1.00000E+01 1.00000E+01 7.50000E+00
 -1        30 1.00000E+01 5.00000E+00 1.00000E+01
 -1        31 1.00000E+01 2.50000E+00 1.00000E+01
 -1        32 1.00000E+01 7.50000E+00 1.00000E+01
 -1        33 5.00000E+00 0.00000E+00 0.00000E+00
 -1        34 2.50000E+00 0.00000E+00 0.00000E+00
 -1        35 7.50000E+00 0.00000E+00 0.00000E+00
 -1        36 5.00000E+00 0.00000E+00 1.00000E+01
 -1        37 2.50000E+00 0.00000E+00 1.00000E+01
 -1        38 7.50000E+00 0.00000E+00 1.00000E+01
 -1        39 5.00000E+00 1.00000E+01 0.00000E+00
 -1        40 2.50000E+00 1.00000E+01 0.00000E+00
 -1        41 7.50000E+00 1.00000E+01 0.00000E+00
 -1        42 5.00000E+00 1.00000E+01 1.00000E+01
 -1        43 2.50000E+00 1.00000E+01 1.00000E+01
 -1        44 7.50000E+00 1.00000E+01 1.00000E+01
 -1        45 0.00000E+00 5.00000E+00 5.00000E+00
 -1        46 0.00000E+00 2.50000E+00 7.50000E+00
 -1        47 0.00000E+00 2.50000E+00 2.50000E+00
 -1        48 0.00000E+00 7.50000E+00 7.50000E+00
 -1        49 0.00000E+00 7.50000E+00 2.50000E+00
 -1        50 0.00000E+00 1.25000E+00 8.75000E+00
 -1        51 0.00000E+00 1.25000E+00 6.25000E+00
 -1        52 0.00000E+00 2.50000E+00 5.00000E+00
 -1        53 0.00000E+00 3.75000E+00 6.25000E+00
 -1        54 0.00000E+00 1.25000E+00 3.75000E+00
 -1        55 0.00000E+00 1.25000E+00 1.25000E+00
 -1        56 0.00000E+00 3.75000E+00 3.75000E+00
 -1        57 0.00000E+00 3.75000E+00 1.25000E+00
 -1        58 0.00000E+00 5.00000E+00 2.50000E+00
 -1        59 0.00000E+00 6.25000E+00 1.25000E+00
 -1        60 0.00000E+00 8.75000E+00 1.25000E+00
 -1        61 0.00000E+00 6.25000E+00 3.75000E+00
 -1        62 0.00000E+00 3.75000E+00 8.75000E+00
 -1        63 0.00000E+00 5.00000E+00 7.50000E+00
 -1        64 0.00000E+00 8.75000E+00 6.25000E+00
 -1        65 0.00000E+00 8.75000E+00 8.75000E+00
 -1        66 0.00000E+00 6.25000E+00 6.25000E+00
 -1        67 0.00000E+00 7.50000E+00 5.00000E+00
 -1        68 0.00000E+00 6.25000E+00 8.75000E+00
 -1        69 0.00000E+00 8.75000E+00 3.75000E+00
 -1        70 1.00000E+01 5.00000E+00 5.00000E+00
 -1        71 1.00000E+01 2.50000E+00 7.50000E+00
 -1        72 1.00000E+01 7.50000E+00 7.50000E+00
 -1        73 1.00000E+01 7.50000E+00 2.50000E+00
 -1        74 1.00000E+01 2.50000E+00 2.50000E+00
 -1        75 1.00000E+01 6.25000E+00 8.75000E+00
 -1        76 1.00000E+01 8.75000E+00 8.75000E+00
 -1        77 1.00000E+01 8.75000E+00 6.25000E+00
 -1        78 1.00000E+01 5.00000E+00 7.50000E+00
 -1        79 1.00000E+01 6.25000E+00 6.25000E+00
 -1        80 1.00000E+01 7.50000E+00 5.00000E+00
 -1        81 1.00000E+01 6.25000E+00 1.25000E+00
 -1        82 1.00000E+01 8.75000E+00 1.25000E+00
 -1        83 1.00000E+01 8.75000E+00 3.75000E+00
 -1        84 1.00000E+01 6.25000E+00 3.75000E+00
 -1        85 1.00000E+01 5.00000E+00 2.50000E+00
 -1        86 1.00000E+01 3.75000E+00 1.25000E+00
 -1        87 1.00000E+01 1.25000E+00 1.25000E+00
 -1        88 1.00000E+01 1.25000E+00 3.75000E+00
 -1        89 1.00000E+01 3.75000E+00 3.75000E+00
 -1        90 1.00000E+01 2.50000E+00 5.00000E+00
 -1        91 1.00000E+01 3.75000E+00 8.75000E+00
 -1        92 1.00000E+01 1.25000E+00 8.75000E+00
 -1        93 1.00000E+01 3.75000E+00 6.25000E+00
 -1        94 1.00000E+01 1.25000E+00 6.25000E+00
 -1        95 5.00000E+00 0.00000E+00 5.00000E+00
 -1        96 7.50000E+00 0.00000E+00 7.50000E+00
 -1        97 7.50000E+00 0.00000E+00 2.50000E+00
 -1        98 2.50000E+00 0.00000E+00 2.50000E+00
 -1        99 2.50000E+00 0.00000E+00 7.50000E+00
 -1       100 1.25000E+00 0.00000E+00 1.25000E+00
 -1       101 1.25000E+00 0.00000E+00 3.75000E+00
 -1       102 2.50000E+00 0.00000E+00 5.00000E+00
 -1       103 3.75000E+00 0.00000E+00 3.75000E+00
 -1       104 3.75000E+00 0.00000E+00 6.25000E+00
 -1       105 1.25000E+00 0.00000E+00 6.25000E+00
 -1       106 1.25000E+00 0.00000E+00 8.75000E+00
 -1       107 6.25000E+00 0.00000E+00 6.25000E+00
 -1       108 6.25000E+00 0.00000E+00 8.75000E+00
 -1       109 5.00000E+00 0.00000E+00 7.50000E+00
 -1       110 7.50000E+00 0.00000E+00 5.00000E+00
 -1       111 8.75000E+00 0.00000E+00 6.25000E+00
 -1       112 8.75000E+00 0.00000E+00 8.75000E+00
 -1       113 6.25000E+00 0.00000E+00 3.75000E+00
 -1       114 8.75000E+00 0.00000E+00 3.75000E+00
 -1       115 5.00000E+00 0.00000E+00 2.50000E+00
 -1       116 6.25000E+00 0.00000E+00 1.25000E+00
 -1       117 8.75000E+00 0.00000E+00 1.25000E+00
 -1       118 3.75000E+00 0.00000E+00 1.25000E+00
 -1       119 3.75000E+00 0.00000E+00 8.75000E+00
 -1       120 5.00000E+00 1.00000E+01 5.00000E+00
 -1       121 7.50000E+00 1.00000E+01 2.50000E+00
 -1       122 2.50000E+00 1.00000E+01 2.50000E+00
 -1       123 7.50000E+00 1.00000E+01 7.50000E+00
 -1       124 2.50000E+00 1.00000E+01 7.50000E+00
 -1       125 6.25000E+00 1.00000E+01 8.75000E+00
 -1       126 6.25000E+00 1.00000E+01 6.25000E+00
 -1       127 5.00000E+00 1.00000E+01 7.50000E+00
 -1       128 8.75000E+00 1.00000E+01 8.75000E+00
 -1       129 3.75000E+00 1.00000E+01 8.75000E+00
 -1       130 3.75000E+00 1.00000E+01 6.25000E+00
 -1       131 1.25000E+00 1.00000E+01 8.75000E+00
 -1       132 6.25000E+00 1.00000E+01 1.25000E+00
 -1       133 5.00000E+00 1.00000E+01 2.50000E+00
 -1       134 6.25000E+00 1.00000E+01 3.75000E+00
 -1       135 8.75000E+00 1.00000E+01 1.25000E+00
 -1       136 8.75000E+00 1.00000E+01 3.75000E+00
 -1       137 7.50000E+00 1.00000E+01 5.00000E+00
 -1       138 1.25000E+00 1.00000E+01 3.75000E+00
 -1       139 2.50000E+00 1.00000E+01 5.00000E+00
 -1       140 3.75000E+00 1.00000E+01 3.75000E+00
 -1       141 1.25000E+00 1.00000E+01 1.25000E+00
 -1       142 3.75000E+00 1.00000E+01 1.25000E+00
 -1       143 8.75000E+00 1.00000E+01 6.25000E+00
 -1       144 1.25000E+00 1.00000E+01 6.25000E+00
 -1       145 5.00000E+00 5.00000E+00 0.00000E+00
 -1       146 2.50000E+00 7.50000E+00 0.00000E+00
 -1       147 7.50000E+00 7.50000E+00 0.00000E+00
 -1       148 7.50000E+00 2.50000E+00 0.00000E+00
 -1       149 2.50000E+00 2.50000E+00 0.00000E+00
 -1       150 1.25000E+00 3.75000E+00 0.00000E+00
 -1       151 1.25000E+00 1.25000E+00 0.00000E+00
 -1       152 2.50000E+00 5.00000E+00 0.00000E+00
 -1       153 1.25000E+00 6.25000E+00 0.00000E+00
 -1       154 3.75000E+00 6.25000E+00 0.00000E+00
 -1       155 3.75000E+00 3.75000E+00 0.00000E+00
 -1       156 1.25000E+00 8.75000E+00 0.00000E+00
 -1       157 3.75000E+00 1.25000E+00 0.00000E+00
 -1       158 3.75000E+00 8.75000E+00 0.00000E+00
 -1       159 5.00000E+00 7.50000E+00 0.00000E+00
 -1       160 6.25000E+00 8.75000E+00 0.00000E+00
 -1       161 6.25000E+00 6.25000E+00 0.00000E+00
 -1       162 8.75000E+00 8.75000E+00 0.00000E+00
 -1       163 8.75000E+00 6.25000E+00 0.00000E+00
 -1       164 7.50000E+00 5.00000E+00 0.00000E+00
 -1       165 8.75000E+00 3.75000E+00 0.00000E+00
 -1       166 6.25000E+00 3.75000E+00 0.00000E+00
 -1       167 6.25000E+00 1.25000E+00 0.00000E+00
 -1       168 5.00000E+00 2.50000E+00 0.00000E+00
 -1       169 8.75000E+00 1.25000E+00 0.00000E+00
 -1       170 5.00000E+00 5.00000E+00 1.00000E+01
 -1       171 7.50000E+00 7.50000E+00 1.00000E+01
 -1       172 7.50000E+00 2.50000E+00 1.00000E+01
 -1       173 2.50000E+00 7.50000E+00 1.00000E+01
 -1       174 2.50000E+00 2.50000E+00 1.00000E+01
 -1       175 3.75000E+00 8.75000E+00 1.00000E+01
 -1       176 1.25000E+00 8.75000E+00 1.00000E+01
 -1       177 3.75000E+00 6.25000E+00 1.00000E+01
 -1       178 5.00000E+00 7.50000E+00 1.00000E+01
 -1       179 6.25000E+00 8.75000E+00 1.00000E+01
 -1       180 8.75000E+00 8.75000E+00 1.00000E+01
 -1       181 6.25000E+00 6.25000E+00 1.00000E+01
 -1       182 6.25000E+00 1.25000E+00 1.00000E+01
 -1       183 6.25000E+00 3.75000E+00 1.00000E+01
 -1       184 5.00000E+00 2.50000E+00 1.00000E+01
 -1       185 8.75000E+00 1.25000E+00 1.00000E+01
 -1       186 8.75000E+00 3.75000E+00 1.00000E+01
 -1       187 7.50000E+00 5.00000E+00 1.00000E+01
 -1       188 1.25000E+00 6.25000E+00 1.00000E+01
 -1       189 2.50000E+00 5.00000E+00 1.00000E+01
 -1       190 3.75000E+00 1.25000E+00 1.00000E+01
 -1       191 3.75000E+00 3.75000E+00 1.00000E+01
 -1       192 1.25000E+00 1.25000E+00 1.00000E+01
 -1       193 1.25000E+00 3.75000E+00 1.00000E+01
 -1       194 8.75000E+00 6.25000E+00 1.00000E+01
 -1       195 3.75000E+00 6.25000E+00 6.25000E+00
 -1       196 6.25000E+00 3.75000E+00 3.75000E+00
 -1       197 1.25000E+00 1.25000E+00 2.50000E+00
 -1       198 2.50000E+00 1.25000E+00 3.75000E+00
 -1       199 4.37500E+00 1.87500E+00 3.12500E+00
 -1       200 5.62500E+00 1.87500E+00 4.37500E+00
 -1       201 3.12500E+00 3.12500E+00 3.12500E+00
 -1       202 6.25000E+00 7.50000E+00 1.25000E+00
 -1       203 7.50000E+00 8.75000E+00 1.25000E+00
 -1       204 6.87500E+00 6.87500E+00 3.12500E+00
 -1       205 6.87500E+00 5.62500E+00 1.87500E+00
 -1       206 5.62500E+00 4.37500E+00 1.87500E+00
 -1       207 8.75000E+00 7.50000E+00 3.75000E+00
 -1       208 8.75000E+00 8.75000E+00 2.50000E+00
 -1       209 7.50000E+00 6.25000E+00 8.75000E+00
 -1       210 8.75000E+00 7.50000E+00 8.75000E+00
 -1       211 8.75000E+00 3.75000E+00 7.50000E+00
 -1       212 8.75000E+00 2.50000E+00 8.75000E+00
 -1       213 3.75000E+00 2.50000E+00 8.75000E+00
 -1       214 2.50000E+00 1.25000E+00 8.75000E+00
 -1       215 1.25000E+00 2.50000E+00 1.25000E+00
 -1       216 2.50000E+00 3.75000E+00 1.25000E+00
 -1       217 8.75000E+00 7.50000E+00 6.25000E+00
 -1       218 8.75000E+00 8.75000E+00 7.50000E+00
 -1       219 7.50000E+00 7.50000E+00 5.00000E+00
 -1       220 5.62500E+00 6.87500E+00 4.37500E+00
 -1       221 8.12500E+00 4.37500E+00 4.37500E+00
 -1       222 7.50000E+00 5.00000E+00 7.50000E+00
 -1       223 6.87500E+00 3.12500E+00 6.87500E+00
 -1       224 5.62500E+00 4.37500E+00 6.87500E+00
 -1       225 5.00000E+00 2.50000E+00 7.50000E+00
 -1       226 3.12500E+00 3.12500E+00 6.87500E+00
 -1       227 4.37500E+00 3.12500E+00 5.62500E+00
 -1       228 4.37500E+00 5.62500E+00 8.12500E+00
 -1       229 2.50000E+00 5.00000E+00 2.50000E+00
 -1       230 3.12500E+00 4.37500E+00 4.37500E+00
 -1       231 5.62500E+00 8.12500E+00 6.87500E+00
 -1       232 6.87500E+00 5.62500E+00 5.62500E+00
 -1       233 4.37500E+00 8.12500E+00 5.62500E+00
 -1       234 2.50000E+00 2.50000E+00 5.00000E+00
 -1       235 5.00000E+00 7.50000E+00 2.50000E+00
 -1       236 4.37500E+00 5.62500E+00 3.12500E+00
 -1       237 1.87500E+00 5.62500E+00 5.62500E+00
 -1       238 5.00000E+00 5.00000E+00 5.00000E+00
 -1       239 8.75000E+00 2.50000E+00 1.25000E+00
 -1       240 8.12500E+00 4.37500E+00 1.87500E+00
 -1       241 8.12500E+00 3.12500E+00 3.12500E+00
 -1       242 6.87500E+00 3.12500E+00 1.87500E+00
 -1       243 8.75000E+00 1.25000E+00 2.50000E+00
 -1       244 8.12500E+00 1.87500E+00 4.37500E+00
 -1       245 6.87500E+00 1.87500E+00 3.12500E+00
 -1       246 7.50000E+00 1.25000E+00 1.25000E+00
 -1       247 5.62500E+00 1.87500E+00 1.87500E+00
 -1       248 2.50000E+00 8.75000E+00 8.75000E+00
 -1       249 3.12500E+00 8.12500E+00 6.87500E+00
 -1       250 3.12500E+00 6.87500E+00 8.12500E+00
 -1       251 4.37500E+00 8.12500E+00 8.12500E+00
 -1       252 1.25000E+00 8.75000E+00 7.50000E+00
 -1       253 1.87500E+00 8.12500E+00 5.62500E+00
 -1       254 1.87500E+00 6.87500E+00 6.87500E+00
 -1       255 1.25000E+00 7.50000E+00 8.75000E+00
 -1       256 1.87500E+00 5.62500E+00 8.12500E+00
 -1       257 3.12500E+00 8.12500E+00 4.37500E+00
 -1       258 6.87500E+00 1.87500E+00 5.62500E+00
 -1       259 1.87500E+00 4.37500E+00 6.87500E+00
 -1       260 1.25000E+00 8.75000E+00 2.50000E+00
 -1       261 1.25000E+00 7.50000E+00 1.25000E+00
 -1       262 8.75000E+00 7.50000E+00 1.25000E+00
 -1       263 7.50000E+00 1.25000E+00 8.75000E+00
 -1       264 1.25000E+00 2.50000E+00 8.75000E+00
 -1       265 2.50000E+00 1.25000E+00 1.25000E+00
 -1       266 1.25000E+00 1.25000E+00 7.50000E+00
 -1       267 7.50000E+00 8.75000E+00 8.75000E+00
 -1       268 2.50000E+00 8.75000E+00 1.25000E+00
 -1       269 8.75000E+00 1.25000E+00 7.50000E+00
 -1       270 8.75000E+00 6.25000E+00 2.50000E+00
 -1       271 1.25000E+00 6.25000E+00 2.50000E+00
 -1       272 3.12500E+00 6.87500E+00 3.12500E+00
 -1       273 3.75000E+00 2.50000E+00 1.25000E+00
 -1       274 6.25000E+00 1.25000E+00 7.50000E+00
 -1       275 8.75000E+00 2.50000E+00 6.25000E+00
 -1       276 1.25000E+00 2.50000E+00 6.25000E+00
 -1       277 6.25000E+00 7.50000E+00 8.75000E+00
 -1       278 3.75000E+00 8.75000E+00 2.50000E+00
 -1       279 2.50000E+00 3.75000E+00 8.75000E+00
 -1       280 1.25000E+00 7.50000E+00 3.75000E+00
 -3
    3C                           129                                     1
 -1         1    6    0    1
 -2        95        98        47       196       103       197       198       200       199       201
 -1         2    6    0    1
 -2       147       121       145       196       203       202       161       205       204       206
 -1         3    6    0    1
 -2        73        70        27       121        84        80        83       208       207       136
 -1         4    6    0    1
 -2        72       170        30       171       209       187        75       210       181       194
 -1         5    6    0    1
 -2         9        98        47        95       101       197        54       102       103       198
 -1         6    6    0    1
 -2       172        70        30        71       211        78       186       212        93        91
 -1         7    6    0    1
 -2       170        99        36       174       213       119       184       191       214       190
 -1         8    6    0    1
 -2        12        47       149       145        57       215       150       152       216       155
 -1         9    6    0    1
 -2        70        27       123        72        80       143       217        79        77       218
 -1        10    6    0    1
 -2        39       147       121       145       160       203       132       159       161       202
 -1        11    6    0    1
 -2        70       120       121       196       219       134       207       221       220       204
 -1        12    6    0    1
 -2        70       172       170       196       211       183       222       221       223       224
 -1        13    6    0    1
 -2        95        99       170       195       104       213       225       227       226       228
 -1        14    6    0    1
 -2       145        45        47       196       229        56       216       206       230       201
 -1        15    6    0    1
 -2        70       123       120       195       217       126       219       232       231       233
 -1        16    6    0    1
 -2        47        45        95       196        56       234       198       201       230       200
 -1        17    6    0    1
 -2       121       120       145       196       134       235       202       204       220       206
 -1        18    6    0    1
 -2       145        39       120       121       159       133       235       202       132       134
 -1        19    6    0    1
 -2        70       120        27       121       219       137        80       207       134       136
 -1        20    6    0    1
 -2         9        47        45        95        54        56        52       102       198       234
 -1        21    6    0    1
 -2        70        27       120       123        80       137       219       217       143       126
 -1        22    6    0    1
 -2        45        47        12       145        56        57        58       229       216       152
 -1        23    6    0    1
 -2       170        95        36        99       225       109       184       213       104       119
 -1        24    6    0    1
 -2       195        45       145       196       237       229       236       238       230       206
 -1        25    6    0    1
 -2        95        45       195       196       234       237       227       200       230       238
 -1        26    6    0    1
 -2       170        95       195       196       225       227       228       224       200       238
 -1        27    6    0    1
 -2        70       170       195       196       222       228       232       221       224       238
 -1        28    6    0    1
 -2       195       120        70       196       233       219       232       238       220       221
 -1        29    6    0    1
 -2       145       120       195       196       235       233       236       206       220       238
 -1        30    6    0    1
 -2        74        24       148       196        86       165       239       241       240       242
 -1        31    6    0    1
 -2        21        74        97       196        88       243       114       244       241       245
 -1        32    6    0    1
 -2       148        33        97       196       167       116       246       242       247       245
 -1        33    6    0    1
 -2       173       124        42       195       248       129       175       250       249       251
 -1        34    6    0    1
 -2        48        15       124       195        64       144       252       254       253       249
 -1        35    6    0    1
 -2        18        48       173       195        68       255       188       256       254       250
 -1        36    6    0    1
 -2        74        70        24       196        89        85        86       241       221       240
 -1        37    6    0    1
 -2       170        18       173       195       189       188       177       228       256       250
 -1        38    6    0    1
 -2        70        74        21       196        89        88        90       221       241       244
 -1        39    6    0    1
 -2       120       123        42       195       126       125       127       233       231       251
 -1        40    6    0    1
 -2       170       173        42       195       177       175       178       228       250       251
 -1        41    6    0    1
 -2        42       124       120       195       129       130       127       251       249       233
 -1        42    6    0    1
 -2        15       122       120       195       138       140       139       253       257       233
 -1        43    6    0    1
 -2       124        15       120       195       144       139       130       249       253       233
 -1        44    6    0    1
 -2        15        48        45       195        64        66        67       253       254       237
 -1        45    6    0    1
 -2        24       147       145       196       163       161       164       240       205       206
 -1        46    6    0    1
 -2        95        97        33       196       113       116       115       200       245       247
 -1        47    6    0    1
 -2        33        98        95       196       118       103       115       247       199       200
 -1        48    6    0    1
 -2        95        96        21       196       107       111       110       200       258       244
 -1        49    6    0    1
 -2        97        95        21       196       113       110       114       245       200       244
 -1        50    6    0    1
 -2       145        33       148       196       168       167       166       206       247       242
 -1        51    6    0    1
 -2        24       145       148       196       164       166       165       240       206       242
 -1        52    6    0    1
 -2        18        45        48       195        63        66        68       256       237       254
 -1        53    6    0    1
 -2        45        18        46       195        63        62        53       237       256       259
 -1        54    6    0    1
 -2        48       124       173       195       252       248       255       254       249       250
 -1        55    6    0    1
 -2       148        97        74       196       246       243       239       242       245       241
 -1        56    6    0    1
 -2        74        24         5       148        86        25        87       239       165       169
 -1        57    6    0    1
 -2         3        49       122        15        60       260       141        16        69       138
 -1        58    6    0    1
 -2       146        12        49         3       153        59       261       156        14        60
 -1        59    6    0    1
 -2        15       124         4        48       144       131        17        64       252        65
 -1        60    6    0    1
 -2       149         1        47        12       151        55       215       150        13        57
 -1        61    6    0    1
 -2       147         7        73        24       162        82       262       163        26        81
 -1        62    6    0    1
 -2        36       172         6        96       182       185        38       108       263       112
 -1        63    6    0    1
 -2        98        47         1         9       197        55       100       101        54        10
 -1        64    6    0    1
 -2         2       174        46        18       192       264        50        19       193        62
 -1        65    6    0    1
 -2         1       149        98        33       151       265       100        34       157       118
 -1        66    6    0    1
 -2        48       173         4        18       255       176        65        68       188        20
 -1        67    6    0    1
 -2        30        72       171         8        75       210       194        32        76       180
 -1        68    6    0    1
 -2        97        21         5        74       114        22       117       243        88        87
 -1        69    6    0    1
 -2         9        46         2        99        51        50        11       105       266       106
 -1        70    6    0    1
 -2         8       123       171        42       128       267       180        44       125       179
 -1        71    6    0    1
 -2        97         5        33       148       117        35       116       246       169       167
 -1        72    6    0    1
 -2        99       174         2        36       214       192       106       119       190        37
 -1        73    6    0    1
 -2       173       124         4        42       248       131       176       175       129        43
 -1        74    6    0    1
 -2         3       122       146        39       141       268       156        40       142       158
 -1        75    6    0    1
 -2         8        72       123        27        76       218       128        29        77       143
 -1        76    6    0    1
 -2        71       172         6        30       212       185        92        91       186        31
 -1        77    6    0    1
 -2       147       121         7        39       203       135       162       160       132        41
 -1        78    6    0    1
 -2        73       121        27         7       208       136        83        82       135        28
 -1        79    6    0    1
 -2        71         6        96        21        92       112       269        94        23       111
 -1        80    6    0    1
 -2       146        49       122         3       261       260       268       156        60       141
 -1        81    6    0    1
 -2         2        46       174        99        50       264       192       106       266       214
 -1        82    6    0    1
 -2       123       171        72         8       267       210       218       128       180        76
 -1        83    6    0    1
 -2         7        73       121       147        82       208       135       162       262       203
 -1        84    6    0    1
 -2       173         4       124        48       176       131       248       255        65       252
 -1        85    6    0    1
 -2        96       172         6        71       263       185       112       269       212        92
 -1        86    6    0    1
 -2        74         5        97       148        87       117       243       239       169       246
 -1        87    6    0    1
 -2         1        98       149        47       100       265       151        55       197       215
 -1        88    6    0    1
 -2       147       121        70        73       203       207       270       262       208        84
 -1        89    6    0    1
 -2       121       147        70       196       203       270       207       204       205       221
 -1        90    6    0    1
 -2       147        70        24        73       270        85       163       262        84        81
 -1        91    6    0    1
 -2        70       147        24       196       270       163        85       221       205       240
 -1        92    6    0    1
 -2       146       195        45       145       272       237       271       154       236       229
 -1        93    6    0    1
 -2        12        45       146        49        58       271       153        59        61       261
 -1        94    6    0    1
 -2       146        45        12       145       271        58       153       154       229       152
 -1        95    6    0    1
 -2        98        47       145       149       197       216       273       265       215       155
 -1        96    6    0    1
 -2       145        47        98       196       216       197       273       206       201       199
 -1        97    6    0    1
 -2        33        98       145       149       118       273       168       157       265       155
 -1        98    6    0    1
 -2       145        98        33       196       273       118       168       206       199       247
 -1        99    6    0    1
 -2        95       196       172        96       200       223       274       107       258       263
 -1       100    6    0    1
 -2       172       196        95       170       223       200       274       183       224       225
 -1       101    6    0    1
 -2        36        95       172        96       109       274       182       108       107       263
 -1       102    6    0    1
 -2       172        95        36       170       274       109       182       183       225       184
 -1       103    6    0    1
 -2        96        70       172        71       275       211       263       269        93       212
 -1       104    6    0    1
 -2       172        70        96       196       211       275       263       223       221       258
 -1       105    6    0    1
 -2        96        21        70        71       111        90       275       269        94        93
 -1       106    6    0    1
 -2        70        21        96       196        90       111       275       221       244       258
 -1       107    6    0    1
 -2        45       195        99        95       237       226       276       234       227       104
 -1       108    6    0    1
 -2        99       195        45        46       226       237       276       266       259        53
 -1       109    6    0    1
 -2         9        45        99        95        52       276       105       102       234       104
 -1       110    6    0    1
 -2        99        45         9        46       276        52       105       266        53        51
 -1       111    6    0    1
 -2       123       170        72       171       277       209       218       267       181       210
 -1       112    6    0    1
 -2        42       170       123       171       178       277       125       179       181       267
 -1       113    6    0    1
 -2       170        42       123       195       178       125       277       228       251       231
 -1       114    6    0    1
 -2       170        70       123        72       222       217       277       209        79       218
 -1       115    6    0    1
 -2       123        70       170       195       217       222       277       231       232       228
 -1       116    6    0    1
 -2       120       146       195       122       278       272       233       140       268       257
 -1       117    6    0    1
 -2       146       120       195       145       278       233       272       154       235       236
 -1       118    6    0    1
 -2        39       146       120       122       158       278       133       142       268       140
 -1       119    6    0    1
 -2       146        39       120       145       158       133       278       154       159       235
 -1       120    6    0    1
 -2        46        99       170       174       266       213       279       264       214       191
 -1       121    6    0    1
 -2       170        99        46       195       213       266       279       228       226       259
 -1       122    6    0    1
 -2        18        46       170       174        62       279       189       193       264       191
 -1       123    6    0    1
 -2       170        46        18       195       279        62       189       228       259       256
 -1       124    6    0    1
 -2        70        30       170       172        78       187       222       211       186       183
 -1       125    6    0    1
 -2       170        30        70        72       187        78       222       209        75        79
 -1       126    6    0    1
 -2       122        45       146       195       280       271       268       257       237       272
 -1       127    6    0    1
 -2       146        45       122        49       271       280       268       261        61       260
 -1       128    6    0    1
 -2       122        15        45       195       138        67       280       257       253       237
 -1       129    6    0    1
 -2        45        15       122        49        67       138       280        61        69       260
 -3
    1PSTEP                         1           1           1          
  100CL  101 5.00000E-01         280                     1    1           1
 -4  NDTEMP      1    1
 -5  T           1    1    0    0
 -1         1 1.00000E+02
 -1         2 1.00000E+02
 -1         3 1.00000E+02
 -1         4 1.00000E+02
 -1         5 2.35299E+01
 -1         6 2.35519E+01
 -1         7 2.35526E+01
 -1         8 2.35540E+01
 -1         9 1.00000E+02
 -1        10 1.00000E+02
 -1        11 1.00000E+02
 -1        12 1.00000E+02
 -1        13 1.00000E+02
 -1        14 1.00000E+02
 -1        15 1.00000E+02
 -1        16 1.00000E+02
 -1        17 1.00000E+02
 -1        18 1.00000E+02
 -1        19 1.00000E+02
 -1        20 1.00000E+02
 -1        21 2.35574E+01
 -1        22 2.33903E+01
 -1        23 2.34083E+01
 -1        24 2.35541E+01
 -1        25 2.33897E+01
 -1        26 2.34064E+01
 -1        27 2.34593E+01
 -1        28 2.34124E+01
 -1        29 2.34382E+01
 -1        30 2.34118E+01
 -1        31 2.34119E+01
 -1        32 2.33965E+01
 -1        33 3.20552E+01
 -1        34 5.11538E+01
 -1        35 2.50716E+01
 -1        36 3.20323E+01
 -1        37 5.08321E+01
 -1        38 2.51282E+01
 -1        39 3.20275E+01
 -1        40 5.05904E+01
 -1        41 2.51269E+01
 -1        42 3.20706E+01
 -1        43 5.08758E+01
 -1        44 2.51428E+01
 -1        45 1.00000E+02
 -1        46 1.00000E+02
 -1        47 1.00000E+02
 -1        48 1.00000E+02
 -1        49 1.00000E+02
 -1        50 1.00000E+02
 -1        51 1.00000E+02
 -1        52 1.00000E+02
 -1        53 1.00000E+02
 -1        54 1.00000E+02
 -1        55 1.00000E+02
 -1        56 1.00000E+02
 -1        57 1.00000E+02
 -1        58 1.00000E+02
 -1        59 1.00000E+02
 -1        60 1.00000E+02
 -1        61 1.00000E+02
 -1        62 1.00000E+02
 -1        63 1.00000E+02
 -1        64 1.00000E+02
 -1        65 1.00000E+02
 -1        66 1.00000E+02
 -1        67 1.00000E+02
 -1        68 1.00000E+02
 -1        69 1.00000E+02
 -1        70 2.39048E+01
 -1        71 2.34130E+01
 -1        72 2.35362E+01
 -1        73 2.34119E+01
 -1        74 2.34106E+01
 -1        75 2.34214E+01
 -1        76 2.34754E+01
 -1        77 2.34417E+01
 -1        78 2.35038E+01
 -1        79 2.36420E+01
 -1        80 2.35741E+01
 -1        81 2.34117E+01
 -1        82 2.34454E+01
 -1        83 2.34076E+01
 -1        84 2.35559E+01
 -1        85 2.35201E+01
 -1        86 2.34394E+01
 -1        87 2.34164E+01
 -1        88 2.34396E+01
 -1        89 2.34927E+01
 -1        90 2.35220E+01
 -1        91 2.33947E+01
 -1        92 2.34479E+01
 -1        93 2.35573E+01
 -1        94 2.34138E+01
 -1        95 3.11644E+01
 -1        96 2.50901E+01
 -1        97 2.50558E+01
 -1        98 5.09248E+01
 -1        99 5.00611E+01
 -1       100 7.11553E+01
 -1       101 7.23455E+01
 -1       102 5.19716E+01
 -1       103 3.85658E+01
 -1       104 3.82115E+01
 -1       105 7.16777E+01
 -1       106 7.08756E+01
 -1       107 2.74216E+01
 -1       108 2.76430E+01
 -1       109 3.15848E+01
 -1       110 2.49734E+01
 -1       111 2.38103E+01
 -1       112 2.38279E+01
 -1       113 2.73876E+01
 -1       114 2.37900E+01
 -1       115 3.15646E+01
 -1       116 2.75978E+01
 -1       117 2.37973E+01
 -1       118 3.91399E+01
 -1       119 3.86549E+01
 -1       120 3.18971E+01
 -1       121 2.51944E+01
 -1       122 5.00603E+01
 -1       123 2.52675E+01
 -1       124 5.03699E+01
 -1       125 2.76336E+01
 -1       126 2.76984E+01
 -1       127 3.19368E+01
 -1       128 2.38787E+01
 -1       129 3.87497E+01
 -1       130 3.86143E+01
 -1       131 7.09470E+01
 -1       132 2.76761E+01
 -1       133 3.18937E+01
 -1       134 2.76863E+01
 -1       135 2.38464E+01
 -1       136 2.37929E+01
 -1       137 2.52159E+01
 -1       138 7.11315E+01
 -1       139 5.12888E+01
 -1       140 3.84885E+01
 -1       141 7.08170E+01
 -1       142 3.84847E+01
 -1       143 2.38214E+01
 -1       144 7.12296E+01
 -1       145 3.11720E+01
 -1       146 4.99654E+01
 -1       147 2.50909E+01
 -1       148 2.50643E+01
 -1       149 5.08955E+01
 -1       150 7.22982E+01
 -1       151 7.12091E+01
 -1       152 5.18693E+01
 -1       153 7.16539E+01
 -1       154 3.81975E+01
 -1       155 3.84171E+01
 -1       156 7.07425E+01
 -1       157 3.87323E+01
 -1       158 3.85886E+01
 -1       159 3.16043E+01
 -1       160 2.76448E+01
 -1       161 2.74266E+01
 -1       162 2.38270E+01
 -1       163 2.38085E+01
 -1       164 2.49786E+01
 -1       165 2.37874E+01
 -1       166 2.74066E+01
 -1       167 2.76110E+01
 -1       168 3.17093E+01
 -1       169 2.37973E+01
 -1       170 3.18906E+01
 -1       171 2.51427E+01
 -1       172 2.52025E+01
 -1       173 5.04341E+01
 -1       174 5.05043E+01
 -1       175 3.87441E+01
 -1       176 7.09545E+01
 -1       177 3.87286E+01
 -1       178 3.19511E+01
 -1       179 2.77171E+01
 -1       180 2.38393E+01
 -1       181 2.77531E+01
 -1       182 2.76832E+01
 -1       183 2.76926E+01
 -1       184 3.19043E+01
 -1       185 2.38463E+01
 -1       186 2.38031E+01
 -1       187 2.52731E+01
 -1       188 7.13062E+01
 -1       189 5.15049E+01
 -1       190 3.85725E+01
 -1       191 3.83081E+01
 -1       192 7.09640E+01
 -1       193 7.18367E+01
 -1       194 2.37671E+01
 -1       195 3.83109E+01
 -1       196 2.77283E+01
 -1       197 7.16468E+01
 -1       198 5.26418E+01
 -1       199 3.44124E+01
 -1       200 2.91616E+01
 -1       201 4.52235E+01
 -1       202 2.75122E+01
 -1       203 2.51321E+01
 -1       204 2.61596E+01
 -1       205 2.61042E+01
 -1       206 2.91369E+01
 -1       207 2.38160E+01
 -1       208 2.38175E+01
 -1       209 2.51388E+01
 -1       210 2.37949E+01
 -1       211 2.38227E+01
 -1       212 2.38178E+01
 -1       213 3.87701E+01
 -1       214 5.07099E+01
 -1       215 7.18144E+01
 -1       216 5.25241E+01
 -1       217 2.38624E+01
 -1       218 2.38585E+01
 -1       219 2.49656E+01
 -1       220 2.94034E+01
 -1       221 2.44026E+01
 -1       222 2.50045E+01
 -1       223 2.61686E+01
 -1       224 2.94035E+01
 -1       225 3.18338E+01
 -1       226 4.43235E+01
 -1       227 3.46516E+01
 -1       228 3.47165E+01
 -1       229 5.25788E+01
 -1       230 4.51999E+01
 -1       231 2.95362E+01
 -1       232 2.59955E+01
 -1       233 3.47575E+01
 -1       234 5.26610E+01
 -1       235 3.18296E+01
 -1       236 3.46127E+01
 -1       237 6.10259E+01
 -1       238 3.14380E+01
 -1       239 2.37728E+01
 -1       240 2.43019E+01
 -1       241 2.43717E+01
 -1       242 2.61291E+01
 -1       243 2.37723E+01
 -1       244 2.42999E+01
 -1       245 2.61182E+01
 -1       246 2.50568E+01
 -1       247 2.92791E+01
 -1       248 5.07410E+01
 -1       249 4.39138E+01
 -1       250 4.39818E+01
 -1       251 3.50103E+01
 -1       252 7.10246E+01
 -1       253 6.04488E+01
 -1       254 6.06183E+01
 -1       255 7.10978E+01
 -1       256 6.09427E+01
 -1       257 4.39042E+01
 -1       258 2.61110E+01
 -1       259 6.10771E+01
 -1       260 7.09371E+01
 -1       261 7.09738E+01
 -1       262 2.37942E+01
 -1       263 2.51339E+01
 -1       264 7.14252E+01
 -1       265 5.11685E+01
 -1       266 7.10326E+01
 -1       267 2.51582E+01
 -1       268 5.03100E+01
 -1       269 2.37960E+01
 -1       270 2.38115E+01
 -1       271 7.14037E+01
 -1       272 4.42449E+01
 -1       273 3.87848E+01
 -1       274 2.75108E+01
 -1       275 2.38139E+01
 -1       276 7.17833E+01
 -1       277 2.76819E+01
 -1       278 3.88734E+01
 -1       279 5.15700E+01
 -1       280 7.12058E+01
 -3
    1PSTEP                         2           2           1          
  100CL  102 1.000000000         280                     1    2           1
 -4  NDTEMP      1    1
 -5  T           1    1    0    0
 -1         1 1.00000E+02
 -1         2 1.00000E+02
 -1         3 1.00000E+02
 -1         4 1.00000E+02
 -1         5 3.02096E+01
 -1         6 3.02354E+01
 -1         7 3.02283E+01
 -1         8 3.02400E+01
 -1         9 1.00000E+02
 -1        10 1.00000E+02
 -1        11 1.00000E+02
 -1        12 1.00000E+02
 -1        13 1.00000E+02
 -1        14 1.00000E+02
 -1        15 1.00000E+02
 -1        16 1.00000E+02
 -1        17 1.00000E+02
 -1        18 1.00000E+02
 -1        19 1.00000E+02
 -1        20 1.00000E+02
 -1        21 3.02277E+01
 -1        22 3.01071E+01
 -1        23 3.01287E+01
 -1        24 3.02237E+01
 -1        25 3.01059E+01
 -1        26 3.01209E+01
 -1        27 3.01656E+01
 -1        28 3.01299E+01
 -1        29 3.01480E+01
 -1        30 3.01290E+01
 -1        31 3.01338E+01
 -1        32 3.01244E+01
 -1        33 4.40812E+01
 -1        34 6.62344E+01
 -1        35 3.32882E+01
 -1        36 4.40721E+01
 -1        37 6.61006E+01
 -1        38 3.33188E+01
 -1        39 4.40289E+01
 -1        40 6.59913E+01
 -1        41 3.33048E+01
 -1        42 4.40873E+01
 -1        43 6.61032E+01
 -1        44 3.33366E+01
 -1        45 1.00000E+02
 -1        46 1.00000E+02
 -1        47 1.00000E+02
 -1        48 1.00000E+02
 -1        49 1.00000E+02
 -1        50 1.00000E+02
 -1        51 1.00000E+02
 -1        52 1.00000E+02
 -1        53 1.00000E+02
 -1        54 1.00000E+02
 -1        55 1.00000E+02
 -1        56 1.00000E+02
 -1        57 1.00000E+02
 -1        58 1.00000E+02
 -1        59 1.00000E+02
 -1        60 1.00000E+02
 -1        61 1.00000E+02
 -1        62 1.00000E+02
 -1        63 1.00000E+02
 -1        64 1.00000E+02
 -1        65 1.00000E+02
 -1        66 1.00000E+02
 -1        67 1.00000E+02
 -1        68 1.00000E+02
 -1        69 1.00000E+02
 -1        70 3.04361E+01
 -1        71 3.01373E+01
 -1        72 3.02141E+01
 -1        73 3.01312E+01
 -1        74 3.01223E+01
 -1        75 3.01362E+01
 -1        76 3.01820E+01
 -1        77 3.01479E+01
 -1        78 3.01887E+01
 -1        79 3.02747E+01
 -1        80 3.02350E+01
 -1        81 3.01243E+01
 -1        82 3.01512E+01
 -1        83 3.01304E+01
 -1        84 3.02240E+01
 -1        85 3.02037E+01
 -1        86 3.01383E+01
 -1        87 3.01294E+01
 -1        88 3.01411E+01
 -1        89 3.01649E+01
 -1        90 3.02077E+01
 -1        91 3.01234E+01
 -1        92 3.01594E+01
 -1        93 3.02279E+01
 -1        94 3.01305E+01
 -1        95 4.37279E+01
 -1        96 3.32940E+01
 -1        97 3.32964E+01
 -1        98 6.61113E+01
 -1        99 6.59068E+01
 -1       100 8.19509E+01
 -1       101 8.20457E+01
 -1       102 6.66096E+01
 -1       103 5.35696E+01
 -1       104 5.33590E+01
 -1       105 8.20188E+01
 -1       106 8.18381E+01
 -1       107 3.74903E+01
 -1       108 3.76143E+01
 -1       109 4.40488E+01
 -1       110 3.32188E+01
 -1       111 3.08885E+01
 -1       112 3.09134E+01
 -1       113 3.75054E+01
 -1       114 3.08748E+01
 -1       115 4.41715E+01
 -1       116 3.75785E+01
 -1       117 3.08932E+01
 -1       118 5.35352E+01
 -1       119 5.34295E+01
 -1       120 4.40465E+01
 -1       121 3.33416E+01
 -1       122 6.58235E+01
 -1       123 3.33950E+01
 -1       124 6.59474E+01
 -1       125 3.75740E+01
 -1       126 3.76326E+01
 -1       127 4.42057E+01
 -1       128 3.09520E+01
 -1       129 5.34404E+01
 -1       130 5.34917E+01
 -1       131 8.18640E+01
 -1       132 3.75736E+01
 -1       133 4.41035E+01
 -1       134 3.75958E+01
 -1       135 3.09224E+01
 -1       136 3.08860E+01
 -1       137 3.33741E+01
 -1       138 8.18282E+01
 -1       139 6.60815E+01
 -1       140 5.33882E+01
 -1       141 8.18142E+01
 -1       142 5.33735E+01
 -1       143 3.09079E+01
 -1       144 8.18282E+01
 -1       145 4.37350E+01
 -1       146 6.58552E+01
 -1       147 3.32816E+01
 -1       148 3.32913E+01
 -1       149 6.61756E+01
 -1       150 8.20436E+01
 -1       151 8.19552E+01
 -1       152 6.65921E+01
 -1       153 8.20029E+01
 -1       154 5.33362E+01
 -1       155 5.35143E+01
 -1       156 8.18126E+01
 -1       157 5.35779E+01
 -1       158 5.33645E+01
 -1       159 4.40193E+01
 -1       160 3.75904E+01
 -1       161 3.74814E+01
 -1       162 3.09047E+01
 -1       163 3.08814E+01
 -1       164 3.32112E+01
 -1       165 3.08718E+01
 -1       166 3.74977E+01
 -1       167 3.75734E+01
 -1       168 4.41150E+01
 -1       169 3.08928E+01
 -1       170 4.39451E+01
 -1       171 3.33371E+01
 -1       172 3.33498E+01
 -1       173 6.59857E+01
 -1       174 6.60335E+01
 -1       175 5.34367E+01
 -1       176 8.18699E+01
 -1       177 5.35290E+01
 -1       178 4.41683E+01
 -1       179 3.76513E+01
 -1       180 3.09262E+01
 -1       181 3.76342E+01
 -1       182 3.75967E+01
 -1       183 3.75722E+01
 -1       184 4.41254E+01
 -1       185 3.09293E+01
 -1       186 3.08923E+01
 -1       187 3.33989E+01
 -1       188 8.18839E+01
 -1       189 6.63075E+01
 -1       190 5.34629E+01
 -1       191 5.34684E+01
 -1       192 8.18756E+01
 -1       193 8.18965E+01
 -1       194 3.08747E+01
 -1       195 5.32228E+01
 -1       196 3.74608E+01
 -1       197 8.18545E+01
 -1       198 6.64751E+01
 -1       199 4.85827E+01
 -1       200 4.03284E+01
 -1       201 5.97329E+01
 -1       202 3.75396E+01
 -1       203 3.33105E+01
 -1       204 3.51852E+01
 -1       205 3.51298E+01
 -1       206 4.03233E+01
 -1       207 3.09141E+01
 -1       208 3.09057E+01
 -1       209 3.33307E+01
 -1       210 3.08994E+01
 -1       211 3.09232E+01
 -1       212 3.09110E+01
 -1       213 5.35055E+01
 -1       214 6.60581E+01
 -1       215 8.19733E+01
 -1       216 6.64252E+01
 -1       217 3.09221E+01
 -1       218 3.09288E+01
 -1       219 3.32390E+01
 -1       220 4.05773E+01
 -1       221 3.18313E+01
 -1       222 3.32555E+01
 -1       223 3.52016E+01
 -1       224 4.05812E+01
 -1       225 4.41528E+01
 -1       226 5.95200E+01
 -1       227 4.84873E+01
 -1       228 4.82849E+01
 -1       229 6.63955E+01
 -1       230 5.97303E+01
 -1       231 4.06270E+01
 -1       232 3.51337E+01
 -1       233 4.83031E+01
 -1       234 6.64273E+01
 -1       235 4.41255E+01
 -1       236 4.84620E+01
 -1       237 7.36354E+01
 -1       238 4.41169E+01
 -1       239 3.08700E+01
 -1       240 3.18427E+01
 -1       241 3.18718E+01
 -1       242 3.51441E+01
 -1       243 3.08712E+01
 -1       244 3.18475E+01
 -1       245 3.51509E+01
 -1       246 3.32942E+01
 -1       247 4.05506E+01
 -1       248 6.60539E+01
 -1       249 5.93157E+01
 -1       250 5.93536E+01
 -1       251 4.84634E+01
 -1       252 8.18646E+01
 -1       253 7.37015E+01
 -1       254 7.38027E+01
 -1       255 8.18890E+01
 -1       256 7.38157E+01
 -1       257 5.93347E+01
 -1       258 3.51414E+01
 -1       259 7.37369E+01
 -1       260 8.19196E+01
 -1       261 8.19384E+01
 -1       262 3.08884E+01
 -1       263 3.33235E+01
 -1       264 8.18525E+01
 -1       265 6.62135E+01
 -1       266 8.18371E+01
 -1       267 3.33534E+01
 -1       268 6.59039E+01
 -1       269 3.08974E+01
 -1       270 3.08983E+01
 -1       271 8.19181E+01
 -1       272 5.94450E+01
 -1       273 5.36382E+01
 -1       274 3.75603E+01
 -1       275 3.09056E+01
 -1       276 8.19395E+01
 -1       277 3.76390E+01
 -1       278 5.34383E+01
 -1       279 6.62726E+01
 -1       280 8.19242E+01
 -3
    1PSTEP                         3           3           1          
  100CL  103 1.500000000         280                     1    3           1
 -4  NDTEMP      1    1
 -5  T           1    1    0    0
 -1         1 1.00000E+02
 -1         2 1.00000E+02
 -1         3 1.00000E+02
 -1         4 1.00000E+02
 -1         5 3.82989E+01
 -1         6 3.83181E+01
 -1         7 3.83078E+01
 -1         8 3.83223E+01
 -1         9 1.00000E+02
 -1        10 1.00000E+02
 -1        11 1.00000E+02
 -1        12 1.00000E+02
 -1        13 1.00000E+02
 -1        14 1.00000E+02
 -1        15 1.00000E+02
 -1        16 1.00000E+02
 -1        17 1.00000E+02
 -1        18 1.00000E+02
 -1        19 1.00000E+02
 -1        20 1.00000E+02
 -1        21 3.82972E+01
 -1        22 3.82631E+01
 -1        23 3.82793E+01
 -1        24 3.82919E+01
 -1        25 3.82613E+01
 -1        26 3.82697E+01
 -1        27 3.82917E+01
 -1        28 3.82776E+01
 -1        29 3.82872E+01
 -1        30 3.82818E+01
 -1        31 3.82842E+01
 -1        32 3.82841E+01
 -1        33 5.36119E+01
 -1        34 7.37214E+01
 -1        35 4.20160E+01
 -1        36 5.36100E+01
 -1        37 7.36858E+01
 -1        38 4.20264E+01
 -1        39 5.35740E+01
 -1        40 7.36481E+01
 -1        41 4.20107E+01
 -1        42 5.35959E+01
 -1        43 7.36839E+01
 -1        44 4.20341E+01
 -1        45 1.00000E+02
 -1        46 1.00000E+02
 -1        47 1.00000E+02
 -1        48 1.00000E+02
 -1        49 1.00000E+02
 -1        50 1.00000E+02
 -1        51 1.00000E+02
 -1        52 1.00000E+02
 -1        53 1.00000E+02
 -1        54 1.00000E+02
 -1        55 1.00000E+02
 -1        56 1.00000E+02
 -1        57 1.00000E+02
 -1        58 1.00000E+02
 -1        59 1.00000E+02
 -1        60 1.00000E+02
 -1        61 1.00000E+02
 -1        62 1.00000E+02
 -1        63 1.00000E+02
 -1        64 1.00000E+02
 -1        65 1.00000E+02
 -1        66 1.00000E+02
 -1        67 1.00000E+02
 -1        68 1.00000E+02
 -1        69 1.00000E+02
 -1        70 3.83447E+01
 -1        71 3.82843E+01
 -1        72 3.83051E+01
 -1        73 3.82769E+01
 -1        74 3.82669E+01
 -1        75 3.82843E+01
 -1        76 3.83020E+01
 -1        77 3.82842E+01
 -1        78 3.82946E+01
 -1        79 3.83130E+01
 -1        80 3.83046E+01
 -1        81 3.82679E+01
 -1        82 3.82827E+01
 -1        83 3.82795E+01
 -1        84 3.82986E+01
 -1        85 3.82886E+01
 -1        86 3.82680E+01
 -1        87 3.82722E+01
 -1        88 3.82718E+01
 -1        89 3.82710E+01
 -1        90 3.82930E+01
 -1        91 3.82809E+01
 -1        92 3.82922E+01
 -1        93 3.83028E+01
 -1        94 3.82754E+01
 -1        95 5.34472E+01
 -1        96 4.20123E+01
 -1        97 4.20197E+01
 -1        98 7.36830E+01
 -1        99 7.36386E+01
 -1       100 8.63322E+01
 -1       101 8.63043E+01
 -1       102 7.39349E+01
 -1       103 6.27411E+01
 -1       104 6.26366E+01
 -1       105 8.63515E+01
 -1       106 8.63037E+01
 -1       107 4.67441E+01
 -1       108 4.68139E+01
 -1       109 5.36403E+01
 -1       110 4.19816E+01
 -1       111 3.91926E+01
 -1       112 3.92117E+01
 -1       113 4.67715E+01
 -1       114 3.91838E+01
 -1       115 5.37439E+01
 -1       116 4.68041E+01
 -1       117 3.91997E+01
 -1       118 6.26595E+01
 -1       119 6.26572E+01
 -1       120 5.35824E+01
 -1       121 4.20132E+01
 -1       122 7.35791E+01
 -1       123 4.20345E+01
 -1       124 7.36353E+01
 -1       125 4.67898E+01
 -1       126 4.68065E+01
 -1       127 5.36829E+01
 -1       128 3.92250E+01
 -1       129 6.26518E+01
 -1       130 6.26837E+01
 -1       131 8.63159E+01
 -1       132 4.67792E+01
 -1       133 5.36316E+01
 -1       134 4.67796E+01
 -1       135 3.92066E+01
 -1       136 3.91989E+01
 -1       137 4.20334E+01
 -1       138 8.62783E+01
 -1       139 7.36261E+01
 -1       140 6.26450E+01
 -1       141 8.63008E+01
 -1       142 6.26424E+01
 -1       143 3.92081E+01
 -1       144 8.62751E+01
 -1       145 5.34503E+01
 -1       146 7.36293E+01
 -1       147 4.19983E+01
 -1       148 4.20121E+01
 -1       149 7.36960E+01
 -1       150 8.63042E+01
 -1       151 8.63217E+01
 -1       152 7.39368E+01
 -1       153 8.63532E+01
 -1       154 6.26276E+01
 -1       155 6.27188E+01
 -1       156 8.63112E+01
 -1       157 6.27398E+01
 -1       158 6.26214E+01
 -1       159 5.36146E+01
 -1       160 4.67909E+01
 -1       161 4.67337E+01
 -1       162 3.92005E+01
 -1       163 3.91837E+01
 -1       164 4.19722E+01
 -1       165 3.91793E+01
 -1       166 4.67591E+01
 -1       167 4.67962E+01
 -1       168 5.36801E+01
 -1       169 3.91991E+01
 -1       170 5.35129E+01
 -1       171 4.20324E+01
 -1       172 4.20207E+01
 -1       173 7.36572E+01
 -1       174 7.36574E+01
 -1       175 6.26495E+01
 -1       176 8.63193E+01
 -1       177 6.27020E+01
 -1       178 5.36593E+01
 -1       179 4.68189E+01
 -1       180 3.92195E+01
 -1       181 4.67885E+01
 -1       182 4.68006E+01
 -1       183 4.67627E+01
 -1       184 5.36488E+01
 -1       185 3.92164E+01
 -1       186 3.92025E+01
 -1       187 4.20337E+01
 -1       188 8.63066E+01
 -1       189 7.37762E+01
 -1       190 6.26910E+01
 -1       191 6.27065E+01
 -1       192 8.63101E+01
 -1       193 8.62607E+01
 -1       194 3.92019E+01
 -1       195 6.25562E+01
 -1       196 4.66542E+01
 -1       197 8.62318E+01
 -1       198 7.37603E+01
 -1       199 5.80747E+01
 -1       200 4.98360E+01
 -1       201 6.80565E+01
 -1       202 4.67802E+01
 -1       203 4.20117E+01
 -1       204 4.41514E+01
 -1       205 4.41132E+01
 -1       206 4.98319E+01
 -1       207 3.92083E+01
 -1       208 3.92036E+01
 -1       209 4.20271E+01
 -1       210 3.92120E+01
 -1       211 3.92148E+01
 -1       212 3.92111E+01
 -1       213 6.26906E+01
 -1       214 7.36710E+01
 -1       215 8.62869E+01
 -1       216 7.37371E+01
 -1       217 3.92036E+01
 -1       218 3.92128E+01
 -1       219 4.20118E+01
 -1       220 4.99839E+01
 -1       221 4.03082E+01
 -1       222 4.20121E+01
 -1       223 4.41626E+01
 -1       224 4.99861E+01
 -1       225 5.36796E+01
 -1       226 6.80014E+01
 -1       227 5.79604E+01
 -1       228 5.78169E+01
 -1       229 7.37091E+01
 -1       230 6.80495E+01
 -1       231 4.99883E+01
 -1       232 4.41617E+01
 -1       233 5.78274E+01
 -1       234 7.37181E+01
 -1       235 5.36599E+01
 -1       236 5.79470E+01
 -1       237 7.97221E+01
 -1       238 5.36792E+01
 -1       239 3.91862E+01
 -1       240 4.03354E+01
 -1       241 4.03365E+01
 -1       242 4.41220E+01
 -1       243 3.91882E+01
 -1       244 4.03412E+01
 -1       245 4.41305E+01
 -1       246 4.20202E+01
 -1       247 5.00069E+01
 -1       248 7.36730E+01
 -1       249 6.79198E+01
 -1       250 6.79410E+01
 -1       251 5.79038E+01
 -1       252 8.63112E+01
 -1       253 7.98315E+01
 -1       254 7.98989E+01
 -1       255 8.63224E+01
 -1       256 7.98795E+01
 -1       257 6.79222E+01
 -1       258 4.41237E+01
 -1       259 7.97957E+01
 -1       260 8.63499E+01
 -1       261 8.63618E+01
 -1       262 3.91960E+01
 -1       263 4.20256E+01
 -1       264 8.62597E+01
 -1       265 7.37114E+01
 -1       266 8.62834E+01
 -1       267 4.20398E+01
 -1       268 7.36213E+01
 -1       269 3.92062E+01
 -1       270 3.91959E+01
 -1       271 8.63029E+01
 -1       272 6.79664E+01
 -1       273 6.27686E+01
 -1       274 4.67991E+01
 -1       275 3.92032E+01
 -1       276 8.62823E+01
 -1       277 4.68155E+01
 -1       278 6.26421E+01
 -1       279 7.37354E+01
 -1       280 8.63232E+01
 -3
    1PSTEP                         4           4           1          
  100CL  104 2.000000000         280                     1    4           1
 -4  NDTEMP      1    1
 -5  T           1    1    0    0
 -1         1 1.00000E+02
 -1         2 1.00000E+02
 -1         3 1.00000E+02
 -1         4 1.00000E+02
 -1         5 4.64079E+01
 -1         6 4.64206E+01
 -1         7 4.64115E+01
 -1         8 4.64255E+01
 -1         9 1.00000E+02
 -1        10 1.00000E+02
 -1        11 1.00000E+02
 -1        12 1.00000E+02
 -1        13 1.00000E+02
 -1        14 1.00000E+02
 -1        15 1.00000E+02
 -1        16 1.00000E+02
 -1        17 1.00000E+02
 -1        18 1.00000E+02
 -1        19 1.00000E+02
 -1        20 1.00000E+02
 -1        21 4.63943E+01
 -1        22 4.64122E+01
 -1        23 4.64233E+01
 -1        24 4.63897E+01
 -1        25 4.64106E+01
 -1        26 4.64155E+01
 -1        27 4.64234E+01
 -1        28 4.64223E+01
 -1        29 4.64278E+01
 -1        30 4.64292E+01
 -1        31 4.64284E+01
 -1        32 4.64345E+01
 -1        33 6.10037E+01
 -1        34 7.84670E+01
 -1        35 5.01038E+01
 -1        36 6.10050E+01
 -1        37 7.84623E+01
 -1        38 5.01062E+01
 -1        39 6.09821E+01
 -1        40 7.84495E+01
 -1        41 5.00944E+01
 -1        42 6.09857E+01
 -1        43 7.84609E+01
 -1        44 5.01084E+01
 -1        45 1.00000E+02
 -1        46 1.00000E+02
 -1        47 1.00000E+02
 -1        48 1.00000E+02
 -1        49 1.00000E+02
 -1        50 1.00000E+02
 -1        51 1.00000E+02
 -1        52 1.00000E+02
 -1        53 1.00000E+02
 -1        54 1.00000E+02
 -1        55 1.00000E+02
 -1        56 1.00000E+02
 -1        57 1.00000E+02
 -1        58 1.00000E+02
 -1        59 1.00000E+02
 -1        60 1.00000E+02
 -1        61 1.00000E+02
 -1        62 1.00000E+02
 -1        63 1.00000E+02
 -1        64 1.00000E+02
 -1        65 1.00000E+02
 -1        66 1.00000E+02
 -1        67 1.00000E+02
 -1        68 1.00000E+02
 -1        69 1.00000E+02
 -1        70 4.63666E+01
 -1        71 4.64258E+01
 -1        72 4.64176E+01
 -1        73 4.64198E+01
 -1        74 4.64094E+01
 -1        75 4.64288E+01
 -1        76 4.64288E+01
 -1        77 4.64237E+01
 -1        78 4.64171E+01
 -1        79 4.64004E+01
 -1        80 4.64079E+01
 -1        81 4.64105E+01
 -1        82 4.64177E+01
 -1        83 4.64245E+01
 -1        84 4.64042E+01
 -1        85 4.63989E+01
 -1        86 4.64028E+01
 -1        87 4.64129E+01
 -1        88 4.64060E+01
 -1        89 4.63975E+01
 -1        90 4.64024E+01
 -1        91 4.64297E+01
 -1        92 4.64254E+01
 -1        93 4.64075E+01
 -1        94 4.64166E+01
 -1        95 6.09021E+01
 -1        96 5.00974E+01
 -1        97 5.01025E+01
 -1        98 7.84600E+01
 -1        99 7.84517E+01
 -1       100 8.89121E+01
 -1       101 8.88736E+01
 -1       102 7.86183E+01
 -1       103 6.91011E+01
 -1       104 6.90398E+01
 -1       105 8.89231E+01
 -1       106 8.89063E+01
 -1       107 5.46344E+01
 -1       108 5.46818E+01
 -1       109 6.10299E+01
 -1       110 5.00879E+01
 -1       111 4.73314E+01
 -1       112 4.73461E+01
 -1       113 5.46600E+01
 -1       114 4.73256E+01
 -1       115 6.11059E+01
 -1       116 5.46826E+01
 -1       117 4.73385E+01
 -1       118 6.90261E+01
 -1       119 6.90488E+01
 -1       120 6.09848E+01
 -1       121 5.00819E+01
 -1       122 7.84089E+01
 -1       123 5.00884E+01
 -1       124 7.84410E+01
 -1       125 5.46728E+01
 -1       126 5.46676E+01
 -1       127 6.10299E+01
 -1       128 4.73478E+01
 -1       129 6.90411E+01
 -1       130 6.90623E+01
 -1       131 8.89138E+01
 -1       132 5.46623E+01
 -1       133 6.10134E+01
 -1       134 5.46516E+01
 -1       135 4.73366E+01
 -1       136 4.73444E+01
 -1       137 5.00895E+01
 -1       138 8.88860E+01
 -1       139 7.84130E+01
 -1       140 6.90499E+01
 -1       141 8.89085E+01
 -1       142 6.90487E+01
 -1       143 4.73472E+01
 -1       144 8.88845E+01
 -1       145 6.09065E+01
 -1       146 7.84558E+01
 -1       147 5.00868E+01
 -1       148 5.00962E+01
 -1       149 7.84527E+01
 -1       150 8.88725E+01
 -1       151 8.88989E+01
 -1       152 7.86238E+01
 -1       153 8.89284E+01
 -1       154 6.90391E+01
 -1       155 6.90904E+01
 -1       156 8.89195E+01
 -1       157 6.90961E+01
 -1       158 6.90312E+01
 -1       159 6.10140E+01
 -1       160 5.46660E+01
 -1       161 5.46277E+01
 -1       162 4.73368E+01
 -1       163 4.73241E+01
 -1       164 5.00807E+01
 -1       165 4.73217E+01
 -1       166 5.46503E+01
 -1       167 5.46761E+01
 -1       168 6.10559E+01
 -1       169 4.73380E+01
 -1       170 6.09380E+01
 -1       171 5.01052E+01
 -1       172 5.00862E+01
 -1       173 7.84558E+01
 -1       174 7.84463E+01
 -1       175 6.90402E+01
 -1       176 8.89160E+01
 -1       177 6.90755E+01
 -1       178 6.10211E+01
 -1       179 5.46745E+01
 -1       180 4.73512E+01
 -1       181 5.46423E+01
 -1       182 5.46764E+01
 -1       183 5.46385E+01
 -1       184 6.10231E+01
 -1       185 4.73448E+01
 -1       186 4.73460E+01
 -1       187 5.00768E+01
 -1       188 8.89053E+01
 -1       189 7.85209E+01
 -1       190 6.90745E+01
 -1       191 6.90932E+01
 -1       192 8.89058E+01
 -1       193 8.88589E+01
 -1       194 4.73538E+01
 -1       195 6.90060E+01
 -1       196 5.45484E+01
 -1       197 8.88363E+01
 -1       198 7.84687E+01
 -1       199 6.49858E+01
 -1       200 5.75512E+01
 -1       201 7.36420E+01
 -1       202 5.46693E+01
 -1       203 5.00926E+01
 -1       204 5.21584E+01
 -1       205 5.21313E+01
 -1       206 5.75493E+01
 -1       207 4.73420E+01
 -1       208 4.73402E+01
 -1       209 5.00995E+01
 -1       210 4.73548E+01
 -1       211 4.73456E+01
 -1       212 4.73465E+01
 -1       213 6.90661E+01
 -1       214 7.84551E+01
 -1       215 8.88655E+01
 -1       216 7.84557E+01
 -1       217 4.73359E+01
 -1       218 4.73439E+01
 -1       219 5.01197E+01
 -1       220 5.76442E+01
 -1       221 4.84402E+01
 -1       222 5.01122E+01
 -1       223 5.21642E+01
 -1       224 5.76446E+01
 -1       225 6.10461E+01
 -1       226 7.36310E+01
 -1       227 6.48903E+01
 -1       228 6.48005E+01
 -1       229 7.84331E+01
 -1       230 7.36349E+01
 -1       231 5.76282E+01
 -1       232 5.21856E+01
 -1       233 6.48073E+01
 -1       234 7.84356E+01
 -1       235 6.10347E+01
 -1       236 6.48835E+01
 -1       237 8.34873E+01
 -1       238 6.10439E+01
 -1       239 4.73324E+01
 -1       240 4.84665E+01
 -1       241 4.84542E+01
 -1       242 5.21356E+01
 -1       243 4.73341E+01
 -1       244 4.84710E+01
 -1       245 5.21423E+01
 -1       246 5.01048E+01
 -1       247 5.76789E+01
 -1       248 7.84587E+01
 -1       249 7.35920E+01
 -1       250 7.36068E+01
 -1       251 6.48379E+01
 -1       252 8.89105E+01
 -1       253 8.35769E+01
 -1       254 8.36272E+01
 -1       255 8.89173E+01
 -1       256 8.36053E+01
 -1       257 7.35915E+01
 -1       258 5.21383E+01
 -1       259 8.35377E+01
 -1       260 8.89368E+01
 -1       261 8.89458E+01
 -1       262 4.73375E+01
 -1       263 5.01027E+01
 -1       264 8.88629E+01
 -1       265 7.84629E+01
 -1       266 8.88885E+01
 -1       267 5.01082E+01
 -1       268 7.84374E+01
 -1       269 4.73454E+01
 -1       270 4.73327E+01
 -1       271 8.88924E+01
 -1       272 7.36126E+01
 -1       273 6.91132E+01
 -1       274 5.46817E+01
 -1       275 4.73381E+01
 -1       276 8.88705E+01
 -1       277 5.46732E+01
 -1       278 6.90350E+01
 -1       279 7.84848E+01
 -1       280 8.89117E+01
 -3
    1PSTEP                         5           5           1          
  100CL  105 2.500000000         280                     1    5           1
 -4  NDTEMP      1    1
 -5  T           1    1    0    0
 -1         1 1.00000E+02
 -1         2 1.00000E+02
 -1         3 1.00000E+02
 -1         4 1.00000E+02
 -1         5 5.38643E+01
 -1         6 5.38732E+01
 -1         7 5.38666E+01
 -1         8 5.38788E+01
 -1         9 1.00000E+02
 -1        10 1.00000E+02
 -1        11 1.00000E+02
 -1        12 1.00000E+02
 -1        13 1.00000E+02
 -1        14 1.00000E+02
 -1        15 1.00000E+02
 -1        16 1.00000E+02
 -1        17 1.00000E+02
 -1        18 1.00000E+02
 -1        19 1.00000E+02
 -1        20 1.00000E+02
 -1        21 5.38469E+01
 -1        22 5.38850E+01
 -1        23 5.38930E+01
 -1        24 5.38438E+01
 -1        25 5.38838E+01
 -1        26 5.38877E+01
 -1        27 5.38893E+01
 -1        28 5.38937E+01
 -1        29 5.38973E+01
 -1        30 5.39009E+01
 -1        31 5.38982E+01
 -1        32 5.39069E+01
 -1        33 6.69503E+01
 -1        34 8.19508E+01
 -1        35 5.72436E+01
 -1        36 6.69525E+01
 -1        37 8.19544E+01
 -1        38 5.72434E+01
 -1        39 6.69381E+01
 -1        40 8.19501E+01
 -1        41 5.72357E+01
 -1        42 6.69341E+01
 -1        43 8.19533E+01
 -1        44 5.72438E+01
 -1        45 1.00000E+02
 -1        46 1.00000E+02
 -1        47 1.00000E+02
 -1        48 1.00000E+02
 -1        49 1.00000E+02
 -1        50 1.00000E+02
 -1        51 1.00000E+02
 -1        52 1.00000E+02
 -1        53 1.00000E+02
 -1        54 1.00000E+02
 -1        55 1.00000E+02
 -1        56 1.00000E+02
 -1        57 1.00000E+02
 -1        58 1.00000E+02
 -1        59 1.00000E+02
 -1        60 1.00000E+02
 -1        61 1.00000E+02
 -1        62 1.00000E+02
 -1        63 1.00000E+02
 -1        64 1.00000E+02
 -1        65 1.00000E+02
 -1        66 1.00000E+02
 -1        67 1.00000E+02
 -1        68 1.00000E+02
 -1        69 1.00000E+02
 -1        70 5.37940E+01
 -1        71 5.38943E+01
 -1        72 5.38763E+01
 -1        73 5.38902E+01
 -1        74 5.38799E+01
 -1        75 5.38993E+01
 -1        76 5.38919E+01
 -1        77 5.38931E+01
 -1        78 5.38798E+01
 -1        79 5.38507E+01
 -1        80 5.38640E+01
 -1        81 5.38815E+01
 -1        82 5.38853E+01
 -1        83 5.38957E+01
 -1        84 5.38612E+01
 -1        85 5.38578E+01
 -1        86 5.38709E+01
 -1        87 5.38821E+01
 -1        88 5.38731E+01
 -1        89 5.38635E+01
 -1        90 5.38601E+01
 -1        91 5.39014E+01
 -1        92 5.38904E+01
 -1        93 5.38633E+01
 -1        94 5.38856E+01
 -1        95 6.68764E+01
 -1        96 5.72373E+01
 -1        97 5.72405E+01
 -1        98 8.19540E+01
 -1        99 8.19543E+01
 -1       100 9.07447E+01
 -1       101 9.07094E+01
 -1       102 8.20695E+01
 -1       103 7.39670E+01
 -1       104 7.39245E+01
 -1       105 9.07527E+01
 -1       106 9.07447E+01
 -1       107 6.13132E+01
 -1       108 6.13493E+01
 -1       109 6.69703E+01
 -1       110 5.72359E+01
 -1       111 5.47236E+01
 -1       112 5.47354E+01
 -1       113 6.13350E+01
 -1       114 5.47195E+01
 -1       115 6.70287E+01
 -1       116 6.13534E+01
 -1       117 5.47301E+01
 -1       118 7.39026E+01
 -1       119 7.39291E+01
 -1       120 6.69396E+01
 -1       121 5.72194E+01
 -1       122 8.19215E+01
 -1       123 5.72196E+01
 -1       124 8.19428E+01
 -1       125 6.13478E+01
 -1       126 6.13352E+01
 -1       127 6.69566E+01
 -1       128 5.47337E+01
 -1       129 7.39216E+01
 -1       130 7.39385E+01
 -1       131 9.07500E+01
 -1       132 6.13394E+01
 -1       133 6.69556E+01
 -1       134 6.13257E+01
 -1       135 5.47265E+01
 -1       136 5.47398E+01
 -1       137 5.72197E+01
 -1       138 9.07292E+01
 -1       139 8.19161E+01
 -1       140 7.39359E+01
 -1       141 9.07480E+01
 -1       142 7.39339E+01
 -1       143 5.47399E+01
 -1       144 9.07284E+01
 -1       145 6.68820E+01
 -1       146 8.19620E+01
 -1       147 5.72304E+01
 -1       148 5.72357E+01
 -1       149 8.19414E+01
 -1       150 9.07080E+01
 -1       151 9.07323E+01
 -1       152 8.20754E+01
 -1       153 9.07582E+01
 -1       154 7.39272E+01
 -1       155 7.39611E+01
 -1       156 9.07577E+01
 -1       157 7.39610E+01
 -1       158 7.39199E+01
 -1       159 6.69608E+01
 -1       160 6.13393E+01
 -1       161 6.13098E+01
 -1       162 5.47290E+01
 -1       163 5.47186E+01
 -1       164 5.72312E+01
 -1       165 5.47168E+01
 -1       166 6.13281E+01
 -1       167 6.13484E+01
 -1       168 6.69894E+01
 -1       169 5.47297E+01
 -1       170 6.69055E+01
 -1       171 5.72402E+01
 -1       172 5.72207E+01
 -1       173 8.19543E+01
 -1       174 8.19442E+01
 -1       175 7.39215E+01
 -1       176 9.07516E+01
 -1       177 7.39496E+01
 -1       178 6.69550E+01
 -1       179 6.13389E+01
 -1       180 5.47399E+01
 -1       181 6.13091E+01
 -1       182 6.13480E+01
 -1       183 6.13144E+01
 -1       184 6.69609E+01
 -1       185 5.47322E+01
 -1       186 5.47398E+01
 -1       187 5.72022E+01
 -1       188 9.07440E+01
 -1       189 8.20006E+01
 -1       190 7.39494E+01
 -1       191 7.39691E+01
 -1       192 9.07428E+01
 -1       193 9.07037E+01
 -1       194 5.47505E+01
 -1       195 7.39125E+01
 -1       196 6.12400E+01
 -1       197 9.06855E+01
 -1       198 8.19443E+01
 -1       199 7.04068E+01
 -1       200 6.39140E+01
 -1       201 7.78428E+01
 -1       202 6.13466E+01
 -1       203 5.72331E+01
 -1       204 5.90948E+01
 -1       205 5.90740E+01
 -1       206 6.39136E+01
 -1       207 5.47326E+01
 -1       208 5.47323E+01
 -1       209 5.72343E+01
 -1       210 5.47477E+01
 -1       211 5.47341E+01
 -1       212 5.47366E+01
 -1       213 7.39406E+01
 -1       214 8.19500E+01
 -1       215 9.07040E+01
 -1       216 8.19358E+01
 -1       217 5.47271E+01
 -1       218 5.47338E+01
 -1       219 5.72663E+01
 -1       220 6.39798E+01
 -1       221 5.57389E+01
 -1       222 5.72560E+01
 -1       223 5.90972E+01
 -1       224 6.39791E+01
 -1       225 6.69783E+01
 -1       226 7.78451E+01
 -1       227 7.03283E+01
 -1       228 7.02678E+01
 -1       229 8.19174E+01
 -1       230 7.78367E+01
 -1       231 6.39571E+01
 -1       232 5.91236E+01
 -1       233 7.02725E+01
 -1       234 8.19177E+01
 -1       235 6.69717E+01
 -1       236 7.03246E+01
 -1       237 8.62002E+01
 -1       238 6.69743E+01
 -1       239 5.47279E+01
 -1       240 5.57618E+01
 -1       241 5.57452E+01
 -1       242 5.90756E+01
 -1       243 5.47291E+01
 -1       244 5.57649E+01
 -1       245 5.90807E+01
 -1       246 5.72433E+01
 -1       247 6.40139E+01
 -1       248 8.19534E+01
 -1       249 7.78220E+01
 -1       250 7.78338E+01
 -1       251 7.02825E+01
 -1       252 9.07480E+01
 -1       253 8.62716E+01
 -1       254 8.63118E+01
 -1       255 9.07529E+01
 -1       256 8.62918E+01
 -1       257 7.78217E+01
 -1       258 5.90781E+01
 -1       259 8.62372E+01
 -1       260 9.07678E+01
 -1       261 9.07749E+01
 -1       262 5.47314E+01
 -1       263 5.72394E+01
 -1       264 9.07077E+01
 -1       265 8.19490E+01
 -1       266 9.07306E+01
 -1       267 5.72415E+01
 -1       268 8.19430E+01
 -1       269 5.47366E+01
 -1       270 5.47251E+01
 -1       271 9.07302E+01
 -1       272 7.78337E+01
 -1       273 7.39730E+01
 -1       274 6.13542E+01
 -1       275 5.47285E+01
 -1       276 9.07112E+01
 -1       277 6.13381E+01
 -1       278 7.39186E+01
 -1       279 8.19695E+01
 -1       280 9.07470E+01
 -3
    1PSTEP                         6           6           1          
  100CL  106 3.000000000         280                     1    6           1
 -4  NDTEMP      1    1
 -5  T           1    1    0    0
 -1         1 1.00000E+02
 -1         2 1.00000E+02
 -1         3 1.00000E+02
 -1         4 1.00000E+02
 -1         5 6.04523E+01
 -1         6 6.04590E+01
 -1         7 6.04545E+01
 -1         8 6.04649E+01
 -1         9 1.00000E+02
 -1        10 1.00000E+02
 -1        11 1.00000E+02
 -1        12 1.00000E+02
 -1        13 1.00000E+02
 -1        14 1.00000E+02
 -1        15 1.00000E+02
 -1        16 1.00000E+02
 -1        17 1.00000E+02
 -1        18 1.00000E+02
 -1        19 1.00000E+02
 -1        20 1.00000E+02
 -1        21 6.04349E+01
 -1        22 6.04772E+01
 -1        23 6.04833E+01
 -1        24 6.04330E+01
 -1        25 6.04765E+01
 -1        26 6.04801E+01
 -1        27 6.04793E+01
 -1        28 6.04855E+01
 -1        29 6.04879E+01
 -1        30 6.04917E+01
 -1        31 6.04883E+01
 -1        32 6.04976E+01
 -1        33 7.18752E+01
 -1        34 8.47157E+01
 -1        35 6.34288E+01
 -1        36 7.18773E+01
 -1        37 8.47211E+01
 -1        38 6.34278E+01
 -1        39 7.18677E+01
 -1        40 8.47199E+01
 -1        41 6.34230E+01
 -1        42 7.18612E+01
 -1        43 8.47202E+01
 -1        44 6.34279E+01
 -1        45 1.00000E+02
 -1        46 1.00000E+02
 -1        47 1.00000E+02
 -1        48 1.00000E+02
 -1        49 1.00000E+02
 -1        50 1.00000E+02
 -1        51 1.00000E+02
 -1        52 1.00000E+02
 -1        53 1.00000E+02
 -1        54 1.00000E+02
 -1        55 1.00000E+02
 -1        56 1.00000E+02
 -1        57 1.00000E+02
 -1        58 1.00000E+02
 -1        59 1.00000E+02
 -1        60 1.00000E+02
 -1        61 1.00000E+02
 -1        62 1.00000E+02
 -1        63 1.00000E+02
 -1        64 1.00000E+02
 -1        65 1.00000E+02
 -1        66 1.00000E+02
 -1        67 1.00000E+02
 -1        68 1.00000E+02
 -1        69 1.00000E+02
 -1        70 6.03782E+01
 -1        71 6.04843E+01
 -1        72 6.04646E+01
 -1        73 6.04818E+01
 -1        74 6.04719E+01
 -1        75 6.04899E+01
 -1        76 6.04806E+01
 -1        77 6.04841E+01
 -1        78 6.04692E+01
 -1        79 6.04383E+01
 -1        80 6.04526E+01
 -1        81 6.04739E+01
 -1        82 6.04763E+01
 -1        83 6.04872E+01
 -1        84 6.04502E+01
 -1        85 6.04477E+01
 -1        86 6.04629E+01
 -1        87 6.04733E+01
 -1        88 6.04643E+01
 -1        89 6.04554E+01
 -1        90 6.04491E+01
 -1        91 6.04921E+01
 -1        92 6.04793E+01
 -1        93 6.04515E+01
 -1        94 6.04764E+01
 -1        95 7.18168E+01
 -1        96 6.34232E+01
 -1        97 6.34254E+01
 -1        98 8.47218E+01
 -1        99 8.47242E+01
 -1       100 9.21769E+01
 -1       101 9.21463E+01
 -1       102 8.48132E+01
 -1       103 7.79045E+01
 -1       104 7.78718E+01
 -1       105 9.21831E+01
 -1       106 9.21783E+01
 -1       107 6.69839E+01
 -1       108 6.70131E+01
 -1       109 7.18908E+01
 -1       110 6.34247E+01
 -1       111 6.12151E+01
 -1       112 6.12249E+01
 -1       113 6.70023E+01
 -1       114 6.12120E+01
 -1       115 7.19380E+01
 -1       116 6.70180E+01
 -1       117 6.12209E+01
 -1       118 7.78498E+01
 -1       119 7.78745E+01
 -1       120 7.18690E+01
 -1       121 6.34069E+01
 -1       122 8.46976E+01
 -1       123 6.34048E+01
 -1       124 8.47135E+01
 -1       125 6.70147E+01
 -1       126 6.70007E+01
 -1       127 7.18740E+01
 -1       128 6.12228E+01
 -1       129 7.78678E+01
 -1       130 7.78821E+01
 -1       131 9.21823E+01
 -1       132 6.70082E+01
 -1       133 7.18787E+01
 -1       134 6.69947E+01
 -1       135 6.12179E+01
 -1       136 6.12320E+01
 -1       137 6.34041E+01
 -1       138 9.21660E+01
 -1       139 8.46905E+01
 -1       140 7.78831E+01
 -1       141 9.21815E+01
 -1       142 7.78807E+01
 -1       143 6.12310E+01
 -1       144 9.21654E+01
 -1       145 7.18225E+01
 -1       146 8.47322E+01
 -1       147 6.34189E+01
 -1       148 6.34217E+01
 -1       149 8.47087E+01
 -1       150 9.21449E+01
 -1       151 9.21659E+01
 -1       152 8.48187E+01
 -1       153 9.21882E+01
 -1       154 7.78757E+01
 -1       155 7.79010E+01
 -1       156 9.21899E+01
 -1       157 7.78987E+01
 -1       158 7.78692E+01
 -1       159 7.18848E+01
 -1       160 6.70066E+01
 -1       161 6.69824E+01
 -1       162 6.12209E+01
 -1       163 6.12120E+01
 -1       164 6.34217E+01
 -1       165 6.12103E+01
 -1       166 6.69973E+01
 -1       167 6.70139E+01
 -1       168 7.19061E+01
 -1       169 6.12206E+01
 -1       170 7.18423E+01
 -1       171 6.34245E+01
 -1       172 6.34065E+01
 -1       173 8.47230E+01
 -1       174 8.47138E+01
 -1       175 7.78680E+01
 -1       176 9.21836E+01
 -1       177 7.78916E+01
 -1       178 7.18752E+01
 -1       179 6.70027E+01
 -1       180 6.12293E+01
 -1       181 6.69765E+01
 -1       182 6.70135E+01
 -1       183 6.69846E+01
 -1       184 7.18817E+01
 -1       185 6.12214E+01
 -1       186 6.12309E+01
 -1       187 6.33862E+01
 -1       188 9.21780E+01
 -1       189 8.47598E+01
 -1       190 7.78912E+01
 -1       191 7.79099E+01
 -1       192 9.21762E+01
 -1       193 9.21436E+01
 -1       194 6.12418E+01
 -1       195 7.78688E+01
 -1       196 6.69224E+01
 -1       197 9.21287E+01
 -1       198 8.47077E+01
 -1       199 7.48472E+01
 -1       200 6.92482E+01
 -1       201 8.12134E+01
 -1       202 6.70146E+01
 -1       203 6.34203E+01
 -1       204 6.50489E+01
 -1       205 6.50321E+01
 -1       206 6.92486E+01
 -1       207 6.12235E+01
 -1       208 6.12239E+01
 -1       209 6.34189E+01
 -1       210 6.12380E+01
 -1       211 6.12238E+01
 -1       212 6.12265E+01
 -1       213 7.78834E+01
 -1       214 8.47180E+01
 -1       215 9.21420E+01
 -1       216 8.47015E+01
 -1       217 6.12187E+01
 -1       218 6.12244E+01
 -1       219 6.34524E+01
 -1       220 6.92992E+01
 -1       221 6.21105E+01
 -1       222 6.34418E+01
 -1       223 6.50496E+01
 -1       224 6.92980E+01
 -1       225 7.18956E+01
 -1       226 8.12195E+01
 -1       227 7.47816E+01
 -1       228 7.47369E+01
 -1       229 8.46861E+01
 -1       230 8.12083E+01
 -1       231 6.92759E+01
 -1       232 6.50753E+01
 -1       233 7.47404E+01
 -1       234 8.46857E+01
 -1       235 7.18915E+01
 -1       236 7.47795E+01
 -1       237 8.83303E+01
 -1       238 7.18912E+01
 -1       239 6.12205E+01
 -1       240 6.21302E+01
 -1       241 6.21134E+01
 -1       242 6.50324E+01
 -1       243 6.12213E+01
 -1       244 6.21322E+01
 -1       245 6.50363E+01
 -1       246 6.34281E+01
 -1       247 6.93297E+01
 -1       248 8.47209E+01
 -1       249 8.12034E+01
 -1       250 8.12131E+01
 -1       251 7.47422E+01
 -1       252 9.21811E+01
 -1       253 8.83887E+01
 -1       254 8.84220E+01
 -1       255 9.21849E+01
 -1       256 8.84045E+01
 -1       257 8.12034E+01
 -1       258 6.50344E+01
 -1       259 8.83593E+01
 -1       260 9.21970E+01
 -1       261 9.22029E+01
 -1       262 6.12236E+01
 -1       263 6.34241E+01
 -1       264 9.21470E+01
 -1       265 8.47148E+01
 -1       266 9.21668E+01
 -1       267 6.34251E+01
 -1       268 8.47149E+01
 -1       269 6.12267E+01
 -1       270 6.12172E+01
 -1       271 9.21654E+01
 -1       272 8.12114E+01
 -1       273 7.79081E+01
 -1       274 6.70192E+01
 -1       275 6.12191E+01
 -1       276 9.21491E+01
 -1       277 6.70022E+01
 -1       278 7.78665E+01
 -1       279 8.47331E+01
 -1       280 9.21798E+01
 -3
    1PSTEP                         7           7           1          
  100CL  107 3.500000000         280                     1    7           1
 -4  NDTEMP      1    1
 -5  T           1    1    0    0
 -1         1 1.00000E+02
 -1         2 1.00000E+02
 -1         3 1.00000E+02
 -1         4 1.00000E+02
 -1         5 6.61669E+01
 -1         6 6.61722E+01
 -1         7 6.61693E+01
 -1         8 6.61780E+01
 -1         9 1.00000E+02
 -1        10 1.00000E+02
 -1        11 1.00000E+02
 -1        12 1.00000E+02
 -1        13 1.00000E+02
 -1        14 1.00000E+02
 -1        15 1.00000E+02
 -1        16 1.00000E+02
 -1        17 1.00000E+02
 -1        18 1.00000E+02
 -1        19 1.00000E+02
 -1        20 1.00000E+02
 -1        21 6.61510E+01
 -1        22 6.61911E+01
 -1        23 6.61960E+01
 -1        24 6.61499E+01
 -1        25 6.61907E+01
 -1        26 6.61941E+01
 -1        27 6.61926E+01
 -1        28 6.61989E+01
 -1        29 6.62007E+01
 -1        30 6.62040E+01
 -1        31 6.62006E+01
 -1        32 6.62094E+01
 -1        33 7.60197E+01
 -1        34 8.69969E+01
 -1        35 6.87449E+01
 -1        36 7.60216E+01
 -1        37 8.70023E+01
 -1        38 6.87437E+01
 -1        39 7.60146E+01
 -1        40 8.70023E+01
 -1        41 6.87406E+01
 -1        42 7.60077E+01
 -1        43 8.70015E+01
 -1        44 6.87439E+01
 -1        45 1.00000E+02
 -1        46 1.00000E+02
 -1        47 1.00000E+02
 -1        48 1.00000E+02
 -1        49 1.00000E+02
 -1        50 1.00000E+02
 -1        51 1.00000E+02
 -1        52 1.00000E+02
 -1        53 1.00000E+02
 -1        54 1.00000E+02
 -1        55 1.00000E+02
 -1        56 1.00000E+02
 -1        57 1.00000E+02
 -1        58 1.00000E+02
 -1        59 1.00000E+02
 -1        60 1.00000E+02
 -1        61 1.00000E+02
 -1        62 1.00000E+02
 -1        63 1.00000E+02
 -1        64 1.00000E+02
 -1        65 1.00000E+02
 -1        66 1.00000E+02
 -1        67 1.00000E+02
 -1        68 1.00000E+02
 -1        69 1.00000E+02
 -1        70 6.60982E+01
 -1        71 6.61968E+01
 -1        72 6.61786E+01
 -1        73 6.61954E+01
 -1        74 6.61862E+01
 -1        75 6.62024E+01
 -1        76 6.61932E+01
 -1        77 6.61973E+01
 -1        78 6.61830E+01
 -1        79 6.61542E+01
 -1        80 6.61677E+01
 -1        81 6.61884E+01
 -1        82 6.61902E+01
 -1        83 6.62003E+01
 -1        84 6.61657E+01
 -1        85 6.61636E+01
 -1        86 6.61780E+01
 -1        87 6.61872E+01
 -1        88 6.61790E+01
 -1        89 6.61713E+01
 -1        90 6.61644E+01
 -1        91 6.62042E+01
 -1        92 6.61919E+01
 -1        93 6.61664E+01
 -1        94 6.61899E+01
 -1        95 7.59715E+01
 -1        96 6.87400E+01
 -1        97 6.87417E+01
 -1        98 8.70034E+01
 -1        99 8.70061E+01
 -1       100 9.33500E+01
 -1       101 9.33237E+01
 -1       102 8.70786E+01
 -1       103 8.11830E+01
 -1       104 8.11563E+01
 -1       105 9.33551E+01
 -1       106 9.33516E+01
 -1       107 7.18122E+01
 -1       108 7.18366E+01
 -1       109 7.60323E+01
 -1       110 6.87423E+01
 -1       111 6.68299E+01
 -1       112 6.68382E+01
 -1       113 7.18279E+01
 -1       114 6.68275E+01
 -1       115 7.60716E+01
 -1       116 7.18413E+01
 -1       117 6.68350E+01
 -1       118 8.11363E+01
 -1       119 8.11581E+01
 -1       120 7.60158E+01
 -1       121 6.87261E+01
 -1       122 8.69841E+01
 -1       123 6.87232E+01
 -1       124 8.69966E+01
 -1       125 7.18393E+01
 -1       126 7.18261E+01
 -1       127 7.60161E+01
 -1       128 6.68364E+01
 -1       129 8.11523E+01
 -1       130 8.11646E+01
 -1       131 9.33549E+01
 -1       132 7.18342E+01
 -1       133 7.60225E+01
 -1       134 7.18219E+01
 -1       135 6.68328E+01
 -1       136 6.68459E+01
 -1       137 6.87224E+01
 -1       138 9.33415E+01
 -1       139 8.69771E+01
 -1       140 8.11667E+01
 -1       141 9.33546E+01
 -1       142 8.11643E+01
 -1       143 6.68447E+01
 -1       144 9.33411E+01
 -1       145 7.59770E+01
 -1       146 8.70136E+01
 -1       147 6.87373E+01
 -1       148 6.87388E+01
 -1       149 8.69914E+01
 -1       150 9.33225E+01
 -1       151 9.33405E+01
 -1       152 8.70836E+01
 -1       153 9.33596E+01
 -1       154 8.11603E+01
 -1       155 8.11805E+01
 -1       156 9.33618E+01
 -1       157 8.11778E+01
 -1       158 8.11547E+01
 -1       159 7.60283E+01
 -1       160 7.18322E+01
 -1       161 7.18119E+01
 -1       162 6.68358E+01
 -1       163 6.68280E+01
 -1       164 6.87403E+01
 -1       165 6.68264E+01
 -1       166 7.18241E+01
 -1       167 7.18380E+01
 -1       168 7.60450E+01
 -1       169 6.68348E+01
 -1       170 7.59939E+01
 -1       171 6.87408E+01
 -1       172 6.87249E+01
 -1       173 8.70046E+01
 -1       174 8.69966E+01
 -1       175 8.11526E+01
 -1       176 9.33560E+01
 -1       177 8.11727E+01
 -1       178 7.60182E+01
 -1       179 7.18273E+01
 -1       180 6.68424E+01
 -1       181 7.18046E+01
 -1       182 7.18375E+01
 -1       183 7.18129E+01
 -1       184 7.60243E+01
 -1       185 6.68348E+01
 -1       186 6.68443E+01
 -1       187 6.87057E+01
 -1       188 9.33516E+01
 -1       189 8.70351E+01
 -1       190 8.11721E+01
 -1       191 8.11889E+01
 -1       192 9.33497E+01
 -1       193 9.33222E+01
 -1       194 6.68544E+01
 -1       195 8.11567E+01
 -1       196 7.17605E+01
 -1       197 9.33098E+01
 -1       198 8.69892E+01
 -1       199 7.85655E+01
 -1       200 7.37630E+01
 -1       201 8.40084E+01
 -1       202 7.18396E+01
 -1       203 6.87382E+01
 -1       204 7.01442E+01
 -1       205 7.01301E+01
 -1       206 7.37638E+01
 -1       207 6.68377E+01
 -1       208 6.68384E+01
 -1       209 6.87357E+01
 -1       210 6.68506E+01
 -1       211 6.68373E+01
 -1       212 6.68398E+01
 -1       213 8.11654E+01
 -1       214 8.69999E+01
 -1       215 9.33203E+01
 -1       216 8.69844E+01
 -1       217 6.68335E+01
 -1       218 6.68384E+01
 -1       219 6.87669E+01
 -1       220 7.38046E+01
 -1       221 6.76060E+01
 -1       222 6.87570E+01
 -1       223 7.01440E+01
 -1       224 7.38033E+01
 -1       225 7.60357E+01
 -1       226 8.40150E+01
 -1       227 7.85101E+01
 -1       228 7.84746E+01
 -1       229 8.69713E+01
 -1       230 8.40040E+01
 -1       231 7.37832E+01
 -1       232 7.01673E+01
 -1       233 7.84775E+01
 -1       234 8.69707E+01
 -1       235 7.60330E+01
 -1       236 7.85087E+01
 -1       237 9.00783E+01
 -1       238 7.60317E+01
 -1       239 6.68353E+01
 -1       240 6.76229E+01
 -1       241 6.76074E+01
 -1       242 7.01299E+01
 -1       243 6.68358E+01
 -1       244 6.76242E+01
 -1       245 7.01330E+01
 -1       246 6.87441E+01
 -1       247 7.38310E+01
 -1       248 8.70023E+01
 -1       249 8.40026E+01
 -1       250 8.40108E+01
 -1       251 7.84762E+01
 -1       252 9.33540E+01
 -1       253 9.01271E+01
 -1       254 9.01552E+01
 -1       255 9.33572E+01
 -1       256 9.01401E+01
 -1       257 8.40029E+01
 -1       258 7.01315E+01
 -1       259 9.01021E+01
 -1       260 9.33673E+01
 -1       261 9.33722E+01
 -1       262 6.68383E+01
 -1       263 6.87404E+01
 -1       264 9.33251E+01
 -1       265 8.69964E+01
 -1       266 9.33421E+01
 -1       267 6.87412E+01
 -1       268 8.69984E+01
 -1       269 6.68401E+01
 -1       270 6.68323E+01
 -1       271 9.33405E+01
 -1       272 8.40089E+01
 -1       273 8.11854E+01
 -1       274 7.18426E+01
 -1       275 6.68333E+01
 -1       276 9.33266E+01
 -1       277 7.18269E+01
 -1       278 8.11518E+01
 -1       279 8.70123E+01
 -1       280 9.33528E+01
 -3
    1PSTEP                         8           8           1          
  100CL  108 4.000000000         280                     1    8           1
 -4  NDTEMP      1    1
 -5  T           1    1    0    0
 -1         1 1.00000E+02
 -1         2 1.00000E+02
 -1         3 1.00000E+02
 -1         4 1.00000E+02
 -1         5 7.10823E+01
 -1         6 7.10866E+01
 -1         7 7.10848E+01
 -1         8 7.10920E+01
 -1         9 1.00000E+02
 -1        10 1.00000E+02
 -1        11 1.00000E+02
 -1        12 1.00000E+02
 -1        13 1.00000E+02
 -1        14 1.00000E+02
 -1        15 1.00000E+02
 -1        16 1.00000E+02
 -1        17 1.00000E+02
 -1        18 1.00000E+02
 -1        19 1.00000E+02
 -1        20 1.00000E+02
 -1        21 7.10683E+01
 -1        22 7.11041E+01
 -1        23 7.11082E+01
 -1        24 7.10677E+01
 -1        25 7.11038E+01
 -1        26 7.11071E+01
 -1        27 7.11055E+01
 -1        28 7.11112E+01
 -1        29 7.11126E+01
 -1        30 7.11154E+01
 -1        31 7.11122E+01
 -1        32 7.11202E+01
 -1        33 7.95351E+01
 -1        34 8.89143E+01
 -1        35 7.32981E+01
 -1        36 7.95367E+01
 -1        37 8.89191E+01
 -1        38 7.32969E+01
 -1        39 7.95313E+01
 -1        40 8.89196E+01
 -1        41 7.32950E+01
 -1        42 7.95248E+01
 -1        43 8.89184E+01
 -1        44 7.32973E+01
 -1        45 1.00000E+02
 -1        46 1.00000E+02
 -1        47 1.00000E+02
 -1        48 1.00000E+02
 -1        49 1.00000E+02
 -1        50 1.00000E+02
 -1        51 1.00000E+02
 -1        52 1.00000E+02
 -1        53 1.00000E+02
 -1        54 1.00000E+02
 -1        55 1.00000E+02
 -1        56 1.00000E+02
 -1        57 1.00000E+02
 -1        58 1.00000E+02
 -1        59 1.00000E+02
 -1        60 1.00000E+02
 -1        61 1.00000E+02
 -1        62 1.00000E+02
 -1        63 1.00000E+02
 -1        64 1.00000E+02
 -1        65 1.00000E+02
 -1        66 1.00000E+02
 -1        67 1.00000E+02
 -1        68 1.00000E+02
 -1        69 1.00000E+02
 -1        70 7.10215E+01
 -1        71 7.11088E+01
 -1        72 7.10928E+01
 -1        73 7.11081E+01
 -1        74 7.10998E+01
 -1        75 7.11140E+01
 -1        76 7.11057E+01
 -1        77 7.11097E+01
 -1        78 7.10967E+01
 -1        79 7.10713E+01
 -1        80 7.10833E+01
 -1        81 7.11020E+01
 -1        82 7.11035E+01
 -1        83 7.11124E+01
 -1        84 7.10816E+01
 -1        85 7.10798E+01
 -1        86 7.10927E+01
 -1        87 7.11006E+01
 -1        88 7.10934E+01
 -1        89 7.10867E+01
 -1        90 7.10802E+01
 -1        91 7.11155E+01
 -1        92 7.11044E+01
 -1        93 7.10819E+01
 -1        94 7.11028E+01
 -1        95 7.94946E+01
 -1        96 7.32939E+01
 -1        97 7.32953E+01
 -1        98 8.89203E+01
 -1        99 8.89228E+01
 -1       100 9.43327E+01
 -1       101 9.43102E+01
 -1       102 8.89835E+01
 -1       103 8.39501E+01
 -1       104 8.39279E+01
 -1       105 9.43369E+01
 -1       106 9.43342E+01
 -1       107 7.59300E+01
 -1       108 7.59505E+01
 -1       109 7.95455E+01
 -1       110 7.32962E+01
 -1       111 7.16531E+01
 -1       112 7.16601E+01
 -1       113 7.59433E+01
 -1       114 7.16511E+01
 -1       115 7.95787E+01
 -1       116 7.59548E+01
 -1       117 7.16574E+01
 -1       118 8.39103E+01
 -1       119 8.39291E+01
 -1       120 7.95323E+01
 -1       121 7.32823E+01
 -1       122 8.89043E+01
 -1       123 7.32793E+01
 -1       124 8.89146E+01
 -1       125 7.59534E+01
 -1       126 7.59417E+01
 -1       127 7.95310E+01
 -1       128 7.16587E+01
 -1       129 8.39242E+01
 -1       130 8.39347E+01
 -1       131 9.43369E+01
 -1       132 7.59493E+01
 -1       133 7.95375E+01
 -1       134 7.59385E+01
 -1       135 7.16560E+01
 -1       136 7.16675E+01
 -1       137 7.32785E+01
 -1       138 9.43258E+01
 -1       139 8.88981E+01
 -1       140 8.39370E+01
 -1       141 9.43368E+01
 -1       142 8.39349E+01
 -1       143 7.16663E+01
 -1       144 9.43254E+01
 -1       145 7.94996E+01
 -1       146 8.89295E+01
 -1       147 7.32921E+01
 -1       148 7.32929E+01
 -1       149 8.89097E+01
 -1       150 9.43091E+01
 -1       151 9.43245E+01
 -1       152 8.89879E+01
 -1       153 9.43409E+01
 -1       154 8.39316E+01
 -1       155 8.39483E+01
 -1       156 9.43430E+01
 -1       157 8.39456E+01
 -1       158 8.39268E+01
 -1       159 7.95426E+01
 -1       160 7.59473E+01
 -1       161 7.59301E+01
 -1       162 7.16586E+01
 -1       163 7.16519E+01
 -1       164 7.32950E+01
 -1       165 7.16503E+01
 -1       166 7.59403E+01
 -1       167 7.59520E+01
 -1       168 7.95563E+01
 -1       169 7.16573E+01
 -1       170 7.95139E+01
 -1       171 7.32946E+01
 -1       172 7.32806E+01
 -1       173 8.89214E+01
 -1       174 8.89145E+01
 -1       175 8.39245E+01
 -1       176 9.43378E+01
 -1       177 8.39417E+01
 -1       178 7.95332E+01
 -1       179 7.59425E+01
 -1       180 7.16640E+01
 -1       181 7.59230E+01
 -1       182 7.59516E+01
 -1       183 7.59306E+01
 -1       184 7.95385E+01
 -1       185 7.16571E+01
 -1       186 7.16657E+01
 -1       187 7.32636E+01
 -1       188 9.43343E+01
 -1       189 8.89471E+01
 -1       190 8.39410E+01
 -1       191 8.39557E+01
 -1       192 9.43325E+01
 -1       193 9.43092E+01
 -1       194 7.16748E+01
 -1       195 8.39294E+01
 -1       196 7.58861E+01
 -1       197 9.42987E+01
 -1       198 8.89074E+01
 -1       199 8.17122E+01
 -1       200 7.76026E+01
 -1       201 8.63629E+01
 -1       202 7.59540E+01
 -1       203 7.32928E+01
 -1       204 7.44995E+01
 -1       205 7.44876E+01
 -1       206 7.76035E+01
 -1       207 7.16601E+01
 -1       208 7.16608E+01
 -1       209 7.32901E+01
 -1       210 7.16713E+01
 -1       211 7.16594E+01
 -1       212 7.16616E+01
 -1       213 8.39353E+01
 -1       214 8.89172E+01
 -1       215 9.43073E+01
 -1       216 8.89034E+01
 -1       217 7.16565E+01
 -1       218 7.16607E+01
 -1       219 7.33177E+01
 -1       220 7.76375E+01
 -1       221 7.23204E+01
 -1       222 7.33089E+01
 -1       223 7.44989E+01
 -1       224 7.76362E+01
 -1       225 7.95482E+01
 -1       226 8.63692E+01
 -1       227 8.16651E+01
 -1       228 8.16360E+01
 -1       229 8.88923E+01
 -1       230 8.63592E+01
 -1       231 7.76186E+01
 -1       232 7.45193E+01
 -1       233 8.16384E+01
 -1       234 8.88917E+01
 -1       235 7.95462E+01
 -1       236 8.16642E+01
 -1       237 9.15438E+01
 -1       238 7.95446E+01
 -1       239 7.16580E+01
 -1       240 7.23349E+01
 -1       241 7.23212E+01
 -1       242 7.44871E+01
 -1       243 7.16584E+01
 -1       244 7.23358E+01
 -1       245 7.44896E+01
 -1       246 7.32974E+01
 -1       247 7.76601E+01
 -1       248 8.89193E+01
 -1       249 8.63591E+01
 -1       250 8.63661E+01
 -1       251 8.16362E+01
 -1       252 9.43363E+01
 -1       253 9.15850E+01
 -1       254 9.16088E+01
 -1       255 9.43389E+01
 -1       256 9.15959E+01
 -1       257 8.63594E+01
 -1       258 7.44883E+01
 -1       259 9.15637E+01
 -1       260 9.43475E+01
 -1       261 9.43517E+01
 -1       262 7.16608E+01
 -1       263 7.32941E+01
 -1       264 9.43117E+01
 -1       265 8.89139E+01
 -1       266 9.43262E+01
 -1       267 7.32949E+01
 -1       268 8.89164E+01
 -1       269 7.16618E+01
 -1       270 7.16555E+01
 -1       271 9.43247E+01
 -1       272 8.63642E+01
 -1       273 8.39520E+01
 -1       274 7.59560E+01
 -1       275 7.16560E+01
 -1       276 9.43129E+01
 -1       277 7.59422E+01
 -1       278 8.39241E+01
 -1       279 8.89276E+01
 -1       280 9.43352E+01
 -3
    1PSTEP                         9           9           1          
  100CL  109 4.500000000         280                     1    9           1
 -4  NDTEMP      1    1
 -5  T           1    1    0    0
 -1         1 1.00000E+02
 -1         2 1.00000E+02
 -1         3 1.00000E+02
 -1         4 1.00000E+02
 -1         5 7.52940E+01
 -1         6 7.52975E+01
 -1         7 7.52963E+01
 -1         8 7.53024E+01
 -1         9 1.00000E+02
 -1        10 1.00000E+02
 -1        11 1.00000E+02
 -1        12 1.00000E+02
 -1        13 1.00000E+02
 -1        14 1.00000E+02
 -1        15 1.00000E+02
 -1        16 1.00000E+02
 -1        17 1.00000E+02
 -1        18 1.00000E+02
 -1        19 1.00000E+02
 -1        20 1.00000E+02
 -1        21 7.52818E+01
 -1        22 7.53131E+01
 -1        23 7.53164E+01
 -1        24 7.52815E+01
 -1        25 7.53129E+01
 -1        26 7.53159E+01
 -1        27 7.53143E+01
 -1        28 7.53194E+01
 -1        29 7.53205E+01
 -1        30 7.53229E+01
 -1        31 7.53200E+01
 -1        32 7.53270E+01
 -1        33 8.25279E+01
 -1        34 9.05398E+01
 -1        35 7.71919E+01
 -1        36 8.25292E+01
 -1        37 9.05440E+01
 -1        38 7.71908E+01
 -1        39 8.25250E+01
 -1        40 9.05446E+01
 -1        41 7.71895E+01
 -1        42 8.25191E+01
 -1        43 9.05435E+01
 -1        44 7.71912E+01
 -1        45 1.00000E+02
 -1        46 1.00000E+02
 -1        47 1.00000E+02
 -1        48 1.00000E+02
 -1        49 1.00000E+02
 -1        50 1.00000E+02
 -1        51 1.00000E+02
 -1        52 1.00000E+02
 -1        53 1.00000E+02
 -1        54 1.00000E+02
 -1        55 1.00000E+02
 -1        56 1.00000E+02
 -1        57 1.00000E+02
 -1        58 1.00000E+02
 -1        59 1.00000E+02
 -1        60 1.00000E+02
 -1        61 1.00000E+02
 -1        62 1.00000E+02
 -1        63 1.00000E+02
 -1        64 1.00000E+02
 -1        65 1.00000E+02
 -1        66 1.00000E+02
 -1        67 1.00000E+02
 -1        68 1.00000E+02
 -1        69 1.00000E+02
 -1        70 7.52413E+01
 -1        71 7.53170E+01
 -1        72 7.53032E+01
 -1        73 7.53166E+01
 -1        74 7.53094E+01
 -1        75 7.53216E+01
 -1        76 7.53144E+01
 -1        77 7.53180E+01
 -1        78 7.53066E+01
 -1        79 7.52845E+01
 -1        80 7.52950E+01
 -1        81 7.53114E+01
 -1        82 7.53127E+01
 -1        83 7.53204E+01
 -1        84 7.52935E+01
 -1        85 7.52920E+01
 -1        86 7.53033E+01
 -1        87 7.53099E+01
 -1        88 7.53037E+01
 -1        89 7.52981E+01
 -1        90 7.52922E+01
 -1        91 7.53229E+01
 -1        92 7.53131E+01
 -1        93 7.52937E+01
 -1        94 7.53119E+01
 -1        95 8.24936E+01
 -1        96 7.71882E+01
 -1        97 7.71894E+01
 -1        98 9.05452E+01
 -1        99 9.05473E+01
 -1       100 9.51645E+01
 -1       101 9.51453E+01
 -1       102 9.05987E+01
 -1       103 8.63007E+01
 -1       104 8.62818E+01
 -1       105 9.51681E+01
 -1       106 9.51659E+01
 -1       107 7.94444E+01
 -1       108 7.94618E+01
 -1       109 8.25367E+01
 -1       110 7.71904E+01
 -1       111 7.57832E+01
 -1       112 7.57892E+01
 -1       113 7.94558E+01
 -1       114 7.57815E+01
 -1       115 8.25649E+01
 -1       116 7.94656E+01
 -1       117 7.57870E+01
 -1       118 8.62667E+01
 -1       119 8.62828E+01
 -1       120 8.25259E+01
 -1       121 7.71785E+01
 -1       122 9.05317E+01
 -1       123 7.71758E+01
 -1       124 9.05404E+01
 -1       125 7.94646E+01
 -1       126 7.94545E+01
 -1       127 8.25241E+01
 -1       128 7.57881E+01
 -1       129 8.62786E+01
 -1       130 8.62877E+01
 -1       131 9.51682E+01
 -1       132 7.94612E+01
 -1       133 8.25300E+01
 -1       134 7.94519E+01
 -1       135 7.57859E+01
 -1       136 7.57960E+01
 -1       137 7.71751E+01
 -1       138 9.51588E+01
 -1       139 9.05263E+01
 -1       140 8.62898E+01
 -1       141 9.51682E+01
 -1       142 8.62880E+01
 -1       143 7.57948E+01
 -1       144 9.51585E+01
 -1       145 8.24980E+01
 -1       146 9.05532E+01
 -1       147 7.71871E+01
 -1       148 7.71875E+01
 -1       149 9.05360E+01
 -1       150 9.51444E+01
 -1       151 9.51575E+01
 -1       152 9.06025E+01
 -1       153 9.51715E+01
 -1       154 8.62852E+01
 -1       155 8.62992E+01
 -1       156 9.51734E+01
 -1       157 8.62968E+01
 -1       158 8.62811E+01
 -1       159 8.25345E+01
 -1       160 7.94595E+01
 -1       161 7.94447E+01
 -1       162 7.57882E+01
 -1       163 7.57825E+01
 -1       164 7.71895E+01
 -1       165 7.57810E+01
 -1       166 7.94534E+01
 -1       167 7.94633E+01
 -1       168 8.25459E+01
 -1       169 7.57868E+01
 -1       170 8.25102E+01
 -1       171 7.71889E+01
 -1       172 7.71768E+01
 -1       173 9.05461E+01
 -1       174 9.05402E+01
 -1       175 8.62789E+01
 -1       176 9.51690E+01
 -1       177 8.62936E+01
 -1       178 8.25261E+01
 -1       179 7.94550E+01
 -1       180 7.57927E+01
 -1       181 7.94383E+01
 -1       182 7.94628E+01
 -1       183 7.94450E+01
 -1       184 8.25307E+01
 -1       185 7.57866E+01
 -1       186 7.57942E+01
 -1       187 7.71620E+01
 -1       188 9.51660E+01
 -1       189 9.05680E+01
 -1       190 8.62929E+01
 -1       191 8.63056E+01
 -1       192 9.51644E+01
 -1       193 9.51446E+01
 -1       194 7.58021E+01
 -1       195 8.62836E+01
 -1       196 7.94071E+01
 -1       197 9.51357E+01
 -1       198 9.05338E+01
 -1       199 8.43884E+01
 -1       200 8.08755E+01
 -1       201 8.83613E+01
 -1       202 7.94652E+01
 -1       203 7.71876E+01
 -1       204 7.82204E+01
 -1       205 7.82103E+01
 -1       206 8.08764E+01
 -1       207 7.57895E+01
 -1       208 7.57902E+01
 -1       209 7.71850E+01
 -1       210 7.57990E+01
 -1       211 7.57886E+01
 -1       212 7.57905E+01
 -1       213 8.62880E+01
 -1       214 9.05424E+01
 -1       215 9.51429E+01
 -1       216 9.05305E+01
 -1       217 7.57864E+01
 -1       218 7.57899E+01
 -1       219 7.72091E+01
 -1       220 8.09051E+01
 -1       221 7.63550E+01
 -1       222 7.72013E+01
 -1       223 7.82197E+01
 -1       224 8.09039E+01
 -1       225 8.25389E+01
 -1       226 8.83668E+01
 -1       227 8.43483E+01
 -1       228 8.43238E+01
 -1       229 9.05211E+01
 -1       230 8.83581E+01
 -1       231 8.08886E+01
 -1       232 7.82374E+01
 -1       233 8.43259E+01
 -1       234 9.05204E+01
 -1       235 8.25374E+01
 -1       236 8.43476E+01
 -1       237 9.27847E+01
 -1       238 8.25358E+01
 -1       239 7.57876E+01
 -1       240 7.63673E+01
 -1       241 7.63554E+01
 -1       242 7.82097E+01
 -1       243 7.57879E+01
 -1       244 7.63680E+01
 -1       245 7.82118E+01
 -1       246 7.71913E+01
 -1       247 8.09244E+01
 -1       248 9.05442E+01
 -1       249 8.83584E+01
 -1       250 8.83644E+01
 -1       251 8.43236E+01
 -1       252 9.51676E+01
 -1       253 9.28198E+01
 -1       254 9.28400E+01
 -1       255 9.51699E+01
 -1       256 9.28289E+01
 -1       257 8.83587E+01
 -1       258 7.82108E+01
 -1       259 9.28015E+01
 -1       260 9.51772E+01
 -1       261 9.51808E+01
 -1       262 7.57901E+01
 -1       263 7.71884E+01
 -1       264 9.51467E+01
 -1       265 9.05396E+01
 -1       266 9.51591E+01
 -1       267 7.71891E+01
 -1       268 9.05420E+01
 -1       269 7.57907E+01
 -1       270 7.57855E+01
 -1       271 9.51578E+01
 -1       272 8.83627E+01
 -1       273 8.63022E+01
 -1       274 7.94666E+01
 -1       275 7.57857E+01
 -1       276 9.51477E+01
 -1       277 7.94548E+01
 -1       278 8.62787E+01
 -1       279 9.05513E+01
 -1       280 9.51667E+01
 -3
    1PSTEP                        10          10           1          
  100CL  110 5.000000000         280                     1   10           1
 -4  NDTEMP      1    1
 -5  T           1    1    0    0
 -1         1 1.00000E+02
 -1         2 1.00000E+02
 -1         3 1.00000E+02
 -1         4 1.00000E+02
 -1         5 7.88963E+01
 -1         6 7.88993E+01
 -1         7 7.88985E+01
 -1         8 7.89036E+01
 -1         9 1.00000E+02
 -1        10 1.00000E+02
 -1        11 1.00000E+02
 -1        12 1.00000E+02
 -1        13 1.00000E+02
 -1        14 1.00000E+02
 -1        15 1.00000E+02
 -1        16 1.00000E+02
 -1        17 1.00000E+02
 -1        18 1.00000E+02
 -1        19 1.00000E+02
 -1        20 1.00000E+02
 -1        21 7.88859E+01
 -1        22 7.89128E+01
 -1        23 7.89156E+01
 -1        24 7.88857E+01
 -1        25 7.89127E+01
 -1        26 7.89153E+01
 -1        27 7.89139E+01
 -1        28 7.89184E+01
 -1        29 7.89192E+01
 -1        30 7.89212E+01
 -1        31 7.89187E+01
 -1        32 7.89248E+01
 -1        33 8.50803E+01
 -1        34 9.19235E+01
 -1        35 8.05194E+01
 -1        36 8.50814E+01
 -1        37 9.19271E+01
 -1        38 8.05184E+01
 -1        39 8.50779E+01
 -1        40 9.19277E+01
 -1        41 8.05175E+01
 -1        42 8.50728E+01
 -1        43 9.19266E+01
 -1        44 8.05189E+01
 -1        45 1.00000E+02
 -1        46 1.00000E+02
 -1        47 1.00000E+02
 -1        48 1.00000E+02
 -1        49 1.00000E+02
 -1        50 1.00000E+02
 -1        51 1.00000E+02
 -1        52 1.00000E+02
 -1        53 1.00000E+02
 -1        54 1.00000E+02
 -1        55 1.00000E+02
 -1        56 1.00000E+02
 -1        57 1.00000E+02
 -1        58 1.00000E+02
 -1        59 1.00000E+02
 -1        60 1.00000E+02
 -1        61 1.00000E+02
 -1        62 1.00000E+02
 -1        63 1.00000E+02
 -1        64 1.00000E+02
 -1        65 1.00000E+02
 -1        66 1.00000E+02
 -1        67 1.00000E+02
 -1        68 1.00000E+02
 -1        69 1.00000E+02
 -1        70 7.88510E+01
 -1        71 7.89162E+01
 -1        72 7.89044E+01
 -1        73 7.89159E+01
 -1        74 7.89096E+01
 -1        75 7.89202E+01
 -1        76 7.89140E+01
 -1        77 7.89171E+01
 -1        78 7.89072E+01
 -1        79 7.88883E+01
 -1        80 7.88973E+01
 -1        81 7.89115E+01
 -1        82 7.89126E+01
 -1        83 7.89192E+01
 -1        84 7.88960E+01
 -1        85 7.88947E+01
 -1        86 7.89044E+01
 -1        87 7.89101E+01
 -1        88 7.89047E+01
 -1        89 7.88999E+01
 -1        90 7.88948E+01
 -1        91 7.89212E+01
 -1        92 7.89127E+01
 -1        93 7.88961E+01
 -1        94 7.89117E+01
 -1        95 8.50510E+01
 -1        96 8.05162E+01
 -1        97 8.05173E+01
 -1        98 9.19281E+01
 -1        99 9.19300E+01
 -1       100 9.58721E+01
 -1       101 9.58557E+01
 -1       102 9.19736E+01
 -1       103 8.83032E+01
 -1       104 8.82872E+01
 -1       105 9.58751E+01
 -1       106 9.58732E+01
 -1       107 8.24450E+01
 -1       108 8.24598E+01
 -1       109 8.50877E+01
 -1       110 8.05182E+01
 -1       111 7.93148E+01
 -1       112 7.93199E+01
 -1       113 8.24547E+01
 -1       114 7.93134E+01
 -1       115 8.51117E+01
 -1       116 8.24631E+01
 -1       117 7.93181E+01
 -1       118 8.82742E+01
 -1       119 8.82880E+01
 -1       120 8.50786E+01
 -1       121 8.05081E+01
 -1       122 9.19167E+01
 -1       123 8.05056E+01
 -1       124 9.19240E+01
 -1       125 8.24623E+01
 -1       126 8.24536E+01
 -1       127 8.50769E+01
 -1       128 7.93191E+01
 -1       129 8.82844E+01
 -1       130 8.82922E+01
 -1       131 9.58752E+01
 -1       132 8.24595E+01
 -1       133 8.50821E+01
 -1       134 8.24515E+01
 -1       135 7.93173E+01
 -1       136 7.93259E+01
 -1       137 8.05050E+01
 -1       138 9.58672E+01
 -1       139 9.19120E+01
 -1       140 8.82941E+01
 -1       141 9.58753E+01
 -1       142 8.82925E+01
 -1       143 7.93249E+01
 -1       144 9.58670E+01
 -1       145 8.50549E+01
 -1       146 9.19351E+01
 -1       147 8.05154E+01
 -1       148 8.05156E+01
 -1       149 9.19202E+01
 -1       150 9.58549E+01
 -1       151 9.58661E+01
 -1       152 9.19770E+01
 -1       153 9.58781E+01
 -1       154 8.82901E+01
 -1       155 8.83020E+01
 -1       156 9.58797E+01
 -1       157 8.82999E+01
 -1       158 8.82866E+01
 -1       159 8.50859E+01
 -1       160 8.24580E+01
 -1       161 8.24454E+01
 -1       162 7.93193E+01
 -1       163 7.93143E+01
 -1       164 8.05175E+01
 -1       165 7.93130E+01
 -1       166 8.24527E+01
 -1       167 8.24611E+01
 -1       168 8.50956E+01
 -1       169 7.93180E+01
 -1       170 8.50653E+01
 -1       171 8.05169E+01
 -1       172 8.05064E+01
 -1       173 9.19289E+01
 -1       174 9.19239E+01
 -1       175 8.82847E+01
 -1       176 9.58759E+01
 -1       177 8.82972E+01
 -1       178 8.50786E+01
 -1       179 8.24541E+01
 -1       180 7.93230E+01
 -1       181 8.24397E+01
 -1       182 8.24607E+01
 -1       183 8.24455E+01
 -1       184 8.50826E+01
 -1       185 7.93177E+01
 -1       186 7.93243E+01
 -1       187 8.04937E+01
 -1       188 9.58733E+01
 -1       189 9.19475E+01
 -1       190 8.82966E+01
 -1       191 8.83075E+01
 -1       192 9.58720E+01
 -1       193 9.58551E+01
 -1       194 7.93311E+01
 -1       195 8.82889E+01
 -1       196 8.24132E+01
 -1       197 9.58475E+01
 -1       198 9.19183E+01
 -1       199 8.66696E+01
 -1       200 8.36683E+01
 -1       201 9.00630E+01
 -1       202 8.24629E+01
 -1       203 8.05159E+01
 -1       204 8.13988E+01
 -1       205 8.13902E+01
 -1       206 8.36691E+01
 -1       207 7.93203E+01
 -1       208 7.93209E+01
 -1       209 8.05135E+01
 -1       210 7.93285E+01
 -1       211 7.93195E+01
 -1       212 7.93211E+01
 -1       213 8.82924E+01
 -1       214 9.19257E+01
 -1       215 9.58536E+01
 -1       216 9.19155E+01
 -1       217 7.93176E+01
 -1       218 7.93207E+01
 -1       219 8.05342E+01
 -1       220 8.36935E+01
 -1       221 7.98039E+01
 -1       222 8.05275E+01
 -1       223 8.13981E+01
 -1       224 8.36923E+01
 -1       225 8.50895E+01
 -1       226 9.00678E+01
 -1       227 8.66354E+01
 -1       228 8.66147E+01
 -1       229 9.19074E+01
 -1       230 9.00603E+01
 -1       231 8.36793E+01
 -1       232 8.14133E+01
 -1       233 8.66165E+01
 -1       234 9.19069E+01
 -1       235 8.50884E+01
 -1       236 8.66349E+01
 -1       237 9.38404E+01
 -1       238 8.50869E+01
 -1       239 7.93186E+01
 -1       240 7.98145E+01
 -1       241 7.98042E+01
 -1       242 8.13896E+01
 -1       243 7.93189E+01
 -1       244 7.98149E+01
 -1       245 8.13914E+01
 -1       246 8.05189E+01
 -1       247 8.37099E+01
 -1       248 9.19273E+01
 -1       249 9.00608E+01
 -1       250 9.00658E+01
 -1       251 8.66143E+01
 -1       252 9.58748E+01
 -1       253 9.38703E+01
 -1       254 9.38875E+01
 -1       255 9.58767E+01
 -1       256 9.38781E+01
 -1       257 9.00611E+01
 -1       258 8.13905E+01
 -1       259 9.38547E+01
 -1       260 9.58829E+01
 -1       261 9.58860E+01
 -1       262 7.93209E+01
 -1       263 8.05164E+01
 -1       264 9.58569E+01
 -1       265 9.19233E+01
 -1       266 9.58675E+01
 -1       267 8.05171E+01
 -1       268 9.19255E+01
 -1       269 7.93212E+01
 -1       270 7.93169E+01
 -1       271 9.58663E+01
 -1       272 9.00644E+01
 -1       273 8.83045E+01
 -1       274 8.24640E+01
 -1       275 7.93169E+01
 -1       276 9.58577E+01
 -1       277 8.24538E+01
 -1       278 8.82845E+01
 -1       279 9.19333E+01
 -1       280 9.58740E+01
 -3
    1PSTEP                        11          11           1          
  100CL  111 5.500000000         280                     1   11           1
 -4  NDTEMP      1    1
 -5  T           1    1    0    0
 -1         1 1.00000E+02
 -1         2 1.00000E+02
 -1         3 1.00000E+02
 -1         4 1.00000E+02
 -1         5 8.19750E+01
 -1         6 8.19775E+01
 -1         7 8.19769E+01
 -1         8 8.19813E+01
 -1         9 1.00000E+02
 -1        10 1.00000E+02
 -1        11 1.00000E+02
 -1        12 1.00000E+02
 -1        13 1.00000E+02
 -1        14 1.00000E+02
 -1        15 1.00000E+02
 -1        16 1.00000E+02
 -1        17 1.00000E+02
 -1        18 1.00000E+02
 -1        19 1.00000E+02
 -1        20 1.00000E+02
 -1        21 8.19660E+01
 -1        22 8.19892E+01
 -1        23 8.19915E+01
 -1        24 8.19660E+01
 -1        25 8.19891E+01
 -1        26 8.19914E+01
 -1        27 8.19902E+01
 -1        28 8.19940E+01
 -1        29 8.19947E+01
 -1        30 8.19964E+01
 -1        31 8.19942E+01
 -1        32 8.19995E+01
 -1        33 8.72587E+01
 -1        34 9.31034E+01
 -1        35 8.33620E+01
 -1        36 8.72596E+01
 -1        37 9.31064E+01
 -1        38 8.33612E+01
 -1        39 8.72567E+01
 -1        40 9.31070E+01
 -1        41 8.33605E+01
 -1        42 8.72523E+01
 -1        43 9.31061E+01
 -1        44 8.33616E+01
 -1        45 1.00000E+02
 -1        46 1.00000E+02
 -1        47 1.00000E+02
 -1        48 1.00000E+02
 -1        49 1.00000E+02
 -1        50 1.00000E+02
 -1        51 1.00000E+02
 -1        52 1.00000E+02
 -1        53 1.00000E+02
 -1        54 1.00000E+02
 -1        55 1.00000E+02
 -1        56 1.00000E+02
 -1        57 1.00000E+02
 -1        58 1.00000E+02
 -1        59 1.00000E+02
 -1        60 1.00000E+02
 -1        61 1.00000E+02
 -1        62 1.00000E+02
 -1        63 1.00000E+02
 -1        64 1.00000E+02
 -1        65 1.00000E+02
 -1        66 1.00000E+02
 -1        67 1.00000E+02
 -1        68 1.00000E+02
 -1        69 1.00000E+02
 -1        70 8.19362E+01
 -1        71 8.19920E+01
 -1        72 8.19819E+01
 -1        73 8.19919E+01
 -1        74 8.19864E+01
 -1        75 8.19955E+01
 -1        76 8.19902E+01
 -1        77 8.19929E+01
 -1        78 8.19844E+01
 -1        79 8.19681E+01
 -1        80 8.19759E+01
 -1        81 8.19881E+01
 -1        82 8.19890E+01
 -1        83 8.19947E+01
 -1        84 8.19748E+01
 -1        85 8.19737E+01
 -1        86 8.19820E+01
 -1        87 8.19868E+01
 -1        88 8.19822E+01
 -1        89 8.19782E+01
 -1        90 8.19737E+01
 -1        91 8.19964E+01
 -1        92 8.19891E+01
 -1        93 8.19748E+01
 -1        94 8.19882E+01
 -1        95 8.72337E+01
 -1        96 8.33593E+01
 -1        97 8.33602E+01
 -1        98 9.31074E+01
 -1        99 9.31090E+01
 -1       100 9.64753E+01
 -1       101 9.64612E+01
 -1       102 9.31462E+01
 -1       103 9.00115E+01
 -1       104 8.99979E+01
 -1       105 9.64778E+01
 -1       106 9.64762E+01
 -1       107 8.50073E+01
 -1       108 8.50199E+01
 -1       109 8.72650E+01
 -1       110 8.33610E+01
 -1       111 8.23327E+01
 -1       112 8.23370E+01
 -1       113 8.50156E+01
 -1       114 8.23315E+01
 -1       115 8.72855E+01
 -1       116 8.50228E+01
 -1       117 8.23355E+01
 -1       118 8.99868E+01
 -1       119 8.99986E+01
 -1       120 8.72573E+01
 -1       121 8.33524E+01
 -1       122 9.30977E+01
 -1       123 8.33503E+01
 -1       124 9.31039E+01
 -1       125 8.50222E+01
 -1       126 8.50147E+01
 -1       127 8.72557E+01
 -1       128 8.23364E+01
 -1       129 8.99955E+01
 -1       130 9.00021E+01
 -1       131 9.64779E+01
 -1       132 8.50198E+01
 -1       133 8.72603E+01
 -1       134 8.50129E+01
 -1       135 8.23349E+01
 -1       136 8.23423E+01
 -1       137 8.33498E+01
 -1       138 9.64711E+01
 -1       139 9.30936E+01
 -1       140 9.00039E+01
 -1       141 9.64780E+01
 -1       142 9.00025E+01
 -1       143 8.23414E+01
 -1       144 9.64709E+01
 -1       145 8.72371E+01
 -1       146 9.31134E+01
 -1       147 8.33587E+01
 -1       148 8.33588E+01
 -1       149 9.31006E+01
 -1       150 9.64606E+01
 -1       151 9.64701E+01
 -1       152 9.31490E+01
 -1       153 9.64804E+01
 -1       154 9.00005E+01
 -1       155 9.00106E+01
 -1       156 9.64818E+01
 -1       157 9.00087E+01
 -1       158 8.99975E+01
 -1       159 8.72635E+01
 -1       160 8.50185E+01
 -1       161 8.50077E+01
 -1       162 8.23366E+01
 -1       163 8.23323E+01
 -1       164 8.33605E+01
 -1       165 8.23312E+01
 -1       166 8.50139E+01
 -1       167 8.50211E+01
 -1       168 8.72718E+01
 -1       169 8.23354E+01
 -1       170 8.72459E+01
 -1       171 8.33599E+01
 -1       172 8.33509E+01
 -1       173 9.31080E+01
 -1       174 9.31037E+01
 -1       175 8.99958E+01
 -1       176 9.64785E+01
 -1       177 9.00064E+01
 -1       178 8.72572E+01
 -1       179 8.50151E+01
 -1       180 8.23397E+01
 -1       181 8.50028E+01
 -1       182 8.50207E+01
 -1       183 8.50077E+01
 -1       184 8.72606E+01
 -1       185 8.23351E+01
 -1       186 8.23408E+01
 -1       187 8.33401E+01
 -1       188 9.64763E+01
 -1       189 9.31239E+01
 -1       190 9.00059E+01
 -1       191 9.00153E+01
 -1       192 9.64752E+01
 -1       193 9.64608E+01
 -1       194 8.23467E+01
 -1       195 8.99994E+01
 -1       196 8.49802E+01
 -1       197 9.64543E+01
 -1       198 9.30989E+01
 -1       199 8.86163E+01
 -1       200 8.60524E+01
 -1       201 9.15145E+01
 -1       202 8.50227E+01
 -1       203 8.33591E+01
 -1       204 8.41135E+01
 -1       205 8.41061E+01
 -1       206 8.60531E+01
 -1       207 8.23374E+01
 -1       208 8.23380E+01
 -1       209 8.33570E+01
 -1       210 8.23444E+01
 -1       211 8.23367E+01
 -1       212 8.23380E+01
 -1       213 9.00023E+01
 -1       214 9.31053E+01
 -1       215 9.64595E+01
 -1       216 9.30966E+01
 -1       217 8.23351E+01
 -1       218 8.23377E+01
 -1       219 8.33748E+01
 -1       220 8.60739E+01
 -1       221 8.27507E+01
 -1       222 8.33690E+01
 -1       223 8.41128E+01
 -1       224 8.60730E+01
 -1       225 8.72665E+01
 -1       226 9.15186E+01
 -1       227 8.85871E+01
 -1       228 8.85694E+01
 -1       229 9.30897E+01
 -1       230 9.15122E+01
 -1       231 8.60618E+01
 -1       232 8.41259E+01
 -1       233 8.85710E+01
 -1       234 9.30892E+01
 -1       235 8.72656E+01
 -1       236 8.85866E+01
 -1       237 9.47404E+01
 -1       238 8.72644E+01
 -1       239 8.23360E+01
 -1       240 8.27597E+01
 -1       241 8.27509E+01
 -1       242 8.41056E+01
 -1       243 8.23362E+01
 -1       244 8.27601E+01
 -1       245 8.41071E+01
 -1       246 8.33616E+01
 -1       247 8.60880E+01
 -1       248 9.31066E+01
 -1       249 9.15127E+01
 -1       250 9.15170E+01
 -1       251 8.85690E+01
 -1       252 9.64776E+01
 -1       253 9.47659E+01
 -1       254 9.47806E+01
 -1       255 9.64792E+01
 -1       256 9.47725E+01
 -1       257 9.15129E+01
 -1       258 8.41063E+01
 -1       259 9.47526E+01
 -1       260 9.64845E+01
 -1       261 9.64871E+01
 -1       262 8.23380E+01
 -1       263 8.33594E+01
 -1       264 9.64623E+01
 -1       265 9.31032E+01
 -1       266 9.64713E+01
 -1       267 8.33601E+01
 -1       268 9.31051E+01
 -1       269 8.23382E+01
 -1       270 8.23345E+01
 -1       271 9.64704E+01
 -1       272 9.15158E+01
 -1       273 9.00126E+01
 -1       274 8.50235E+01
 -1       275 8.23345E+01
 -1       276 9.64630E+01
 -1       277 8.50149E+01
 -1       278 8.99957E+01
 -1       279 9.31118E+01
 -1       280 9.64769E+01
 -3
    1PSTEP                        12          12           1          
  100CL  112 6.000000000         280                     1   12           1
 -4  NDTEMP      1    1
 -5  T           1    1    0    0
 -1         1 1.00000E+02
 -1         2 1.00000E+02
 -1         3 1.00000E+02
 -1         4 1.00000E+02
 -1         5 8.46052E+01
 -1         6 8.46073E+01
 -1         7 8.46069E+01
 -1         8 8.46105E+01
 -1         9 1.00000E+02
 -1        10 1.00000E+02
 -1        11 1.00000E+02
 -1        12 1.00000E+02
 -1        13 1.00000E+02
 -1        14 1.00000E+02
 -1        15 1.00000E+02
 -1        16 1.00000E+02
 -1        17 1.00000E+02
 -1        18 1.00000E+02
 -1        19 1.00000E+02
 -1        20 1.00000E+02
 -1        21 8.45975E+01
 -1        22 8.46173E+01
 -1        23 8.46193E+01
 -1        24 8.45975E+01
 -1        25 8.46172E+01
 -1        26 8.46192E+01
 -1        27 8.46182E+01
 -1        28 8.46215E+01
 -1        29 8.46220E+01
 -1        30 8.46235E+01
 -1        31 8.46216E+01
 -1        32 8.46261E+01
 -1        33 8.91186E+01
 -1        34 9.41104E+01
 -1        35 8.57901E+01
 -1        36 8.91194E+01
 -1        37 9.41130E+01
 -1        38 8.57893E+01
 -1        39 8.91170E+01
 -1        40 9.41135E+01
 -1        41 8.57888E+01
 -1        42 8.91132E+01
 -1        43 9.41127E+01
 -1        44 8.57898E+01
 -1        45 1.00000E+02
 -1        46 1.00000E+02
 -1        47 1.00000E+02
 -1        48 1.00000E+02
 -1        49 1.00000E+02
 -1        50 1.00000E+02
 -1        51 1.00000E+02
 -1        52 1.00000E+02
 -1        53 1.00000E+02
 -1        54 1.00000E+02
 -1        55 1.00000E+02
 -1        56 1.00000E+02
 -1        57 1.00000E+02
 -1        58 1.00000E+02
 -1        59 1.00000E+02
 -1        60 1.00000E+02
 -1        61 1.00000E+02
 -1        62 1.00000E+02
 -1        63 1.00000E+02
 -1        64 1.00000E+02
 -1        65 1.00000E+02
 -1        66 1.00000E+02
 -1        67 1.00000E+02
 -1        68 1.00000E+02
 -1        69 1.00000E+02
 -1        70 8.45720E+01
 -1        71 8.46197E+01
 -1        72 8.46111E+01
 -1        73 8.46197E+01
 -1        74 8.46150E+01
 -1        75 8.46227E+01
 -1        76 8.46182E+01
 -1        77 8.46205E+01
 -1        78 8.46132E+01
 -1        79 8.45993E+01
 -1        80 8.46060E+01
 -1        81 8.46164E+01
 -1        82 8.46172E+01
 -1        83 8.46221E+01
 -1        84 8.46050E+01
 -1        85 8.46041E+01
 -1        86 8.46112E+01
 -1        87 8.46153E+01
 -1        88 8.46114E+01
 -1        89 8.46079E+01
 -1        90 8.46041E+01
 -1        91 8.46234E+01
 -1        92 8.46172E+01
 -1        93 8.46050E+01
 -1        94 8.46165E+01
 -1        95 8.90973E+01
 -1        96 8.57878E+01
 -1        97 8.57885E+01
 -1        98 9.41138E+01
 -1        99 9.41152E+01
 -1       100 9.69900E+01
 -1       101 9.69780E+01
 -1       102 9.41469E+01
 -1       103 9.14698E+01
 -1       104 9.14581E+01
 -1       105 9.69922E+01
 -1       106 9.69908E+01
 -1       107 8.71955E+01
 -1       108 8.72063E+01
 -1       109 8.91240E+01
 -1       110 8.57892E+01
 -1       111 8.49107E+01
 -1       112 8.49144E+01
 -1       113 8.72026E+01
 -1       114 8.49097E+01
 -1       115 8.91415E+01
 -1       116 8.72088E+01
 -1       117 8.49131E+01
 -1       118 9.14487E+01
 -1       119 9.14587E+01
 -1       120 8.91175E+01
 -1       121 8.57819E+01
 -1       122 9.41055E+01
 -1       123 8.57801E+01
 -1       124 9.41108E+01
 -1       125 8.72082E+01
 -1       126 8.72019E+01
 -1       127 8.91161E+01
 -1       128 8.49139E+01
 -1       129 9.14562E+01
 -1       130 9.14618E+01
 -1       131 9.69923E+01
 -1       132 8.72063E+01
 -1       133 8.91200E+01
 -1       134 8.72004E+01
 -1       135 8.49127E+01
 -1       136 8.49190E+01
 -1       137 8.57796E+01
 -1       138 9.69865E+01
 -1       139 9.41021E+01
 -1       140 9.14633E+01
 -1       141 9.69923E+01
 -1       142 9.14621E+01
 -1       143 8.49182E+01
 -1       144 9.69863E+01
 -1       145 8.91002E+01
 -1       146 9.41189E+01
 -1       147 8.57873E+01
 -1       148 8.57874E+01
 -1       149 9.41080E+01
 -1       150 9.69774E+01
 -1       151 9.69856E+01
 -1       152 9.41494E+01
 -1       153 9.69943E+01
 -1       154 9.14604E+01
 -1       155 9.14690E+01
 -1       156 9.69956E+01
 -1       157 9.14674E+01
 -1       158 9.14578E+01
 -1       159 8.91228E+01
 -1       160 8.72051E+01
 -1       161 8.71959E+01
 -1       162 8.49142E+01
 -1       163 8.49105E+01
 -1       164 8.57888E+01
 -1       165 8.49095E+01
 -1       166 8.72012E+01
 -1       167 8.72073E+01
 -1       168 8.91298E+01
 -1       169 8.49131E+01
 -1       170 8.91077E+01
 -1       171 8.57883E+01
 -1       172 8.57806E+01
 -1       173 9.41144E+01
 -1       174 9.41107E+01
 -1       175 9.14563E+01
 -1       176 9.69927E+01
 -1       177 9.14655E+01
 -1       178 8.91174E+01
 -1       179 8.72022E+01
 -1       180 8.49168E+01
 -1       181 8.71917E+01
 -1       182 8.72070E+01
 -1       183 8.71959E+01
 -1       184 8.91202E+01
 -1       185 8.49128E+01
 -1       186 8.49177E+01
 -1       187 8.57713E+01
 -1       188 9.69909E+01
 -1       189 9.41279E+01
 -1       190 9.14650E+01
 -1       191 9.14730E+01
 -1       192 9.69899E+01
 -1       193 9.69776E+01
 -1       194 8.49227E+01
 -1       195 9.14595E+01
 -1       196 8.71724E+01
 -1       197 9.69721E+01
 -1       198 9.41066E+01
 -1       199 9.02781E+01
 -1       200 8.80883E+01
 -1       201 9.27534E+01
 -1       202 8.72087E+01
 -1       203 8.57876E+01
 -1       204 8.64321E+01
 -1       205 8.64258E+01
 -1       206 8.80889E+01
 -1       207 8.49149E+01
 -1       208 8.49153E+01
 -1       209 8.57858E+01
 -1       210 8.49208E+01
 -1       211 8.49142E+01
 -1       212 8.49153E+01
 -1       213 9.14619E+01
 -1       214 9.41120E+01
 -1       215 9.69765E+01
 -1       216 9.41045E+01
 -1       217 8.49129E+01
 -1       218 8.49151E+01
 -1       219 8.58010E+01
 -1       220 8.81066E+01
 -1       221 8.52678E+01
 -1       222 8.57961E+01
 -1       223 8.64314E+01
 -1       224 8.81058E+01
 -1       225 8.91253E+01
 -1       226 9.27570E+01
 -1       227 9.02532E+01
 -1       228 9.02382E+01
 -1       229 9.40987E+01
 -1       230 9.27515E+01
 -1       231 8.80963E+01
 -1       232 8.64426E+01
 -1       233 9.02395E+01
 -1       234 9.40982E+01
 -1       235 8.91245E+01
 -1       236 9.02528E+01
 -1       237 9.55084E+01
 -1       238 8.91234E+01
 -1       239 8.49136E+01
 -1       240 8.52756E+01
 -1       241 8.52680E+01
 -1       242 8.64253E+01
 -1       243 8.49137E+01
 -1       244 8.52759E+01
 -1       245 8.64266E+01
 -1       246 8.57897E+01
 -1       247 8.81186E+01
 -1       248 9.41132E+01
 -1       249 9.27519E+01
 -1       250 9.27555E+01
 -1       251 9.02378E+01
 -1       252 9.69919E+01
 -1       253 9.55302E+01
 -1       254 9.55428E+01
 -1       255 9.69933E+01
 -1       256 9.55359E+01
 -1       257 9.27521E+01
 -1       258 8.64259E+01
 -1       259 9.55188E+01
 -1       260 9.69979E+01
 -1       261 9.70001E+01
 -1       262 8.49153E+01
 -1       263 8.57879E+01
 -1       264 9.69789E+01
 -1       265 9.41102E+01
 -1       266 9.69866E+01
 -1       267 8.57884E+01
 -1       268 9.41119E+01
 -1       269 8.49154E+01
 -1       270 8.49124E+01
 -1       271 9.69858E+01
 -1       272 9.27545E+01
 -1       273 9.14707E+01
 -1       274 8.72094E+01
 -1       275 8.49123E+01
 -1       276 9.69795E+01
 -1       277 8.72020E+01
 -1       278 9.14563E+01
 -1       279 9.41175E+01
 -1       280 9.69914E+01
 -3
    1PSTEP                        13          13           1          
  100CL  113 6.500000000         280                     1   13           1
 -4  NDTEMP      1    1
 -5  T           1    1    0    0
 -1         1 1.00000E+02
 -1         2 1.00000E+02
 -1         3 1.00000E+02
 -1         4 1.00000E+02
 -1         5 8.68518E+01
 -1         6 8.68536E+01
 -1         7 8.68533E+01
 -1         8 8.68564E+01
 -1         9 1.00000E+02
 -1        10 1.00000E+02
 -1        11 1.00000E+02
 -1        12 1.00000E+02
 -1        13 1.00000E+02
 -1        14 1.00000E+02
 -1        15 1.00000E+02
 -1        16 1.00000E+02
 -1        17 1.00000E+02
 -1        18 1.00000E+02
 -1        19 1.00000E+02
 -1        20 1.00000E+02
 -1        21 8.68452E+01
 -1        22 8.68622E+01
 -1        23 8.68639E+01
 -1        24 8.68452E+01
 -1        25 8.68621E+01
 -1        26 8.68638E+01
 -1        27 8.68629E+01
 -1        28 8.68657E+01
 -1        29 8.68662E+01
 -1        30 8.68674E+01
 -1        31 8.68658E+01
 -1        32 8.68697E+01
 -1        33 9.07068E+01
 -1        34 9.49701E+01
 -1        35 8.78639E+01
 -1        36 9.07075E+01
 -1        37 9.49724E+01
 -1        38 8.78633E+01
 -1        39 9.07055E+01
 -1        40 9.49728E+01
 -1        41 8.78628E+01
 -1        42 9.07022E+01
 -1        43 9.49721E+01
 -1        44 8.78636E+01
 -1        45 1.00000E+02
 -1        46 1.00000E+02
 -1        47 1.00000E+02
 -1        48 1.00000E+02
 -1        49 1.00000E+02
 -1        50 1.00000E+02
 -1        51 1.00000E+02
 -1        52 1.00000E+02
 -1        53 1.00000E+02
 -1        54 1.00000E+02
 -1        55 1.00000E+02
 -1        56 1.00000E+02
 -1        57 1.00000E+02
 -1        58 1.00000E+02
 -1        59 1.00000E+02
 -1        60 1.00000E+02
 -1        61 1.00000E+02
 -1        62 1.00000E+02
 -1        63 1.00000E+02
 -1        64 1.00000E+02
 -1        65 1.00000E+02
 -1        66 1.00000E+02
 -1        67 1.00000E+02
 -1        68 1.00000E+02
 -1        69 1.00000E+02
 -1        70 8.68235E+01
 -1        71 8.68642E+01
 -1        72 8.68569E+01
 -1        73 8.68642E+01
 -1        74 8.68602E+01
 -1        75 8.68668E+01
 -1        76 8.68629E+01
 -1        77 8.68649E+01
 -1        78 8.68587E+01
 -1        79 8.68468E+01
 -1        80 8.68525E+01
 -1        81 8.68614E+01
 -1        82 8.68621E+01
 -1        83 8.68662E+01
 -1        84 8.68517E+01
 -1        85 8.68509E+01
 -1        86 8.68569E+01
 -1        87 8.68605E+01
 -1        88 8.68571E+01
 -1        89 8.68541E+01
 -1        90 8.68509E+01
 -1        91 8.68674E+01
 -1        92 8.68621E+01
 -1        93 8.68517E+01
 -1        94 8.68615E+01
 -1        95 9.06886E+01
 -1        96 8.78619E+01
 -1        97 8.78626E+01
 -1        98 9.49730E+01
 -1        99 9.49742E+01
 -1       100 9.74294E+01
 -1       101 9.74191E+01
 -1       102 9.50013E+01
 -1       103 9.27149E+01
 -1       104 9.27050E+01
 -1       105 9.74313E+01
 -1       106 9.74301E+01
 -1       107 8.90643E+01
 -1       108 8.90735E+01
 -1       109 9.07114E+01
 -1       110 8.78632E+01
 -1       111 8.71128E+01
 -1       112 8.71160E+01
 -1       113 8.90704E+01
 -1       114 8.71120E+01
 -1       115 9.07264E+01
 -1       116 8.90756E+01
 -1       117 8.71149E+01
 -1       118 9.26969E+01
 -1       119 9.27055E+01
 -1       120 9.07059E+01
 -1       121 8.78570E+01
 -1       122 9.49660E+01
 -1       123 8.78554E+01
 -1       124 9.49705E+01
 -1       125 8.90752E+01
 -1       126 8.90698E+01
 -1       127 9.07047E+01
 -1       128 8.71156E+01
 -1       129 9.27033E+01
 -1       130 9.27081E+01
 -1       131 9.74313E+01
 -1       132 8.90735E+01
 -1       133 9.07080E+01
 -1       134 8.90685E+01
 -1       135 8.71145E+01
 -1       136 8.71199E+01
 -1       137 8.78550E+01
 -1       138 9.74264E+01
 -1       139 9.49630E+01
 -1       140 9.27094E+01
 -1       141 9.74314E+01
 -1       142 9.27084E+01
 -1       143 8.71192E+01
 -1       144 9.74262E+01
 -1       145 9.06911E+01
 -1       146 9.49774E+01
 -1       147 8.78615E+01
 -1       148 8.78616E+01
 -1       149 9.49681E+01
 -1       150 9.74187E+01
 -1       151 9.74256E+01
 -1       152 9.50034E+01
 -1       153 9.74331E+01
 -1       154 9.27069E+01
 -1       155 9.27142E+01
 -1       156 9.74342E+01
 -1       157 9.27129E+01
 -1       158 9.27047E+01
 -1       159 9.07104E+01
 -1       160 8.90725E+01
 -1       161 8.90647E+01
 -1       162 8.71158E+01
 -1       163 8.71126E+01
 -1       164 8.78628E+01
 -1       165 8.71118E+01
 -1       166 8.90692E+01
 -1       167 8.90744E+01
 -1       168 9.07164E+01
 -1       169 8.71148E+01
 -1       170 9.06976E+01
 -1       171 8.78624E+01
 -1       172 8.78558E+01
 -1       173 9.49735E+01
 -1       174 9.49704E+01
 -1       175 9.27035E+01
 -1       176 9.74317E+01
 -1       177 9.27113E+01
 -1       178 9.07058E+01
 -1       179 8.90700E+01
 -1       180 8.71180E+01
 -1       181 8.90611E+01
 -1       182 8.90741E+01
 -1       183 8.90647E+01
 -1       184 9.07082E+01
 -1       185 8.71146E+01
 -1       186 8.71188E+01
 -1       187 8.78479E+01
 -1       188 9.74302E+01
 -1       189 9.49851E+01
 -1       190 9.27108E+01
 -1       191 9.27177E+01
 -1       192 9.74293E+01
 -1       193 9.74188E+01
 -1       194 8.71231E+01
 -1       195 9.27062E+01
 -1       196 8.90446E+01
 -1       197 9.74141E+01
 -1       198 9.49669E+01
 -1       199 9.16972E+01
 -1       200 8.98269E+01
 -1       201 9.38112E+01
 -1       202 8.90756E+01
 -1       203 8.78618E+01
 -1       204 8.84122E+01
 -1       205 8.84069E+01
 -1       206 8.98274E+01
 -1       207 8.71164E+01
 -1       208 8.71168E+01
 -1       209 8.78603E+01
 -1       210 8.71214E+01
 -1       211 8.71157E+01
 -1       212 8.71167E+01
 -1       213 9.27082E+01
 -1       214 9.49715E+01
 -1       215 9.74179E+01
 -1       216 9.49651E+01
 -1       217 8.71147E+01
 -1       218 8.71166E+01
 -1       219 8.78733E+01
 -1       220 8.98425E+01
 -1       221 8.74178E+01
 -1       222 8.78690E+01
 -1       223 8.84117E+01
 -1       224 8.98418E+01
 -1       225 9.07125E+01
 -1       226 9.38142E+01
 -1       227 9.16759E+01
 -1       228 9.16630E+01
 -1       229 9.49601E+01
 -1       230 9.38096E+01
 -1       231 8.98337E+01
 -1       232 8.84213E+01
 -1       233 9.16642E+01
 -1       234 9.49598E+01
 -1       235 9.07119E+01
 -1       236 9.16756E+01
 -1       237 9.61641E+01
 -1       238 9.07110E+01
 -1       239 8.71152E+01
 -1       240 8.74244E+01
 -1       241 8.74180E+01
 -1       242 8.84065E+01
 -1       243 8.71154E+01
 -1       244 8.74247E+01
 -1       245 8.84076E+01
 -1       246 8.78636E+01
 -1       247 8.98528E+01
 -1       248 9.49725E+01
 -1       249 9.38099E+01
 -1       250 9.38130E+01
 -1       251 9.16627E+01
 -1       252 9.74311E+01
 -1       253 9.61827E+01
 -1       254 9.61934E+01
 -1       255 9.74323E+01
 -1       256 9.61875E+01
 -1       257 9.38101E+01
 -1       258 8.84070E+01
 -1       259 9.61730E+01
 -1       260 9.74361E+01
 -1       261 9.74380E+01
 -1       262 8.71168E+01
 -1       263 8.78620E+01
 -1       264 9.74199E+01
 -1       265 9.49700E+01
 -1       266 9.74265E+01
 -1       267 8.78625E+01
 -1       268 9.49714E+01
 -1       269 8.71168E+01
 -1       270 8.71142E+01
 -1       271 9.74258E+01
 -1       272 9.38122E+01
 -1       273 9.27158E+01
 -1       274 8.90762E+01
 -1       275 8.71142E+01
 -1       276 9.74204E+01
 -1       277 8.90699E+01
 -1       278 9.27034E+01
 -1       279 9.49762E+01
 -1       280 9.74306E+01
 -3
    1PSTEP                        14          14           1          
  100CL  114 7.000000000         280                     1   14           1
 -4  NDTEMP      1    1
 -5  T           1    1    0    0
 -1         1 1.00000E+02
 -1         2 1.00000E+02
 -1         3 1.00000E+02
 -1         4 1.00000E+02
 -1         5 8.87707E+01
 -1         6 8.87722E+01
 -1         7 8.87719E+01
 -1         8 8.87746E+01
 -1         9 1.00000E+02
 -1        10 1.00000E+02
 -1        11 1.00000E+02
 -1        12 1.00000E+02
 -1        13 1.00000E+02
 -1        14 1.00000E+02
 -1        15 1.00000E+02
 -1        16 1.00000E+02
 -1        17 1.00000E+02
 -1        18 1.00000E+02
 -1        19 1.00000E+02
 -1        20 1.00000E+02
 -1        21 8.87651E+01
 -1        22 8.87795E+01
 -1        23 8.87810E+01
 -1        24 8.87651E+01
 -1        25 8.87795E+01
 -1        26 8.87810E+01
 -1        27 8.87802E+01
 -1        28 8.87826E+01
 -1        29 8.87830E+01
 -1        30 8.87840E+01
 -1        31 8.87826E+01
 -1        32 8.87860E+01
 -1        33 9.20632E+01
 -1        34 9.57043E+01
 -1        35 8.96351E+01
 -1        36 9.20638E+01
 -1        37 9.57062E+01
 -1        38 8.96346E+01
 -1        39 9.20621E+01
 -1        40 9.57066E+01
 -1        41 8.96342E+01
 -1        42 9.20593E+01
 -1        43 9.57060E+01
 -1        44 8.96349E+01
 -1        45 1.00000E+02
 -1        46 1.00000E+02
 -1        47 1.00000E+02
 -1        48 1.00000E+02
 -1        49 1.00000E+02
 -1        50 1.00000E+02
 -1        51 1.00000E+02
 -1        52 1.00000E+02
 -1        53 1.00000E+02
 -1        54 1.00000E+02
 -1        55 1.00000E+02
 -1        56 1.00000E+02
 -1        57 1.00000E+02
 -1        58 1.00000E+02
 -1        59 1.00000E+02
 -1        60 1.00000E+02
 -1        61 1.00000E+02
 -1        62 1.00000E+02
 -1        63 1.00000E+02
 -1        64 1.00000E+02
 -1        65 1.00000E+02
 -1        66 1.00000E+02
 -1        67 1.00000E+02
 -1        68 1.00000E+02
 -1        69 1.00000E+02
 -1        70 8.87465E+01
 -1        71 8.87813E+01
 -1        72 8.87750E+01
 -1        73 8.87813E+01
 -1        74 8.87778E+01
 -1        75 8.87835E+01
 -1        76 8.87802E+01
 -1        77 8.87819E+01
 -1        78 8.87765E+01
 -1        79 8.87664E+01
 -1        80 8.87713E+01
 -1        81 8.87789E+01
 -1        82 8.87795E+01
 -1        83 8.87830E+01
 -1        84 8.87706E+01
 -1        85 8.87699E+01
 -1        86 8.87751E+01
 -1        87 8.87781E+01
 -1        88 8.87752E+01
 -1        89 8.87727E+01
 -1        90 8.87699E+01
 -1        91 8.87840E+01
 -1        92 8.87794E+01
 -1        93 8.87706E+01
 -1        94 8.87789E+01
 -1        95 9.20477E+01
 -1        96 8.96334E+01
 -1        97 8.96340E+01
 -1        98 9.57068E+01
 -1        99 9.57078E+01
 -1       100 9.78046E+01
 -1       101 9.77959E+01
 -1       102 9.57309E+01
 -1       103 9.37782E+01
 -1       104 9.37697E+01
 -1       105 9.78062E+01
 -1       106 9.78052E+01
 -1       107 9.06604E+01
 -1       108 9.06682E+01
 -1       109 9.20671E+01
 -1       110 8.96345E+01
 -1       111 8.89936E+01
 -1       112 8.89963E+01
 -1       113 9.06656E+01
 -1       114 8.89929E+01
 -1       115 9.20799E+01
 -1       116 9.06700E+01
 -1       117 8.89953E+01
 -1       118 9.37628E+01
 -1       119 9.37702E+01
 -1       120 9.20624E+01
 -1       121 8.96292E+01
 -1       122 9.57008E+01
 -1       123 8.96278E+01
 -1       124 9.57046E+01
 -1       125 9.06697E+01
 -1       126 9.06650E+01
 -1       127 9.20614E+01
 -1       128 8.89960E+01
 -1       129 9.37683E+01
 -1       130 9.37724E+01
 -1       131 9.78063E+01
 -1       132 9.06682E+01
 -1       133 9.20642E+01
 -1       134 9.06639E+01
 -1       135 8.89951E+01
 -1       136 8.89997E+01
 -1       137 8.96275E+01
 -1       138 9.78020E+01
 -1       139 9.56982E+01
 -1       140 9.37735E+01
 -1       141 9.78063E+01
 -1       142 9.37727E+01
 -1       143 8.89991E+01
 -1       144 9.78019E+01
 -1       145 9.20498E+01
 -1       146 9.57105E+01
 -1       147 8.96331E+01
 -1       148 8.96331E+01
 -1       149 9.57026E+01
 -1       150 9.77954E+01
 -1       151 9.78014E+01
 -1       152 9.57327E+01
 -1       153 9.78078E+01
 -1       154 9.37714E+01
 -1       155 9.37777E+01
 -1       156 9.78087E+01
 -1       157 9.37765E+01
 -1       158 9.37695E+01
 -1       159 9.20663E+01
 -1       160 9.06674E+01
 -1       161 9.06607E+01
 -1       162 8.89961E+01
 -1       163 8.89935E+01
 -1       164 8.96342E+01
 -1       165 8.89927E+01
 -1       166 9.06645E+01
 -1       167 9.06690E+01
 -1       168 9.20713E+01
 -1       169 8.89953E+01
 -1       170 9.20553E+01
 -1       171 8.96338E+01
 -1       172 8.96282E+01
 -1       173 9.57072E+01
 -1       174 9.57045E+01
 -1       175 9.37684E+01
 -1       176 9.78066E+01
 -1       177 9.37751E+01
 -1       178 9.20623E+01
 -1       179 9.06652E+01
 -1       180 8.89980E+01
 -1       181 9.06576E+01
 -1       182 9.06687E+01
 -1       183 9.06607E+01
 -1       184 9.20644E+01
 -1       185 8.89951E+01
 -1       186 8.89987E+01
 -1       187 8.96214E+01
 -1       188 9.78053E+01
 -1       189 9.57171E+01
 -1       190 9.37747E+01
 -1       191 9.37806E+01
 -1       192 9.78046E+01
 -1       193 9.77956E+01
 -1       194 8.90024E+01
 -1       195 9.37708E+01
 -1       196 9.06435E+01
 -1       197 9.77915E+01
 -1       198 9.57015E+01
 -1       199 9.29090E+01
 -1       200 9.13116E+01
 -1       201 9.47145E+01
 -1       202 9.06700E+01
 -1       203 8.96334E+01
 -1       204 9.01034E+01
 -1       205 9.00989E+01
 -1       206 9.13121E+01
 -1       207 8.89966E+01
 -1       208 8.89970E+01
 -1       209 8.96320E+01
 -1       210 8.90010E+01
 -1       211 8.89961E+01
 -1       212 8.89969E+01
 -1       213 9.37725E+01
 -1       214 9.57055E+01
 -1       215 9.77948E+01
 -1       216 9.57000E+01
 -1       217 8.89952E+01
 -1       218 8.89968E+01
 -1       219 8.96431E+01
 -1       220 9.13250E+01
 -1       221 8.92541E+01
 -1       222 8.96395E+01
 -1       223 9.01030E+01
 -1       224 9.13244E+01
 -1       225 9.20681E+01
 -1       226 9.47171E+01
 -1       227 9.28908E+01
 -1       228 9.28799E+01
 -1       229 9.56958E+01
 -1       230 9.47131E+01
 -1       231 9.13175E+01
 -1       232 9.01111E+01
 -1       233 9.28809E+01
 -1       234 9.56954E+01
 -1       235 9.20676E+01
 -1       236 9.28906E+01
 -1       237 9.67240E+01
 -1       238 9.20667E+01
 -1       239 8.89957E+01
 -1       240 8.92598E+01
 -1       241 8.92542E+01
 -1       242 9.00985E+01
 -1       243 8.89958E+01
 -1       244 8.92600E+01
 -1       245 9.00994E+01
 -1       246 8.96348E+01
 -1       247 9.13338E+01
 -1       248 9.57063E+01
 -1       249 9.47134E+01
 -1       250 9.47161E+01
 -1       251 9.28796E+01
 -1       252 9.78060E+01
 -1       253 9.67399E+01
 -1       254 9.67490E+01
 -1       255 9.78071E+01
 -1       256 9.67440E+01
 -1       257 9.47136E+01
 -1       258 9.00989E+01
 -1       259 9.67316E+01
 -1       260 9.78104E+01
 -1       261 9.78120E+01
 -1       262 8.89970E+01
 -1       263 8.96335E+01
 -1       264 9.77965E+01
 -1       265 9.57042E+01
 -1       266 9.78022E+01
 -1       267 8.96339E+01
 -1       268 9.57054E+01
 -1       269 8.89970E+01
 -1       270 8.89948E+01
 -1       271 9.78016E+01
 -1       272 9.47153E+01
 -1       273 9.37789E+01
 -1       274 9.06705E+01
 -1       275 8.89947E+01
 -1       276 9.77969E+01
 -1       277 9.06651E+01
 -1       278 9.37684E+01
 -1       279 9.57095E+01
 -1       280 9.78056E+01
 -3
    1PSTEP                        15          15           1          
  100CL  115 7.500000000         280                     1   15           1
 -4  NDTEMP      1    1
 -5  T           1    1    0    0
 -1         1 1.00000E+02
 -1         2 1.00000E+02
 -1         3 1.00000E+02
 -1         4 1.00000E+02
 -1         5 9.04095E+01
 -1         6 9.04108E+01
 -1         7 9.04106E+01
 -1         8 9.04129E+01
 -1         9 1.00000E+02
 -1        10 1.00000E+02
 -1        11 1.00000E+02
 -1        12 1.00000E+02
 -1        13 1.00000E+02
 -1        14 1.00000E+02
 -1        15 1.00000E+02
 -1        16 1.00000E+02
 -1        17 1.00000E+02
 -1        18 1.00000E+02
 -1        19 1.00000E+02
 -1        20 1.00000E+02
 -1        21 9.04047E+01
 -1        22 9.04171E+01
 -1        23 9.04183E+01
 -1        24 9.04047E+01
 -1        25 9.04170E+01
 -1        26 9.04183E+01
 -1        27 9.04177E+01
 -1        28 9.04197E+01
 -1        29 9.04201E+01
 -1        30 9.04209E+01
 -1        31 9.04197E+01
 -1        32 9.04226E+01
 -1        33 9.32216E+01
 -1        34 9.63313E+01
 -1        35 9.11478E+01
 -1        36 9.32221E+01
 -1        37 9.63329E+01
 -1        38 9.11473E+01
 -1        39 9.32206E+01
 -1        40 9.63332E+01
 -1        41 9.11471E+01
 -1        42 9.32182E+01
 -1        43 9.63327E+01
 -1        44 9.11476E+01
 -1        45 1.00000E+02
 -1        46 1.00000E+02
 -1        47 1.00000E+02
 -1        48 1.00000E+02
 -1        49 1.00000E+02
 -1        50 1.00000E+02
 -1        51 1.00000E+02
 -1        52 1.00000E+02
 -1        53 1.00000E+02
 -1        54 1.00000E+02
 -1        55 1.00000E+02
 -1        56 1.00000E+02
 -1        57 1.00000E+02
 -1        58 1.00000E+02
 -1        59 1.00000E+02
 -1        60 1.00000E+02
 -1        61 1.00000E+02
 -1        62 1.00000E+02
 -1        63 1.00000E+02
 -1        64 1.00000E+02
 -1        65 1.00000E+02
 -1        66 1.00000E+02
 -1        67 1.00000E+02
 -1        68 1.00000E+02
 -1        69 1.00000E+02
 -1        70 9.03889E+01
 -1        71 9.04186E+01
 -1        72 9.04133E+01
 -1        73 9.04186E+01
 -1        74 9.04156E+01
 -1        75 9.04205E+01
 -1        76 9.04177E+01
 -1        77 9.04191E+01
 -1        78 9.04145E+01
 -1        79 9.04059E+01
 -1        80 9.04101E+01
 -1        81 9.04166E+01
 -1        82 9.04171E+01
 -1        83 9.04201E+01
 -1        84 9.04095E+01
 -1        85 9.04089E+01
 -1        86 9.04133E+01
 -1        87 9.04158E+01
 -1        88 9.04134E+01
 -1        89 9.04112E+01
 -1        90 9.04089E+01
 -1        91 9.04209E+01
 -1        92 9.04170E+01
 -1        93 9.04094E+01
 -1        94 9.04166E+01
 -1        95 9.32083E+01
 -1        96 9.11464E+01
 -1        97 9.11469E+01
 -1        98 9.63334E+01
 -1        99 9.63342E+01
 -1       100 9.81250E+01
 -1       101 9.81176E+01
 -1       102 9.63540E+01
 -1       103 9.46863E+01
 -1       104 9.46791E+01
 -1       105 9.81264E+01
 -1       106 9.81255E+01
 -1       107 9.20235E+01
 -1       108 9.20302E+01
 -1       109 9.32249E+01
 -1       110 9.11473E+01
 -1       111 9.05999E+01
 -1       112 9.06022E+01
 -1       113 9.20279E+01
 -1       114 9.05993E+01
 -1       115 9.32358E+01
 -1       116 9.20317E+01
 -1       117 9.06014E+01
 -1       118 9.46732E+01
 -1       119 9.46794E+01
 -1       120 9.32209E+01
 -1       121 9.11428E+01
 -1       122 9.63283E+01
 -1       123 9.11416E+01
 -1       124 9.63316E+01
 -1       125 9.20314E+01
 -1       126 9.20275E+01
 -1       127 9.32200E+01
 -1       128 9.06020E+01
 -1       129 9.46778E+01
 -1       130 9.46814E+01
 -1       131 9.81265E+01
 -1       132 9.20302E+01
 -1       133 9.32225E+01
 -1       134 9.20265E+01
 -1       135 9.06012E+01
 -1       136 9.06051E+01
 -1       137 9.11413E+01
 -1       138 9.81228E+01
 -1       139 9.63261E+01
 -1       140 9.46823E+01
 -1       141 9.81265E+01
 -1       142 9.46815E+01
 -1       143 9.06046E+01
 -1       144 9.81227E+01
 -1       145 9.32101E+01
 -1       146 9.63366E+01
 -1       147 9.11461E+01
 -1       148 9.11461E+01
 -1       149 9.63298E+01
 -1       150 9.81172E+01
 -1       151 9.81223E+01
 -1       152 9.63555E+01
 -1       153 9.81277E+01
 -1       154 9.46805E+01
 -1       155 9.46858E+01
 -1       156 9.81285E+01
 -1       157 9.46848E+01
 -1       158 9.46789E+01
 -1       159 9.32242E+01
 -1       160 9.20295E+01
 -1       161 9.20238E+01
 -1       162 9.06021E+01
 -1       163 9.05998E+01
 -1       164 9.11471E+01
 -1       165 9.05992E+01
 -1       166 9.20270E+01
 -1       167 9.20308E+01
 -1       168 9.32285E+01
 -1       169 9.06014E+01
 -1       170 9.32148E+01
 -1       171 9.11467E+01
 -1       172 9.11419E+01
 -1       173 9.63338E+01
 -1       174 9.63315E+01
 -1       175 9.46780E+01
 -1       176 9.81268E+01
 -1       177 9.46836E+01
 -1       178 9.32208E+01
 -1       179 9.20276E+01
 -1       180 9.06037E+01
 -1       181 9.20211E+01
 -1       182 9.20306E+01
 -1       183 9.20237E+01
 -1       184 9.32226E+01
 -1       185 9.06012E+01
 -1       186 9.06043E+01
 -1       187 9.11361E+01
 -1       188 9.81256E+01
 -1       189 9.63422E+01
 -1       190 9.46833E+01
 -1       191 9.46883E+01
 -1       192 9.81250E+01
 -1       193 9.81173E+01
 -1       194 9.06074E+01
 -1       195 9.46799E+01
 -1       196 9.20091E+01
 -1       197 9.81139E+01
 -1       198 9.63289E+01
 -1       199 9.39439E+01
 -1       200 9.25797E+01
 -1       201 9.54860E+01
 -1       202 9.20317E+01
 -1       203 9.11463E+01
 -1       204 9.15478E+01
 -1       205 9.15439E+01
 -1       206 9.25801E+01
 -1       207 9.06025E+01
 -1       208 9.06028E+01
 -1       209 9.11452E+01
 -1       210 9.06062E+01
 -1       211 9.06021E+01
 -1       212 9.06028E+01
 -1       213 9.46814E+01
 -1       214 9.63323E+01
 -1       215 9.81166E+01
 -1       216 9.63276E+01
 -1       217 9.06013E+01
 -1       218 9.06027E+01
 -1       219 9.11547E+01
 -1       220 9.25911E+01
 -1       221 9.08224E+01
 -1       222 9.11516E+01
 -1       223 9.15474E+01
 -1       224 9.25906E+01
 -1       225 9.32257E+01
 -1       226 9.54882E+01
 -1       227 9.39284E+01
 -1       228 9.39191E+01
 -1       229 9.63240E+01
 -1       230 9.54847E+01
 -1       231 9.25847E+01
 -1       232 9.15544E+01
 -1       233 9.39199E+01
 -1       234 9.63237E+01
 -1       235 9.32253E+01
 -1       236 9.39282E+01
 -1       237 9.72022E+01
 -1       238 9.32246E+01
 -1       239 9.06017E+01
 -1       240 9.08273E+01
 -1       241 9.08225E+01
 -1       242 9.15436E+01
 -1       243 9.06018E+01
 -1       244 9.08274E+01
 -1       245 9.15444E+01
 -1       246 9.11476E+01
 -1       247 9.25986E+01
 -1       248 9.63330E+01
 -1       249 9.54850E+01
 -1       250 9.54873E+01
 -1       251 9.39188E+01
 -1       252 9.81263E+01
 -1       253 9.72157E+01
 -1       254 9.72235E+01
 -1       255 9.81271E+01
 -1       256 9.72192E+01
 -1       257 9.54852E+01
 -1       258 9.15440E+01
 -1       259 9.72086E+01
 -1       260 9.81300E+01
 -1       261 9.81313E+01
 -1       262 9.06028E+01
 -1       263 9.11464E+01
 -1       264 9.81181E+01
 -1       265 9.63312E+01
 -1       266 9.81229E+01
 -1       267 9.11468E+01
 -1       268 9.63322E+01
 -1       269 9.06028E+01
 -1       270 9.06010E+01
 -1       271 9.81224E+01
 -1       272 9.54867E+01
 -1       273 9.46869E+01
 -1       274 9.20321E+01
 -1       275 9.06009E+01
 -1       276 9.81185E+01
 -1       277 9.20275E+01
 -1       278 9.46779E+01
 -1       279 9.63357E+01
 -1       280 9.81259E+01
 -3
    1PSTEP                        16          16           1          
  100CL  116 8.000000000         280                     1   16           1
 -4  NDTEMP      1    1
 -5  T           1    1    0    0
 -1         1 1.00000E+02
 -1         2 1.00000E+02
 -1         3 1.00000E+02
 -1         4 1.00000E+02
 -1         5 9.18092E+01
 -1         6 9.18103E+01
 -1         7 9.18102E+01
 -1         8 9.18121E+01
 -1         9 1.00000E+02
 -1        10 1.00000E+02
 -1        11 1.00000E+02
 -1        12 1.00000E+02
 -1        13 1.00000E+02
 -1        14 1.00000E+02
 -1        15 1.00000E+02
 -1        16 1.00000E+02
 -1        17 1.00000E+02
 -1        18 1.00000E+02
 -1        19 1.00000E+02
 -1        20 1.00000E+02
 -1        21 9.18051E+01
 -1        22 9.18157E+01
 -1        23 9.18167E+01
 -1        24 9.18051E+01
 -1        25 9.18156E+01
 -1        26 9.18167E+01
 -1        27 9.18162E+01
 -1        28 9.18179E+01
 -1        29 9.18182E+01
 -1        30 9.18190E+01
 -1        31 9.18179E+01
 -1        32 9.18204E+01
 -1        33 9.42109E+01
 -1        34 9.68667E+01
 -1        35 9.24398E+01
 -1        36 9.42113E+01
 -1        37 9.68681E+01
 -1        38 9.24394E+01
 -1        39 9.42101E+01
 -1        40 9.68684E+01
 -1        41 9.24391E+01
 -1        42 9.42080E+01
 -1        43 9.68680E+01
 -1        44 9.24396E+01
 -1        45 1.00000E+02
 -1        46 1.00000E+02
 -1        47 1.00000E+02
 -1        48 1.00000E+02
 -1        49 1.00000E+02
 -1        50 1.00000E+02
 -1        51 1.00000E+02
 -1        52 1.00000E+02
 -1        53 1.00000E+02
 -1        54 1.00000E+02
 -1        55 1.00000E+02
 -1        56 1.00000E+02
 -1        57 1.00000E+02
 -1        58 1.00000E+02
 -1        59 1.00000E+02
 -1        60 1.00000E+02
 -1        61 1.00000E+02
 -1        62 1.00000E+02
 -1        63 1.00000E+02
 -1        64 1.00000E+02
 -1        65 1.00000E+02
 -1        66 1.00000E+02
 -1        67 1.00000E+02
 -1        68 1.00000E+02
 -1        69 1.00000E+02
 -1        70 9.17916E+01
 -1        71 9.18170E+01
 -1        72 9.18124E+01
 -1        73 9.18170E+01
 -1        74 9.18144E+01
 -1        75 9.18186E+01
 -1        76 9.18162E+01
 -1        77 9.18174E+01
 -1        78 9.18135E+01
 -1        79 9.18061E+01
 -1        80 9.18097E+01
 -1        81 9.18152E+01
 -1        82 9.18157E+01
 -1        83 9.18182E+01
 -1        84 9.18092E+01
 -1        85 9.18087E+01
 -1        86 9.18124E+01
 -1        87 9.18146E+01
 -1        88 9.18125E+01
 -1        89 9.18107E+01
 -1        90 9.18086E+01
 -1        91 9.18190E+01
 -1        92 9.18156E+01
 -1        93 9.18091E+01
 -1        94 9.18152E+01
 -1        95 9.41995E+01
 -1        96 9.24385E+01
 -1        97 9.24389E+01
 -1        98 9.68685E+01
 -1        99 9.68693E+01
 -1       100 9.83987E+01
 -1       101 9.83923E+01
 -1       102 9.68861E+01
 -1       103 9.54618E+01
 -1       104 9.54557E+01
 -1       105 9.83998E+01
 -1       106 9.83991E+01
 -1       107 9.31876E+01
 -1       108 9.31934E+01
 -1       109 9.42137E+01
 -1       110 9.24393E+01
 -1       111 9.19718E+01
 -1       112 9.19738E+01
 -1       113 9.31914E+01
 -1       114 9.19713E+01
 -1       115 9.42230E+01
 -1       116 9.31947E+01
 -1       117 9.19731E+01
 -1       118 9.54506E+01
 -1       119 9.54559E+01
 -1       120 9.42103E+01
 -1       121 9.24355E+01
 -1       122 9.68642E+01
 -1       123 9.24345E+01
 -1       124 9.68670E+01
 -1       125 9.31944E+01
 -1       126 9.31910E+01
 -1       127 9.42095E+01
 -1       128 9.19736E+01
 -1       129 9.54546E+01
 -1       130 9.54576E+01
 -1       131 9.83999E+01
 -1       132 9.31934E+01
 -1       133 9.42116E+01
 -1       134 9.31902E+01
 -1       135 9.19729E+01
 -1       136 9.19763E+01
 -1       137 9.24342E+01
 -1       138 9.83968E+01
 -1       139 9.68623E+01
 -1       140 9.54584E+01
 -1       141 9.83999E+01
 -1       142 9.54578E+01
 -1       143 9.19758E+01
 -1       144 9.83967E+01
 -1       145 9.42011E+01
 -1       146 9.68713E+01
 -1       147 9.24383E+01
 -1       148 9.24383E+01
 -1       149 9.68655E+01
 -1       150 9.83920E+01
 -1       151 9.83964E+01
 -1       152 9.68875E+01
 -1       153 9.84010E+01
 -1       154 9.54569E+01
 -1       155 9.54614E+01
 -1       156 9.84017E+01
 -1       157 9.54606E+01
 -1       158 9.54555E+01
 -1       159 9.42131E+01
 -1       160 9.31928E+01
 -1       161 9.31879E+01
 -1       162 9.19737E+01
 -1       163 9.19717E+01
 -1       164 9.24391E+01
 -1       165 9.19712E+01
 -1       166 9.31907E+01
 -1       167 9.31939E+01
 -1       168 9.42168E+01
 -1       169 9.19731E+01
 -1       170 9.42051E+01
 -1       171 9.24388E+01
 -1       172 9.24347E+01
 -1       173 9.68689E+01
 -1       174 9.68669E+01
 -1       175 9.54547E+01
 -1       176 9.84002E+01
 -1       177 9.54596E+01
 -1       178 9.42102E+01
 -1       179 9.31912E+01
 -1       180 9.19751E+01
 -1       181 9.31856E+01
 -1       182 9.31937E+01
 -1       183 9.31878E+01
 -1       184 9.42117E+01
 -1       185 9.19729E+01
 -1       186 9.19755E+01
 -1       187 9.24298E+01
 -1       188 9.83992E+01
 -1       189 9.68761E+01
 -1       190 9.54593E+01
 -1       191 9.54636E+01
 -1       192 9.83986E+01
 -1       193 9.83921E+01
 -1       194 9.19782E+01
 -1       195 9.54564E+01
 -1       196 9.31753E+01
 -1       197 9.83892E+01
 -1       198 9.68647E+01
 -1       199 9.48278E+01
 -1       200 9.36627E+01
 -1       201 9.61448E+01
 -1       202 9.31947E+01
 -1       203 9.24385E+01
 -1       204 9.27814E+01
 -1       205 9.27780E+01
 -1       206 9.36630E+01
 -1       207 9.19741E+01
 -1       208 9.19743E+01
 -1       209 9.24375E+01
 -1       210 9.19772E+01
 -1       211 9.19737E+01
 -1       212 9.19743E+01
 -1       213 9.54577E+01
 -1       214 9.68676E+01
 -1       215 9.83915E+01
 -1       216 9.68636E+01
 -1       217 9.19730E+01
 -1       218 9.19742E+01
 -1       219 9.24456E+01
 -1       220 9.36724E+01
 -1       221 9.21619E+01
 -1       222 9.24430E+01
 -1       223 9.27811E+01
 -1       224 9.36720E+01
 -1       225 9.42144E+01
 -1       226 9.61467E+01
 -1       227 9.48145E+01
 -1       228 9.48066E+01
 -1       229 9.68605E+01
 -1       230 9.61437E+01
 -1       231 9.36669E+01
 -1       232 9.27870E+01
 -1       233 9.48073E+01
 -1       234 9.68603E+01
 -1       235 9.42141E+01
 -1       236 9.48144E+01
 -1       237 9.76105E+01
 -1       238 9.42135E+01
 -1       239 9.19734E+01
 -1       240 9.21660E+01
 -1       241 9.21620E+01
 -1       242 9.27778E+01
 -1       243 9.19734E+01
 -1       244 9.21661E+01
 -1       245 9.27785E+01
 -1       246 9.24396E+01
 -1       247 9.36788E+01
 -1       248 9.68682E+01
 -1       249 9.61440E+01
 -1       250 9.61459E+01
 -1       251 9.48064E+01
 -1       252 9.83997E+01
 -1       253 9.76221E+01
 -1       254 9.76288E+01
 -1       255 9.84005E+01
 -1       256 9.76251E+01
 -1       257 9.61441E+01
 -1       258 9.27781E+01
 -1       259 9.76160E+01
 -1       260 9.84029E+01
 -1       261 9.84041E+01
 -1       262 9.19743E+01
 -1       263 9.24386E+01
 -1       264 9.83928E+01
 -1       265 9.68666E+01
 -1       266 9.83969E+01
 -1       267 9.24389E+01
 -1       268 9.68675E+01
 -1       269 9.19743E+01
 -1       270 9.19727E+01
 -1       271 9.83965E+01
 -1       272 9.61454E+01
 -1       273 9.54624E+01
 -1       274 9.31950E+01
 -1       275 9.19727E+01
 -1       276 9.83931E+01
 -1       277 9.31911E+01
 -1       278 9.54547E+01
 -1       279 9.68705E+01
 -1       280 9.83994E+01
 -3
    1PSTEP                        17          17           1          
  100CL  117 8.500000000         280                     1   17           1
 -4  NDTEMP      1    1
 -5  T           1    1    0    0
 -1         1 1.00000E+02
 -1         2 1.00000E+02
 -1         3 1.00000E+02
 -1         4 1.00000E+02
 -1         5 9.30046E+01
 -1         6 9.30056E+01
 -1         7 9.30054E+01
 -1         8 9.30071E+01
 -1         9 1.00000E+02
 -1        10 1.00000E+02
 -1        11 1.00000E+02
 -1        12 1.00000E+02
 -1        13 1.00000E+02
 -1        14 1.00000E+02
 -1        15 1.00000E+02
 -1        16 1.00000E+02
 -1        17 1.00000E+02
 -1        18 1.00000E+02
 -1        19 1.00000E+02
 -1        20 1.00000E+02
 -1        21 9.30011E+01
 -1        22 9.30101E+01
 -1        23 9.30111E+01
 -1        24 9.30012E+01
 -1        25 9.30101E+01
 -1        26 9.30111E+01
 -1        27 9.30106E+01
 -1        28 9.30121E+01
 -1        29 9.30123E+01
 -1        30 9.30130E+01
 -1        31 9.30121E+01
 -1        32 9.30142E+01
 -1        33 9.50558E+01
 -1        34 9.73240E+01
 -1        35 9.35432E+01
 -1        36 9.50561E+01
 -1        37 9.73252E+01
 -1        38 9.35428E+01
 -1        39 9.50551E+01
 -1        40 9.73255E+01
 -1        41 9.35426E+01
 -1        42 9.50533E+01
 -1        43 9.73251E+01
 -1        44 9.35430E+01
 -1        45 1.00000E+02
 -1        46 1.00000E+02
 -1        47 1.00000E+02
 -1        48 1.00000E+02
 -1        49 1.00000E+02
 -1        50 1.00000E+02
 -1        51 1.00000E+02
 -1        52 1.00000E+02
 -1        53 1.00000E+02
 -1        54 1.00000E+02
 -1        55 1.00000E+02
 -1        56 1.00000E+02
 -1        57 1.00000E+02
 -1        58 1.00000E+02
 -1        59 1.00000E+02
 -1        60 1.00000E+02
 -1        61 1.00000E+02
 -1        62 1.00000E+02
 -1        63 1.00000E+02
 -1        64 1.00000E+02
 -1        65 1.00000E+02
 -1        66 1.00000E+02
 -1        67 1.00000E+02
 -1        68 1.00000E+02
 -1        69 1.00000E+02
 -1        70 9.29896E+01
 -1        71 9.30112E+01
 -1        72 9.30074E+01
 -1        73 9.30113E+01
 -1        74 9.30091E+01
 -1        75 9.30126E+01
 -1        76 9.30106E+01
 -1        77 9.30116E+01
 -1        78 9.30083E+01
 -1        79 9.30020E+01
 -1        80 9.30050E+01
 -1        81 9.30098E+01
 -1        82 9.30102E+01
 -1        83 9.30123E+01
 -1        84 9.30046E+01
 -1        85 9.30042E+01
 -1        86 9.30074E+01
 -1        87 9.30093E+01
 -1        88 9.30075E+01
 -1        89 9.30059E+01
 -1        90 9.30042E+01
 -1        91 9.30129E+01
 -1        92 9.30101E+01
 -1        93 9.30046E+01
 -1        94 9.30098E+01
 -1        95 9.50461E+01
 -1        96 9.35421E+01
 -1        97 9.35425E+01
 -1        98 9.73256E+01
 -1        99 9.73262E+01
 -1       100 9.86324E+01
 -1       101 9.86269E+01
 -1       102 9.73406E+01
 -1       103 9.61242E+01
 -1       104 9.61189E+01
 -1       105 9.86334E+01
 -1       106 9.86328E+01
 -1       107 9.41819E+01
 -1       108 9.41868E+01
 -1       109 9.50582E+01
 -1       110 9.35428E+01
 -1       111 9.31435E+01
 -1       112 9.31452E+01
 -1       113 9.41851E+01
 -1       114 9.31431E+01
 -1       115 9.50662E+01
 -1       116 9.41879E+01
 -1       117 9.31446E+01
 -1       118 9.61146E+01
 -1       119 9.61191E+01
 -1       120 9.50553E+01
 -1       121 9.35395E+01
 -1       122 9.73218E+01
 -1       123 9.35386E+01
 -1       124 9.73242E+01
 -1       125 9.41877E+01
 -1       126 9.41848E+01
 -1       127 9.50546E+01
 -1       128 9.31450E+01
 -1       129 9.61180E+01
 -1       130 9.61206E+01
 -1       131 9.86334E+01
 -1       132 9.41868E+01
 -1       133 9.50564E+01
 -1       134 9.41841E+01
 -1       135 9.31444E+01
 -1       136 9.31473E+01
 -1       137 9.35384E+01
 -1       138 9.86308E+01
 -1       139 9.73203E+01
 -1       140 9.61212E+01
 -1       141 9.86335E+01
 -1       142 9.61207E+01
 -1       143 9.31469E+01
 -1       144 9.86307E+01
 -1       145 9.50474E+01
 -1       146 9.73279E+01
 -1       147 9.35419E+01
 -1       148 9.35419E+01
 -1       149 9.73230E+01
 -1       150 9.86267E+01
 -1       151 9.86304E+01
 -1       152 9.73417E+01
 -1       153 9.86344E+01
 -1       154 9.61199E+01
 -1       155 9.61238E+01
 -1       156 9.86349E+01
 -1       157 9.61231E+01
 -1       158 9.61188E+01
 -1       159 9.50577E+01
 -1       160 9.41863E+01
 -1       161 9.41821E+01
 -1       162 9.31451E+01
 -1       163 9.31434E+01
 -1       164 9.35426E+01
 -1       165 9.31430E+01
 -1       166 9.41845E+01
 -1       167 9.41872E+01
 -1       168 9.50609E+01
 -1       169 9.31446E+01
 -1       170 9.50509E+01
 -1       171 9.35424E+01
 -1       172 9.35388E+01
 -1       173 9.73258E+01
 -1       174 9.73242E+01
 -1       175 9.61181E+01
 -1       176 9.86337E+01
 -1       177 9.61222E+01
 -1       178 9.50552E+01
 -1       179 9.41849E+01
 -1       180 9.31463E+01
 -1       181 9.41801E+01
 -1       182 9.41871E+01
 -1       183 9.41821E+01
 -1       184 9.50565E+01
 -1       185 9.31445E+01
 -1       186 9.31467E+01
 -1       187 9.35346E+01
 -1       188 9.86328E+01
 -1       189 9.73320E+01
 -1       190 9.61220E+01
 -1       191 9.61256E+01
 -1       192 9.86324E+01
 -1       193 9.86268E+01
 -1       194 9.31490E+01
 -1       195 9.61195E+01
 -1       196 9.41714E+01
 -1       197 9.86243E+01
 -1       198 9.73223E+01
 -1       199 9.55827E+01
 -1       200 9.45876E+01
 -1       201 9.67075E+01
 -1       202 9.41879E+01
 -1       203 9.35421E+01
 -1       204 9.38349E+01
 -1       205 9.38321E+01
 -1       206 9.45879E+01
 -1       207 9.31454E+01
 -1       208 9.31456E+01
 -1       209 9.35412E+01
 -1       210 9.31481E+01
 -1       211 9.31451E+01
 -1       212 9.31456E+01
 -1       213 9.61206E+01
 -1       214 9.73248E+01
 -1       215 9.86263E+01
 -1       216 9.73214E+01
 -1       217 9.31445E+01
 -1       218 9.31455E+01
 -1       219 9.35482E+01
 -1       220 9.45959E+01
 -1       221 9.33058E+01
 -1       222 9.35459E+01
 -1       223 9.38346E+01
 -1       224 9.45955E+01
 -1       225 9.50588E+01
 -1       226 9.67091E+01
 -1       227 9.55714E+01
 -1       228 9.55645E+01
 -1       229 9.73187E+01
 -1       230 9.67066E+01
 -1       231 9.45912E+01
 -1       232 9.38397E+01
 -1       233 9.55652E+01
 -1       234 9.73185E+01
 -1       235 9.50585E+01
 -1       236 9.55712E+01
 -1       237 9.79593E+01
 -1       238 9.50580E+01
 -1       239 9.31448E+01
 -1       240 9.33093E+01
 -1       241 9.33059E+01
 -1       242 9.38319E+01
 -1       243 9.31449E+01
 -1       244 9.33095E+01
 -1       245 9.38324E+01
 -1       246 9.35430E+01
 -1       247 9.46014E+01
 -1       248 9.73253E+01
 -1       249 9.67068E+01
 -1       250 9.67084E+01
 -1       251 9.55644E+01
 -1       252 9.86333E+01
 -1       253 9.79691E+01
 -1       254 9.79748E+01
 -1       255 9.86339E+01
 -1       256 9.79717E+01
 -1       257 9.67069E+01
 -1       258 9.38321E+01
 -1       259 9.79640E+01
 -1       260 9.86360E+01
 -1       261 9.86370E+01
 -1       262 9.31456E+01
 -1       263 9.35421E+01
 -1       264 9.86274E+01
 -1       265 9.73239E+01
 -1       266 9.86309E+01
 -1       267 9.35424E+01
 -1       268 9.73247E+01
 -1       269 9.31456E+01
 -1       270 9.31443E+01
 -1       271 9.86305E+01
 -1       272 9.67080E+01
 -1       273 9.61246E+01
 -1       274 9.41882E+01
 -1       275 9.31442E+01
 -1       276 9.86276E+01
 -1       277 9.41848E+01
 -1       278 9.61181E+01
 -1       279 9.73273E+01
 -1       280 9.86330E+01
 -3
    1PSTEP                        18          18           1          
  100CL  118 9.000000000         280                     1   18           1
 -4  NDTEMP      1    1
 -5  T           1    1    0    0
 -1         1 1.00000E+02
 -1         2 1.00000E+02
 -1         3 1.00000E+02
 -1         4 1.00000E+02
 -1         5 9.40256E+01
 -1         6 9.40264E+01
 -1         7 9.40263E+01
 -1         8 9.40277E+01
 -1         9 1.00000E+02
 -1        10 1.00000E+02
 -1        11 1.00000E+02
 -1        12 1.00000E+02
 -1        13 1.00000E+02
 -1        14 1.00000E+02
 -1        15 1.00000E+02
 -1        16 1.00000E+02
 -1        17 1.00000E+02
 -1        18 1.00000E+02
 -1        19 1.00000E+02
 -1        20 1.00000E+02
 -1        21 9.40226E+01
 -1        22 9.40303E+01
 -1        23 9.40311E+01
 -1        24 9.40226E+01
 -1        25 9.40303E+01
 -1        26 9.40311E+01
 -1        27 9.40307E+01
 -1        28 9.40319E+01
 -1        29 9.40322E+01
 -1        30 9.40327E+01
 -1        31 9.40320E+01
 -1        32 9.40338E+01
 -1        33 9.57774E+01
 -1        34 9.77146E+01
 -1        35 9.44855E+01
 -1        36 9.57777E+01
 -1        37 9.77156E+01
 -1        38 9.44852E+01
 -1        39 9.57768E+01
 -1        40 9.77158E+01
 -1        41 9.44851E+01
 -1        42 9.57753E+01
 -1        43 9.77155E+01
 -1        44 9.44854E+01
 -1        45 1.00000E+02
 -1        46 1.00000E+02
 -1        47 1.00000E+02
 -1        48 1.00000E+02
 -1        49 1.00000E+02
 -1        50 1.00000E+02
 -1        51 1.00000E+02
 -1        52 1.00000E+02
 -1        53 1.00000E+02
 -1        54 1.00000E+02
 -1        55 1.00000E+02
 -1        56 1.00000E+02
 -1        57 1.00000E+02
 -1        58 1.00000E+02
 -1        59 1.00000E+02
 -1        60 1.00000E+02
 -1        61 1.00000E+02
 -1        62 1.00000E+02
 -1        63 1.00000E+02
 -1        64 1.00000E+02
 -1        65 1.00000E+02
 -1        66 1.00000E+02
 -1        67 1.00000E+02
 -1        68 1.00000E+02
 -1        69 1.00000E+02
 -1        70 9.40127E+01
 -1        71 9.40312E+01
 -1        72 9.40279E+01
 -1        73 9.40313E+01
 -1        74 9.40294E+01
 -1        75 9.40324E+01
 -1        76 9.40307E+01
 -1        77 9.40316E+01
 -1        78 9.40287E+01
 -1        79 9.40233E+01
 -1        80 9.40259E+01
 -1        81 9.40300E+01
 -1        82 9.40303E+01
 -1        83 9.40322E+01
 -1        84 9.40256E+01
 -1        85 9.40252E+01
 -1        86 9.40279E+01
 -1        87 9.40295E+01
 -1        88 9.40280E+01
 -1        89 9.40267E+01
 -1        90 9.40252E+01
 -1        91 9.40327E+01
 -1        92 9.40303E+01
 -1        93 9.40255E+01
 -1        94 9.40300E+01
 -1        95 9.57691E+01
 -1        96 9.44846E+01
 -1        97 9.44849E+01
 -1        98 9.77159E+01
 -1        99 9.77164E+01
 -1       100 9.88320E+01
 -1       101 9.88273E+01
 -1       102 9.77287E+01
 -1       103 9.66898E+01
 -1       104 9.66853E+01
 -1       105 9.88328E+01
 -1       106 9.88323E+01
 -1       107 9.50310E+01
 -1       108 9.50352E+01
 -1       109 9.57795E+01
 -1       110 9.44852E+01
 -1       111 9.41442E+01
 -1       112 9.41456E+01
 -1       113 9.50338E+01
 -1       114 9.41438E+01
 -1       115 9.57863E+01
 -1       116 9.50362E+01
 -1       117 9.41451E+01
 -1       118 9.66817E+01
 -1       119 9.66855E+01
 -1       120 9.57770E+01
 -1       121 9.44824E+01
 -1       122 9.77127E+01
 -1       123 9.44817E+01
 -1       124 9.77148E+01
 -1       125 9.50360E+01
 -1       126 9.50335E+01
 -1       127 9.57764E+01
 -1       128 9.41455E+01
 -1       129 9.66846E+01
 -1       130 9.66868E+01
 -1       131 9.88329E+01
 -1       132 9.50352E+01
 -1       133 9.57779E+01
 -1       134 9.50329E+01
 -1       135 9.41450E+01
 -1       136 9.41474E+01
 -1       137 9.44815E+01
 -1       138 9.88306E+01
 -1       139 9.77114E+01
 -1       140 9.66873E+01
 -1       141 9.88329E+01
 -1       142 9.66869E+01
 -1       143 9.41471E+01
 -1       144 9.88306E+01
 -1       145 9.57703E+01
 -1       146 9.77179E+01
 -1       147 9.44845E+01
 -1       148 9.44845E+01
 -1       149 9.77137E+01
 -1       150 9.88271E+01
 -1       151 9.88303E+01
 -1       152 9.77297E+01
 -1       153 9.88337E+01
 -1       154 9.66862E+01
 -1       155 9.66895E+01
 -1       156 9.88342E+01
 -1       157 9.66889E+01
 -1       158 9.66852E+01
 -1       159 9.57790E+01
 -1       160 9.50348E+01
 -1       161 9.50312E+01
 -1       162 9.41456E+01
 -1       163 9.41441E+01
 -1       164 9.44851E+01
 -1       165 9.41437E+01
 -1       166 9.50332E+01
 -1       167 9.50356E+01
 -1       168 9.57817E+01
 -1       169 9.41451E+01
 -1       170 9.57732E+01
 -1       171 9.44848E+01
 -1       172 9.44818E+01
 -1       173 9.77161E+01
 -1       174 9.77147E+01
 -1       175 9.66846E+01
 -1       176 9.88331E+01
 -1       177 9.66882E+01
 -1       178 9.57769E+01
 -1       179 9.50336E+01
 -1       180 9.41466E+01
 -1       181 9.50295E+01
 -1       182 9.50355E+01
 -1       183 9.50312E+01
 -1       184 9.57780E+01
 -1       185 9.41450E+01
 -1       186 9.41469E+01
 -1       187 9.44782E+01
 -1       188 9.88324E+01
 -1       189 9.77214E+01
 -1       190 9.66880E+01
 -1       191 9.66911E+01
 -1       192 9.88320E+01
 -1       193 9.88272E+01
 -1       194 9.41489E+01
 -1       195 9.66859E+01
 -1       196 9.50220E+01
 -1       197 9.88250E+01
 -1       198 9.77131E+01
 -1       199 9.62274E+01
 -1       200 9.53775E+01
 -1       201 9.71880E+01
 -1       202 9.50362E+01
 -1       203 9.44846E+01
 -1       204 9.47347E+01
 -1       205 9.47323E+01
 -1       206 9.53778E+01
 -1       207 9.41458E+01
 -1       208 9.41460E+01
 -1       209 9.44839E+01
 -1       210 9.41481E+01
 -1       211 9.41455E+01
 -1       212 9.41460E+01
 -1       213 9.66868E+01
 -1       214 9.77152E+01
 -1       215 9.88268E+01
 -1       216 9.77123E+01
 -1       217 9.41451E+01
 -1       218 9.41459E+01
 -1       219 9.44898E+01
 -1       220 9.53847E+01
 -1       221 9.42828E+01
 -1       222 9.44878E+01
 -1       223 9.47345E+01
 -1       224 9.53843E+01
 -1       225 9.57800E+01
 -1       226 9.71894E+01
 -1       227 9.62177E+01
 -1       228 9.62119E+01
 -1       229 9.77100E+01
 -1       230 9.71872E+01
 -1       231 9.53806E+01
 -1       232 9.47388E+01
 -1       233 9.62124E+01
 -1       234 9.77099E+01
 -1       235 9.57797E+01
 -1       236 9.62176E+01
 -1       237 9.82571E+01
 -1       238 9.57793E+01
 -1       239 9.41453E+01
 -1       240 9.42858E+01
 -1       241 9.42829E+01
 -1       242 9.47321E+01
 -1       243 9.41454E+01
 -1       244 9.42859E+01
 -1       245 9.47326E+01
 -1       246 9.44854E+01
 -1       247 9.53893E+01
 -1       248 9.77157E+01
 -1       249 9.71874E+01
 -1       250 9.71888E+01
 -1       251 9.62117E+01
 -1       252 9.88328E+01
 -1       253 9.82655E+01
 -1       254 9.82704E+01
 -1       255 9.88333E+01
 -1       256 9.82677E+01
 -1       257 9.71875E+01
 -1       258 9.47323E+01
 -1       259 9.82611E+01
 -1       260 9.88351E+01
 -1       261 9.88359E+01
 -1       262 9.41460E+01
 -1       263 9.44847E+01
 -1       264 9.88277E+01
 -1       265 9.77145E+01
 -1       266 9.88307E+01
 -1       267 9.44849E+01
 -1       268 9.77152E+01
 -1       269 9.41460E+01
 -1       270 9.41449E+01
 -1       271 9.88304E+01
 -1       272 9.71884E+01
 -1       273 9.66902E+01
 -1       274 9.50364E+01
 -1       275 9.41448E+01
 -1       276 9.88279E+01
 -1       277 9.50335E+01
 -1       278 9.66846E+01
 -1       279 9.77173E+01
 -1       280 9.88325E+01
 -3
    1PSTEP                        19          19           1          
  100CL  119 9.500000000         280                     1   19           1
 -4  NDTEMP      1    1
 -5  T           1    1    0    0
 -1         1 1.00000E+02
 -1         2 1.00000E+02
 -1         3 1.00000E+02
 -1         4 1.00000E+02
 -1         5 9.48975E+01
 -1         6 9.48982E+01
 -1         7 9.48981E+01
 -1         8 9.48993E+01
 -1         9 1.00000E+02
 -1        10 1.00000E+02
 -1        11 1.00000E+02
 -1        12 1.00000E+02
 -1        13 1.00000E+02
 -1        14 1.00000E+02
 -1        15 1.00000E+02
 -1        16 1.00000E+02
 -1        17 1.00000E+02
 -1        18 1.00000E+02
 -1        19 1.00000E+02
 -1        20 1.00000E+02
 -1        21 9.48950E+01
 -1        22 9.49016E+01
 -1        23 9.49022E+01
 -1        24 9.48950E+01
 -1        25 9.49015E+01
 -1        26 9.49022E+01
 -1        27 9.49019E+01
 -1        28 9.49030E+01
 -1        29 9.49032E+01
 -1        30 9.49036E+01
 -1        31 9.49030E+01
 -1        32 9.49045E+01
 -1        33 9.63937E+01
 -1        34 9.80481E+01
 -1        35 9.52904E+01
 -1        36 9.63939E+01
 -1        37 9.80490E+01
 -1        38 9.52901E+01
 -1        39 9.63932E+01
 -1        40 9.80492E+01
 -1        41 9.52899E+01
 -1        42 9.63919E+01
 -1        43 9.80489E+01
 -1        44 9.52902E+01
 -1        45 1.00000E+02
 -1        46 1.00000E+02
 -1        47 1.00000E+02
 -1        48 1.00000E+02
 -1        49 1.00000E+02
 -1        50 1.00000E+02
 -1        51 1.00000E+02
 -1        52 1.00000E+02
 -1        53 1.00000E+02
 -1        54 1.00000E+02
 -1        55 1.00000E+02
 -1        56 1.00000E+02
 -1        57 1.00000E+02
 -1        58 1.00000E+02
 -1        59 1.00000E+02
 -1        60 1.00000E+02
 -1        61 1.00000E+02
 -1        62 1.00000E+02
 -1        63 1.00000E+02
 -1        64 1.00000E+02
 -1        65 1.00000E+02
 -1        66 1.00000E+02
 -1        67 1.00000E+02
 -1        68 1.00000E+02
 -1        69 1.00000E+02
 -1        70 9.48865E+01
 -1        71 9.49024E+01
 -1        72 9.48995E+01
 -1        73 9.49024E+01
 -1        74 9.49008E+01
 -1        75 9.49034E+01
 -1        76 9.49019E+01
 -1        77 9.49026E+01
 -1        78 9.49002E+01
 -1        79 9.48956E+01
 -1        80 9.48978E+01
 -1        81 9.49013E+01
 -1        82 9.49016E+01
 -1        83 9.49032E+01
 -1        84 9.48975E+01
 -1        85 9.48972E+01
 -1        86 9.48995E+01
 -1        87 9.49009E+01
 -1        88 9.48996E+01
 -1        89 9.48985E+01
 -1        90 9.48972E+01
 -1        91 9.49036E+01
 -1        92 9.49015E+01
 -1        93 9.48975E+01
 -1        94 9.49013E+01
 -1        95 9.63866E+01
 -1        96 9.52896E+01
 -1        97 9.52898E+01
 -1        98 9.80493E+01
 -1        99 9.80497E+01
 -1       100 9.90025E+01
 -1       101 9.89985E+01
 -1       102 9.80602E+01
 -1       103 9.71730E+01
 -1       104 9.71691E+01
 -1       105 9.90032E+01
 -1       106 9.90027E+01
 -1       107 9.57562E+01
 -1       108 9.57598E+01
 -1       109 9.63954E+01
 -1       110 9.52901E+01
 -1       111 9.49988E+01
 -1       112 9.50001E+01
 -1       113 9.57586E+01
 -1       114 9.49985E+01
 -1       115 9.64012E+01
 -1       116 9.57606E+01
 -1       117 9.49996E+01
 -1       118 9.71660E+01
 -1       119 9.71693E+01
 -1       120 9.63933E+01
 -1       121 9.52877E+01
 -1       122 9.80465E+01
 -1       123 9.52870E+01
 -1       124 9.80483E+01
 -1       125 9.57605E+01
 -1       126 9.57583E+01
 -1       127 9.63928E+01
 -1       128 9.49999E+01
 -1       129 9.71684E+01
 -1       130 9.71703E+01
 -1       131 9.90032E+01
 -1       132 9.57598E+01
 -1       133 9.63941E+01
 -1       134 9.57579E+01
 -1       135 9.49995E+01
 -1       136 9.50016E+01
 -1       137 9.52869E+01
 -1       138 9.90013E+01
 -1       139 9.80454E+01
 -1       140 9.71708E+01
 -1       141 9.90032E+01
 -1       142 9.71704E+01
 -1       143 9.50013E+01
 -1       144 9.90012E+01
 -1       145 9.63876E+01
 -1       146 9.80510E+01
 -1       147 9.52894E+01
 -1       148 9.52895E+01
 -1       149 9.80473E+01
 -1       150 9.89983E+01
 -1       151 9.90010E+01
 -1       152 9.80610E+01
 -1       153 9.90039E+01
 -1       154 9.71699E+01
 -1       155 9.71727E+01
 -1       156 9.90043E+01
 -1       157 9.71722E+01
 -1       158 9.71690E+01
 -1       159 9.63951E+01
 -1       160 9.57594E+01
 -1       161 9.57564E+01
 -1       162 9.50000E+01
 -1       163 9.49988E+01
 -1       164 9.52899E+01
 -1       165 9.49985E+01
 -1       166 9.57581E+01
 -1       167 9.57601E+01
 -1       168 9.63974E+01
 -1       169 9.49996E+01
 -1       170 9.63901E+01
 -1       171 9.52898E+01
 -1       172 9.52872E+01
 -1       173 9.80495E+01
 -1       174 9.80482E+01
 -1       175 9.71685E+01
 -1       176 9.90034E+01
 -1       177 9.71715E+01
 -1       178 9.63933E+01
 -1       179 9.57584E+01
 -1       180 9.50009E+01
 -1       181 9.57550E+01
 -1       182 9.57600E+01
 -1       183 9.57564E+01
 -1       184 9.63942E+01
 -1       185 9.49995E+01
 -1       186 9.50012E+01
 -1       187 9.52841E+01
 -1       188 9.90028E+01
 -1       189 9.80539E+01
 -1       190 9.71714E+01
 -1       191 9.71740E+01
 -1       192 9.90024E+01
 -1       193 9.89984E+01
 -1       194 9.50028E+01
 -1       195 9.71696E+01
 -1       196 9.57486E+01
 -1       197 9.89965E+01
 -1       198 9.80469E+01
 -1       199 9.67780E+01
 -1       200 9.60522E+01
 -1       201 9.75984E+01
 -1       202 9.57606E+01
 -1       203 9.52896E+01
 -1       204 9.55032E+01
 -1       205 9.55011E+01
 -1       206 9.60524E+01
 -1       207 9.50002E+01
 -1       208 9.50004E+01
 -1       209 9.52889E+01
 -1       210 9.50022E+01
 -1       211 9.50000E+01
 -1       212 9.50004E+01
 -1       213 9.71704E+01
 -1       214 9.80487E+01
 -1       215 9.89980E+01
 -1       216 9.80462E+01
 -1       217 9.49996E+01
 -1       218 9.50003E+01
 -1       219 9.52940E+01
 -1       220 9.60583E+01
 -1       221 9.51172E+01
 -1       222 9.52923E+01
 -1       223 9.55029E+01
 -1       224 9.60580E+01
 -1       225 9.63959E+01
 -1       226 9.75996E+01
 -1       227 9.67697E+01
 -1       228 9.67648E+01
 -1       229 9.80443E+01
 -1       230 9.75977E+01
 -1       231 9.60548E+01
 -1       232 9.55067E+01
 -1       233 9.67652E+01
 -1       234 9.80441E+01
 -1       235 9.63957E+01
 -1       236 9.67696E+01
 -1       237 9.85115E+01
 -1       238 9.63953E+01
 -1       239 9.49998E+01
 -1       240 9.51198E+01
 -1       241 9.51173E+01
 -1       242 9.55009E+01
 -1       243 9.49998E+01
 -1       244 9.51199E+01
 -1       245 9.55013E+01
 -1       246 9.52902E+01
 -1       247 9.60622E+01
 -1       248 9.80491E+01
 -1       249 9.75979E+01
 -1       250 9.75991E+01
 -1       251 9.67646E+01
 -1       252 9.90031E+01
 -1       253 9.85187E+01
 -1       254 9.85228E+01
 -1       255 9.90036E+01
 -1       256 9.85206E+01
 -1       257 9.75980E+01
 -1       258 9.55011E+01
 -1       259 9.85149E+01
 -1       260 9.90051E+01
 -1       261 9.90058E+01
 -1       262 9.50004E+01
 -1       263 9.52896E+01
 -1       264 9.89988E+01
 -1       265 9.80481E+01
 -1       266 9.90014E+01
 -1       267 9.52898E+01
 -1       268 9.80486E+01
 -1       269 9.50004E+01
 -1       270 9.49994E+01
 -1       271 9.90011E+01
 -1       272 9.75988E+01
 -1       273 9.71733E+01
 -1       274 9.57608E+01
 -1       275 9.49994E+01
 -1       276 9.89990E+01
 -1       277 9.57584E+01
 -1       278 9.71685E+01
 -1       279 9.80505E+01
 -1       280 9.90029E+01
 -3
    1PSTEP                        20          20           1          
  100CL  120 10.00000000         280                     1   20           1
 -4  NDTEMP      1    1
 -5  T           1    1    0    0
 -1         1 1.00000E+02
 -1         2 1.00000E+02
 -1         3 1.00000E+02
 -1         4 1.00000E+02
 -1         5 9.56422E+01
 -1         6 9.56428E+01
 -1         7 9.56427E+01
 -1         8 9.56438E+01
 -1         9 1.00000E+02
 -1        10 1.00000E+02
 -1        11 1.00000E+02
 -1        12 1.00000E+02
 -1        13 1.00000E+02
 -1        14 1.00000E+02
 -1        15 1.00000E+02
 -1        16 1.00000E+02
 -1        17 1.00000E+02
 -1        18 1.00000E+02
 -1        19 1.00000E+02
 -1        20 1.00000E+02
 -1        21 9.56401E+01
 -1        22 9.56457E+01
 -1        23 9.56462E+01
 -1        24 9.56401E+01
 -1        25 9.56457E+01
 -1        26 9.56462E+01
 -1        27 9.56459E+01
 -1        28 9.56469E+01
 -1        29 9.56470E+01
 -1        30 9.56474E+01
 -1        31 9.56469E+01
 -1        32 9.56482E+01
 -1        33 9.69200E+01
 -1        34 9.83330E+01
 -1        35 9.59777E+01
 -1        36 9.69202E+01
 -1        37 9.83337E+01
 -1        38 9.59775E+01
 -1        39 9.69196E+01
 -1        40 9.83339E+01
 -1        41 9.59774E+01
 -1        42 9.69185E+01
 -1        43 9.83337E+01
 -1        44 9.59776E+01
 -1        45 1.00000E+02
 -1        46 1.00000E+02
 -1        47 1.00000E+02
 -1        48 1.00000E+02
 -1        49 1.00000E+02
 -1        50 1.00000E+02
 -1        51 1.00000E+02
 -1        52 1.00000E+02
 -1        53 1.00000E+02
 -1        54 1.00000E+02
 -1        55 1.00000E+02
 -1        56 1.00000E+02
 -1        57 1.00000E+02
 -1        58 1.00000E+02
 -1        59 1.00000E+02
 -1        60 1.00000E+02
 -1        61 1.00000E+02
 -1        62 1.00000E+02
 -1        63 1.00000E+02
 -1        64 1.00000E+02
 -1        65 1.00000E+02
 -1        66 1.00000E+02
 -1        67 1.00000E+02
 -1        68 1.00000E+02
 -1        69 1.00000E+02
 -1        70 9.56328E+01
 -1        71 9.56463E+01
 -1        72 9.56439E+01
 -1        73 9.56464E+01
 -1        74 9.56450E+01
 -1        75 9.56472E+01
 -1        76 9.56459E+01
 -1        77 9.56466E+01
 -1        78 9.56445E+01
 -1        79 9.56406E+01
 -1        80 9.56425E+01
 -1        81 9.56454E+01
 -1        82 9.56457E+01
 -1        83 9.56470E+01
 -1        84 9.56422E+01
 -1        85 9.56419E+01
 -1        86 9.56439E+01
 -1        87 9.56451E+01
 -1        88 9.56440E+01
 -1        89 9.56430E+01
 -1        90 9.56419E+01
 -1        91 9.56474E+01
 -1        92 9.56456E+01
 -1        93 9.56422E+01
 -1        94 9.56454E+01
 -1        95 9.69140E+01
 -1        96 9.59771E+01
 -1        97 9.59773E+01
 -1        98 9.83340E+01
 -1        99 9.83344E+01
 -1       100 9.91480E+01
 -1       101 9.91447E+01
 -1       102 9.83433E+01
 -1       103 9.75856E+01
 -1       104 9.75823E+01
 -1       105 9.91487E+01
 -1       106 9.91483E+01
 -1       107 9.63756E+01
 -1       108 9.63786E+01
 -1       109 9.69215E+01
 -1       110 9.59775E+01
 -1       111 9.57287E+01
 -1       112 9.57298E+01
 -1       113 9.63776E+01
 -1       114 9.57285E+01
 -1       115 9.69265E+01
 -1       116 9.63793E+01
 -1       117 9.57294E+01
 -1       118 9.75796E+01
 -1       119 9.75824E+01
 -1       120 9.69197E+01
 -1       121 9.59754E+01
 -1       122 9.83316E+01
 -1       123 9.59749E+01
 -1       124 9.83331E+01
 -1       125 9.63792E+01
 -1       126 9.63774E+01
 -1       127 9.69193E+01
 -1       128 9.57297E+01
 -1       129 9.75817E+01
 -1       130 9.75833E+01
 -1       131 9.91487E+01
 -1       132 9.63787E+01
 -1       133 9.69204E+01
 -1       134 9.63770E+01
 -1       135 9.57293E+01
 -1       136 9.57311E+01
 -1       137 9.59748E+01
 -1       138 9.91471E+01
 -1       139 9.83307E+01
 -1       140 9.75837E+01
 -1       141 9.91487E+01
 -1       142 9.75834E+01
 -1       143 9.57309E+01
 -1       144 9.91470E+01
 -1       145 9.69148E+01
 -1       146 9.83354E+01
 -1       147 9.59769E+01
 -1       148 9.59769E+01
 -1       149 9.83323E+01
 -1       150 9.91445E+01
 -1       151 9.91468E+01
 -1       152 9.83440E+01
 -1       153 9.91493E+01
 -1       154 9.75829E+01
 -1       155 9.75853E+01
 -1       156 9.91496E+01
 -1       157 9.75849E+01
 -1       158 9.75822E+01
 -1       159 9.69212E+01
 -1       160 9.63783E+01
 -1       161 9.63757E+01
 -1       162 9.57297E+01
 -1       163 9.57287E+01
 -1       164 9.59774E+01
 -1       165 9.57284E+01
 -1       166 9.63772E+01
 -1       167 9.63789E+01
 -1       168 9.69232E+01
 -1       169 9.57294E+01
 -1       170 9.69169E+01
 -1       171 9.59772E+01
 -1       172 9.59750E+01
 -1       173 9.83341E+01
 -1       174 9.83331E+01
 -1       175 9.75818E+01
 -1       176 9.91488E+01
 -1       177 9.75843E+01
 -1       178 9.69197E+01
 -1       179 9.63775E+01
 -1       180 9.57305E+01
 -1       181 9.63745E+01
 -1       182 9.63788E+01
 -1       183 9.63757E+01
 -1       184 9.69205E+01
 -1       185 9.57293E+01
 -1       186 9.57307E+01
 -1       187 9.59724E+01
 -1       188 9.91483E+01
 -1       189 9.83380E+01
 -1       190 9.75842E+01
 -1       191 9.75865E+01
 -1       192 9.91480E+01
 -1       193 9.91445E+01
 -1       194 9.57322E+01
 -1       195 9.75827E+01
 -1       196 9.63690E+01
 -1       197 9.91430E+01
 -1       198 9.83319E+01
 -1       199 9.72482E+01
 -1       200 9.66283E+01
 -1       201 9.79489E+01
 -1       202 9.63793E+01
 -1       203 9.59770E+01
 -1       204 9.61595E+01
 -1       205 9.61577E+01
 -1       206 9.66285E+01
 -1       207 9.57299E+01
 -1       208 9.57301E+01
 -1       209 9.59765E+01
 -1       210 9.57316E+01
 -1       211 9.57297E+01
 -1       212 9.57300E+01
 -1       213 9.75833E+01
 -1       214 9.83335E+01
 -1       215 9.91442E+01
 -1       216 9.83313E+01
 -1       217 9.57294E+01
 -1       218 9.57300E+01
 -1       219 9.59808E+01
 -1       220 9.66335E+01
 -1       221 9.58299E+01
 -1       222 9.59794E+01
 -1       223 9.61593E+01
 -1       224 9.66333E+01
 -1       225 9.69219E+01
 -1       226 9.79499E+01
 -1       227 9.72412E+01
 -1       228 9.72369E+01
 -1       229 9.83297E+01
 -1       230 9.79483E+01
 -1       231 9.66306E+01
 -1       232 9.61625E+01
 -1       233 9.72373E+01
 -1       234 9.83296E+01
 -1       235 9.69217E+01
 -1       236 9.72411E+01
 -1       237 9.87287E+01
 -1       238 9.69214E+01
 -1       239 9.57296E+01
 -1       240 9.58321E+01
 -1       241 9.58299E+01
 -1       242 9.61576E+01
 -1       243 9.57296E+01
 -1       244 9.58321E+01
 -1       245 9.61579E+01
 -1       246 9.59776E+01
 -1       247 9.66369E+01
 -1       248 9.83338E+01
 -1       249 9.79485E+01
 -1       250 9.79495E+01
 -1       251 9.72368E+01
 -1       252 9.91486E+01
 -1       253 9.87349E+01
 -1       254 9.87384E+01
 -1       255 9.91490E+01
 -1       256 9.87365E+01
 -1       257 9.79485E+01
 -1       258 9.61577E+01
 -1       259 9.87317E+01
 -1       260 9.91503E+01
 -1       261 9.91509E+01
 -1       262 9.57301E+01
 -1       263 9.59771E+01
 -1       264 9.91449E+01
 -1       265 9.83329E+01
 -1       266 9.91471E+01
 -1       267 9.59772E+01
 -1       268 9.83334E+01
 -1       269 9.57301E+01
 -1       270 9.57292E+01
 -1       271 9.91469E+01
 -1       272 9.79492E+01
 -1       273 9.75858E+01
 -1       274 9.63795E+01
 -1       275 9.57292E+01
 -1       276 9.91451E+01
 -1       277 9.63774E+01
 -1       278 9.75817E+01
 -1       279 9.83350E+01
 -1       280 9.91485E+01
 -3
 9999
