    1C
    1UUSER                                                              
    1UDATE              24.september.2026                               
    1UTIME              20:14:32                                        
    1UHOST                                                              
    1UPGM               CalculiX                                        
    1UVERSION           Version 2.22                             
    1UCOMPILETIME       Mon Aug  5 19:15:25 CEST 2024                    
    1UDIR                                                               
    1UDBN                                                               
    1UMAT    1MECHANICALMATERIAL                                        
    2C                           280                                     1
 -1         1 0.00000E+00 0.00000E+00 0.00000E+00
 -1         2 0.00000E+00 0.00000E+00 1.00000E+01
 -1         3 0.00000E+00 1.00000E+01 0.00000E+00
 -1         4 0.00000E+00 1.00000E+01 1.00000E+01
 -1         5 1.00000E+01 0.00000E+00 0.00000E+00
 -1         6 1.00000E+01 0.00000E+00 1.00000E+01
 -1         7 1.00000E+01 1.00000E+01 0.00000E+00
 -1         8 1.00000E+01 1.00000E+01 1.00000E+01
 -1         9 0.00000E+00 0.00000E+00 5.00000E+00
 -1        10 0.00000E+00 0.00000E+00 2.50000E+00
 -1        11 0.00000E+00 0.00000E+00 7.50000E+00
 -1        12 0.00000E+00 5.00000E+00 0.00000E+00
 -1        13 0.00000E+00 2.50000E+00 0.00000E+00
 -1        14 0.00000E+00 7.50000E+00 0.00000E+00
 -1        15 0.00000E+00 1.00000E+01 5.00000E+00
 -1        16 0.00000E+00 1.00000E+01 2.50000E+00
 -1        17 0.00000E+00 1.00000E+01 7.50000E+00
 -1        18 0.00000E+00 5.00000E+00 1.00000E+01
 -1        19 0.00000E+00 2.50000E+00 1.00000E+01
 -1        20 0.00000E+00 7.50000E+00 1.00000E+01
 -1        21 1.00000E+01 0.00000E+00 5.00000E+00
 -1        22 1.00000E+01 0.00000E+00 2.50000E+00
 -1        23 1.00000E+01 0.00000E+00 7.50000E+00
 -1        24 1.00000E+01 5.00000E+00 0.00000E+00
 -1        25 1.00000E+01 2.50000E+00 0.00000E+00
 -1        26 1.00000E+01 7.50000E+00 0.00000E+00
 -1        27 1.00000E+01 1.00000E+01 5.00000E+00
 -1        28 1.00000E+01 1.00000E+01 2.50000E+00
 -1        29 1.00000E+01 1.00000E+01 7.50000E+00
 -1        30 1.00000E+01 5.00000E+00 1.00000E+01
 -1        31 1.00000E+01 2.50000E+00 1.00000E+01
 -1        32 1.00000E+01 7.50000E+00 1.00000E+01
 -1        33 5.00000E+00 0.00000E+00 0.00000E+00
 -1        34 2.50000E+00 0.00000E+00 0.00000E+00
 -1        35 7.50000E+00 0.00000E+00 0.00000E+00
 -1        36 5.00000E+00 0.00000E+00 1.00000E+01
 -1        37 2.50000E+00 0.00000E+00 1.00000E+01
 -1        38 7.50000E+00 0.00000E+00 1.00000E+01
 -1        39 5.00000E+00 1.00000E+01 0.00000E+00
 -1        40 2.50000E+00 1.00000E+01 0.00000E+00
 -1        41 7.50000E+00 1.00000E+01 0.00000E+00
 -1        42 5.00000E+00 1.00000E+01 1.00000E+01
 -1        43 2.50000E+00 1.00000E+01 1.00000E+01
 -1        44 7.50000E+00 1.00000E+01 1.00000E+01
 -1        45 0.00000E+00 5.00000E+00 5.00000E+00
 -1        46 0.00000E+00 2.50000E+00 7.50000E+00
 -1        47 0.00000E+00 2.50000E+00 2.50000E+00
 -1        48 0.00000E+00 7.50000E+00 7.50000E+00
 -1        49 0.00000E+00 7.50000E+00 2.50000E+00
 -1        50 0.00000E+00 1.25000E+00 8.75000E+00
 -1        51 0.00000E+00 1.25000E+00 6.25000E+00
 -1        52 0.00000E+00 2.50000E+00 5.00000E+00
 -1        53 0.00000E+00 3.75000E+00 6.25000E+00
 -1        54 0.00000E+00 1.25000E+00 3.75000E+00
 -1        55 0.00000E+00 1.25000E+00 1.25000E+00
 -1        56 0.00000E+00 3.75000E+00 3.75000E+00
 -1        57 0.00000E+00 3.75000E+00 1.25000E+00
 -1        58 0.00000E+00 5.00000E+00 2.50000E+00
 -1        59 0.00000E+00 6.25000E+00 1.25000E+00
 -1        60 0.00000E+00 8.75000E+00 1.25000E+00
 -1        61 0.00000E+00 6.25000E+00 3.75000E+00
 -1        62 0.00000E+00 3.75000E+00 8.75000E+00
 -1        63 0.00000E+00 5.00000E+00 7.50000E+00
 -1        64 0.00000E+00 8.75000E+00 6.25000E+00
 -1        65 0.00000E+00 8.75000E+00 8.75000E+00
 -1        66 0.00000E+00 6.25000E+00 6.25000E+00
 -1        67 0.00000E+00 7.50000E+00 5.00000E+00
 -1        68 0.00000E+00 6.25000E+00 8.75000E+00
 -1        69 0.00000E+00 8.75000E+00 3.75000E+00
 -1        70 1.00000E+01 5.00000E+00 5.00000E+00
 -1        71 1.00000E+01 2.50000E+00 7.50000E+00
 -1        72 1.00000E+01 7.50000E+00 7.50000E+00
 -1        73 1.00000E+01 7.50000E+00 2.50000E+00
 -1        74 1.00000E+01 2.50000E+00 2.50000E+00
 -1        75 1.00000E+01 6.25000E+00 8.75000E+00
 -1        76 1.00000E+01 8.75000E+00 8.75000E+00
 -1        77 1.00000E+01 8.75000E+00 6.25000E+00
 -1        78 1.00000E+01 5.00000E+00 7.50000E+00
 -1        79 1.00000E+01 6.25000E+00 6.25000E+00
 -1        80 1.00000E+01 7.50000E+00 5.00000E+00
 -1        81 1.00000E+01 6.25000E+00 1.25000E+00
 -1        82 1.00000E+01 8.75000E+00 1.25000E+00
 -1        83 1.00000E+01 8.75000E+00 3.75000E+00
 -1        84 1.00000E+01 6.25000E+00 3.75000E+00
 -1        85 1.00000E+01 5.00000E+00 2.50000E+00
 -1        86 1.00000E+01 3.75000E+00 1.25000E+00
 -1        87 1.00000E+01 1.25000E+00 1.25000E+00
 -1        88 1.00000E+01 1.25000E+00 3.75000E+00
 -1        89 1.00000E+01 3.75000E+00 3.75000E+00
 -1        90 1.00000E+01 2.50000E+00 5.00000E+00
 -1        91 1.00000E+01 3.75000E+00 8.75000E+00
 -1        92 1.00000E+01 1.25000E+00 8.75000E+00
 -1        93 1.00000E+01 3.75000E+00 6.25000E+00
 -1        94 1.00000E+01 1.25000E+00 6.25000E+00
 -1        95 5.00000E+00 0.00000E+00 5.00000E+00
 -1        96 7.50000E+00 0.00000E+00 7.50000E+00
 -1        97 7.50000E+00 0.00000E+00 2.50000E+00
 -1        98 2.50000E+00 0.00000E+00 2.50000E+00
 -1        99 2.50000E+00 0.00000E+00 7.50000E+00
 -1       100 1.25000E+00 0.00000E+00 1.25000E+00
 -1       101 1.25000E+00 0.00000E+00 3.75000E+00
 -1       102 2.50000E+00 0.00000E+00 5.00000E+00
 -1       103 3.75000E+00 0.00000E+00 3.75000E+00
 -1       104 3.75000E+00 0.00000E+00 6.25000E+00
 -1       105 1.25000E+00 0.00000E+00 6.25000E+00
 -1       106 1.25000E+00 0.00000E+00 8.75000E+00
 -1       107 6.25000E+00 0.00000E+00 6.25000E+00
 -1       108 6.25000E+00 0.00000E+00 8.75000E+00
 -1       109 5.00000E+00 0.00000E+00 7.50000E+00
 -1       110 7.50000E+00 0.00000E+00 5.00000E+00
 -1       111 8.75000E+00 0.00000E+00 6.25000E+00
 -1       112 8.75000E+00 0.00000E+00 8.75000E+00
 -1       113 6.25000E+00 0.00000E+00 3.75000E+00
 -1       114 8.75000E+00 0.00000E+00 3.75000E+00
 -1       115 5.00000E+00 0.00000E+00 2.50000E+00
 -1       116 6.25000E+00 0.00000E+00 1.25000E+00
 -1       117 8.75000E+00 0.00000E+00 1.25000E+00
 -1       118 3.75000E+00 0.00000E+00 1.25000E+00
 -1       119 3.75000E+00 0.00000E+00 8.75000E+00
 -1       120 5.00000E+00 1.00000E+01 5.00000E+00
 -1       121 7.50000E+00 1.00000E+01 2.50000E+00
 -1       122 2.50000E+00 1.00000E+01 2.50000E+00
 -1       123 7.50000E+00 1.00000E+01 7.50000E+00
 -1       124 2.50000E+00 1.00000E+01 7.50000E+00
 -1       125 6.25000E+00 1.00000E+01 8.75000E+00
 -1       126 6.25000E+00 1.00000E+01 6.25000E+00
 -1       127 5.00000E+00 1.00000E+01 7.50000E+00
 -1       128 8.75000E+00 1.00000E+01 8.75000E+00
 -1       129 3.75000E+00 1.00000E+01 8.75000E+00
 -1       130 3.75000E+00 1.00000E+01 6.25000E+00
 -1       131 1.25000E+00 1.00000E+01 8.75000E+00
 -1       132 6.25000E+00 1.00000E+01 1.25000E+00
 -1       133 5.00000E+00 1.00000E+01 2.50000E+00
 -1       134 6.25000E+00 1.00000E+01 3.75000E+00
 -1       135 8.75000E+00 1.00000E+01 1.25000E+00
 -1       136 8.75000E+00 1.00000E+01 3.75000E+00
 -1       137 7.50000E+00 1.00000E+01 5.00000E+00
 -1       138 1.25000E+00 1.00000E+01 3.75000E+00
 -1       139 2.50000E+00 1.00000E+01 5.00000E+00
 -1       140 3.75000E+00 1.00000E+01 3.75000E+00
 -1       141 1.25000E+00 1.00000E+01 1.25000E+00
 -1       142 3.75000E+00 1.00000E+01 1.25000E+00
 -1       143 8.75000E+00 1.00000E+01 6.25000E+00
 -1       144 1.25000E+00 1.00000E+01 6.25000E+00
 -1       145 5.00000E+00 5.00000E+00 0.00000E+00
 -1       146 2.50000E+00 7.50000E+00 0.00000E+00
 -1       147 7.50000E+00 7.50000E+00 0.00000E+00
 -1       148 7.50000E+00 2.50000E+00 0.00000E+00
 -1       149 2.50000E+00 2.50000E+00 0.00000E+00
 -1       150 1.25000E+00 3.75000E+00 0.00000E+00
 -1       151 1.25000E+00 1.25000E+00 0.00000E+00
 -1       152 2.50000E+00 5.00000E+00 0.00000E+00
 -1       153 1.25000E+00 6.25000E+00 0.00000E+00
 -1       154 3.75000E+00 6.25000E+00 0.00000E+00
 -1       155 3.75000E+00 3.75000E+00 0.00000E+00
 -1       156 1.25000E+00 8.75000E+00 0.00000E+00
 -1       157 3.75000E+00 1.25000E+00 0.00000E+00
 -1       158 3.75000E+00 8.75000E+00 0.00000E+00
 -1       159 5.00000E+00 7.50000E+00 0.00000E+00
 -1       160 6.25000E+00 8.75000E+00 0.00000E+00
 -1       161 6.25000E+00 6.25000E+00 0.00000E+00
 -1       162 8.75000E+00 8.75000E+00 0.00000E+00
 -1       163 8.75000E+00 6.25000E+00 0.00000E+00
 -1       164 7.50000E+00 5.00000E+00 0.00000E+00
 -1       165 8.75000E+00 3.75000E+00 0.00000E+00
 -1       166 6.25000E+00 3.75000E+00 0.00000E+00
 -1       167 6.25000E+00 1.25000E+00 0.00000E+00
 -1       168 5.00000E+00 2.50000E+00 0.00000E+00
 -1       169 8.75000E+00 1.25000E+00 0.00000E+00
 -1       170 5.00000E+00 5.00000E+00 1.00000E+01
 -1       171 7.50000E+00 7.50000E+00 1.00000E+01
 -1       172 7.50000E+00 2.50000E+00 1.00000E+01
 -1       173 2.50000E+00 7.50000E+00 1.00000E+01
 -1       174 2.50000E+00 2.50000E+00 1.00000E+01
 -1       175 3.75000E+00 8.75000E+00 1.00000E+01
 -1       176 1.25000E+00 8.75000E+00 1.00000E+01
 -1       177 3.75000E+00 6.25000E+00 1.00000E+01
 -1       178 5.00000E+00 7.50000E+00 1.00000E+01
 -1       179 6.25000E+00 8.75000E+00 1.00000E+01
 -1       180 8.75000E+00 8.75000E+00 1.00000E+01
 -1       181 6.25000E+00 6.25000E+00 1.00000E+01
 -1       182 6.25000E+00 1.25000E+00 1.00000E+01
 -1       183 6.25000E+00 3.75000E+00 1.00000E+01
 -1       184 5.00000E+00 2.50000E+00 1.00000E+01
 -1       185 8.75000E+00 1.25000E+00 1.00000E+01
 -1       186 8.75000E+00 3.75000E+00 1.00000E+01
 -1       187 7.50000E+00 5.00000E+00 1.00000E+01
 -1       188 1.25000E+00 6.25000E+00 1.00000E+01
 -1       189 2.50000E+00 5.00000E+00 1.00000E+01
 -1       190 3.75000E+00 1.25000E+00 1.00000E+01
 -1       191 3.75000E+00 3.75000E+00 1.00000E+01
 -1       192 1.25000E+00 1.25000E+00 1.00000E+01
 -1       193 1.25000E+00 3.75000E+00 1.00000E+01
 -1       194 8.75000E+00 6.25000E+00 1.00000E+01
 -1       195 3.75000E+00 6.25000E+00 6.25000E+00
 -1       196 6.25000E+00 3.75000E+00 3.75000E+00
 -1       197 1.25000E+00 1.25000E+00 2.50000E+00
 -1       198 2.50000E+00 1.25000E+00 3.75000E+00
 -1       199 4.37500E+00 1.87500E+00 3.12500E+00
 -1       200 5.62500E+00 1.87500E+00 4.37500E+00
 -1       201 3.12500E+00 3.12500E+00 3.12500E+00
 -1       202 6.25000E+00 7.50000E+00 1.25000E+00
 -1       203 7.50000E+00 8.75000E+00 1.25000E+00
 -1       204 6.87500E+00 6.87500E+00 3.12500E+00
 -1       205 6.87500E+00 5.62500E+00 1.87500E+00
 -1       206 5.62500E+00 4.37500E+00 1.87500E+00
 -1       207 8.75000E+00 7.50000E+00 3.75000E+00
 -1       208 8.75000E+00 8.75000E+00 2.50000E+00
 -1       209 7.50000E+00 6.25000E+00 8.75000E+00
 -1       210 8.75000E+00 7.50000E+00 8.75000E+00
 -1       211 8.75000E+00 3.75000E+00 7.50000E+00
 -1       212 8.75000E+00 2.50000E+00 8.75000E+00
 -1       213 3.75000E+00 2.50000E+00 8.75000E+00
 -1       214 2.50000E+00 1.25000E+00 8.75000E+00
 -1       215 1.25000E+00 2.50000E+00 1.25000E+00
 -1       216 2.50000E+00 3.75000E+00 1.25000E+00
 -1       217 8.75000E+00 7.50000E+00 6.25000E+00
 -1       218 8.75000E+00 8.75000E+00 7.50000E+00
 -1       219 7.50000E+00 7.50000E+00 5.00000E+00
 -1       220 5.62500E+00 6.87500E+00 4.37500E+00
 -1       221 8.12500E+00 4.37500E+00 4.37500E+00
 -1       222 7.50000E+00 5.00000E+00 7.50000E+00
 -1       223 6.87500E+00 3.12500E+00 6.87500E+00
 -1       224 5.62500E+00 4.37500E+00 6.87500E+00
 -1       225 5.00000E+00 2.50000E+00 7.50000E+00
 -1       226 3.12500E+00 3.12500E+00 6.87500E+00
 -1       227 4.37500E+00 3.12500E+00 5.62500E+00
 -1       228 4.37500E+00 5.62500E+00 8.12500E+00
 -1       229 2.50000E+00 5.00000E+00 2.50000E+00
 -1       230 3.12500E+00 4.37500E+00 4.37500E+00
 -1       231 5.62500E+00 8.12500E+00 6.87500E+00
 -1       232 6.87500E+00 5.62500E+00 5.62500E+00
 -1       233 4.37500E+00 8.12500E+00 5.62500E+00
 -1       234 2.50000E+00 2.50000E+00 5.00000E+00
 -1       235 5.00000E+00 7.50000E+00 2.50000E+00
 -1       236 4.37500E+00 5.62500E+00 3.12500E+00
 -1       237 1.87500E+00 5.62500E+00 5.62500E+00
 -1       238 5.00000E+00 5.00000E+00 5.00000E+00
 -1       239 8.75000E+00 2.50000E+00 1.25000E+00
 -1       240 8.12500E+00 4.37500E+00 1.87500E+00
 -1       241 8.12500E+00 3.12500E+00 3.12500E+00
 -1       242 6.87500E+00 3.12500E+00 1.87500E+00
 -1       243 8.75000E+00 1.25000E+00 2.50000E+00
 -1       244 8.12500E+00 1.87500E+00 4.37500E+00
 -1       245 6.87500E+00 1.87500E+00 3.12500E+00
 -1       246 7.50000E+00 1.25000E+00 1.25000E+00
 -1       247 5.62500E+00 1.87500E+00 1.87500E+00
 -1       248 2.50000E+00 8.75000E+00 8.75000E+00
 -1       249 3.12500E+00 8.12500E+00 6.87500E+00
 -1       250 3.12500E+00 6.87500E+00 8.12500E+00
 -1       251 4.37500E+00 8.12500E+00 8.12500E+00
 -1       252 1.25000E+00 8.75000E+00 7.50000E+00
 -1       253 1.87500E+00 8.12500E+00 5.62500E+00
 -1       254 1.87500E+00 6.87500E+00 6.87500E+00
 -1       255 1.25000E+00 7.50000E+00 8.75000E+00
 -1       256 1.87500E+00 5.62500E+00 8.12500E+00
 -1       257 3.12500E+00 8.12500E+00 4.37500E+00
 -1       258 6.87500E+00 1.87500E+00 5.62500E+00
 -1       259 1.87500E+00 4.37500E+00 6.87500E+00
 -1       260 1.25000E+00 8.75000E+00 2.50000E+00
 -1       261 1.25000E+00 7.50000E+00 1.25000E+00
 -1       262 8.75000E+00 7.50000E+00 1.25000E+00
 -1       263 7.50000E+00 1.25000E+00 8.75000E+00
 -1       264 1.25000E+00 2.50000E+00 8.75000E+00
 -1       265 2.50000E+00 1.25000E+00 1.25000E+00
 -1       266 1.25000E+00 1.25000E+00 7.50000E+00
 -1       267 7.50000E+00 8.75000E+00 8.75000E+00
 -1       268 2.50000E+00 8.75000E+00 1.25000E+00
 -1       269 8.75000E+00 1.25000E+00 7.50000E+00
 -1       270 8.75000E+00 6.25000E+00 2.50000E+00
 -1       271 1.25000E+00 6.25000E+00 2.50000E+00
 -1       272 3.12500E+00 6.87500E+00 3.12500E+00
 -1       273 3.75000E+00 2.50000E+00 1.25000E+00
 -1       274 6.25000E+00 1.25000E+00 7.50000E+00
 -1       275 8.75000E+00 2.50000E+00 6.25000E+00
 -1       276 1.25000E+00 2.50000E+00 6.25000E+00
 -1       277 6.25000E+00 7.50000E+00 8.75000E+00
 -1       278 3.75000E+00 8.75000E+00 2.50000E+00
 -1       279 2.50000E+00 3.75000E+00 8.75000E+00
 -1       280 1.25000E+00 7.50000E+00 3.75000E+00
 -3
    3C                           129                                     1
 -1         1    6    0    1
 -2        95        98        47       196       103       197       198       200       199       201
 -1         2    6    0    1
 -2       147       121       145       196       203       202       161       205       204       206
 -1         3    6    0    1
 -2        73        70        27       121        84        80        83       208       207       136
 -1         4    6    0    1
 -2        72       170        30       171       209       187        75       210       181       194
 -1         5    6    0    1
 -2         9        98        47        95       101       197        54       102       103       198
 -1         6    6    0    1
 -2       172        70        30        71       211        78       186       212        93        91
 -1         7    6    0    1
 -2       170        99        36       174       213       119       184       191       214       190
 -1         8    6    0    1
 -2        12        47       149       145        57       215       150       152       216       155
 -1         9    6    0    1
 -2        70        27       123        72        80       143       217        79        77       218
 -1        10    6    0    1
 -2        39       147       121       145       160       203       132       159       161       202
 -1        11    6    0    1
 -2        70       120       121       196       219       134       207       221       220       204
 -1        12    6    0    1
 -2        70       172       170       196       211       183       222       221       223       224
 -1        13    6    0    1
 -2        95        99       170       195       104       213       225       227       226       228
 -1        14    6    0    1
 -2       145        45        47       196       229        56       216       206       230       201
 -1        15    6    0    1
 -2        70       123       120       195       217       126       219       232       231       233
 -1        16    6    0    1
 -2        47        45        95       196        56       234       198       201       230       200
 -1        17    6    0    1
 -2       121       120       145       196       134       235       202       204       220       206
 -1        18    6    0    1
 -2       145        39       120       121       159       133       235       202       132       134
 -1        19    6    0    1
 -2        70       120        27       121       219       137        80       207       134       136
 -1        20    6    0    1
 -2         9        47        45        95        54        56        52       102       198       234
 -1        21    6    0    1
 -2        70        27       120       123        80       137       219       217       143       126
 -1        22    6    0    1
 -2        45        47        12       145        56        57        58       229       216       152
 -1        23    6    0    1
 -2       170        95        36        99       225       109       184       213       104       119
 -1        24    6    0    1
 -2       195        45       145       196       237       229       236       238       230       206
 -1        25    6    0    1
 -2        95        45       195       196       234       237       227       200       230       238
 -1        26    6    0    1
 -2       170        95       195       196       225       227       228       224       200       238
 -1        27    6    0    1
 -2        70       170       195       196       222       228       232       221       224       238
 -1        28    6    0    1
 -2       195       120        70       196       233       219       232       238       220       221
 -1        29    6    0    1
 -2       145       120       195       196       235       233       236       206       220       238
 -1        30    6    0    1
 -2        74        24       148       196        86       165       239       241       240       242
 -1        31    6    0    1
 -2        21        74        97       196        88       243       114       244       241       245
 -1        32    6    0    1
 -2       148        33        97       196       167       116       246       242       247       245
 -1        33    6    0    1
 -2       173       124        42       195       248       129       175       250       249       251
 -1        34    6    0    1
 -2        48        15       124       195        64       144       252       254       253       249
 -1        35    6    0    1
 -2        18        48       173       195        68       255       188       256       254       250
 -1        36    6    0    1
 -2        74        70        24       196        89        85        86       241       221       240
 -1        37    6    0    1
 -2       170        18       173       195       189       188       177       228       256       250
 -1        38    6    0    1
 -2        70        74        21       196        89        88        90       221       241       244
 -1        39    6    0    1
 -2       120       123        42       195       126       125       127       233       231       251
 -1        40    6    0    1
 -2       170       173        42       195       177       175       178       228       250       251
 -1        41    6    0    1
 -2        42       124       120       195       129       130       127       251       249       233
 -1        42    6    0    1
 -2        15       122       120       195       138       140       139       253       257       233
 -1        43    6    0    1
 -2       124        15       120       195       144       139       130       249       253       233
 -1        44    6    0    1
 -2        15        48        45       195        64        66        67       253       254       237
 -1        45    6    0    1
 -2        24       147       145       196       163       161       164       240       205       206
 -1        46    6    0    1
 -2        95        97        33       196       113       116       115       200       245       247
 -1        47    6    0    1
 -2        33        98        95       196       118       103       115       247       199       200
 -1        48    6    0    1
 -2        95        96        21       196       107       111       110       200       258       244
 -1        49    6    0    1
 -2        97        95        21       196       113       110       114       245       200       244
 -1        50    6    0    1
 -2       145        33       148       196       168       167       166       206       247       242
 -1        51    6    0    1
 -2        24       145       148       196       164       166       165       240       206       242
 -1        52    6    0    1
 -2        18        45        48       195        63        66        68       256       237       254
 -1        53    6    0    1
 -2        45        18        46       195        63        62        53       237       256       259
 -1        54    6    0    1
 -2        48       124       173       195       252       248       255       254       249       250
 -1        55    6    0    1
 -2       148        97        74       196       246       243       239       242       245       241
 -1        56    6    0    1
 -2        74        24         5       148        86        25        87       239       165       169
 -1        57    6    0    1
 -2         3        49       122        15        60       260       141        16        69       138
 -1        58    6    0    1
 -2       146        12        49         3       153        59       261       156        14        60
 -1        59    6    0    1
 -2        15       124         4        48       144       131        17        64       252        65
 -1        60    6    0    1
 -2       149         1        47        12       151        55       215       150        13        57
 -1        61    6    0    1
 -2       147         7        73        24       162        82       262       163        26        81
 -1        62    6    0    1
 -2        36       172         6        96       182       185        38       108       263       112
 -1        63    6    0    1
 -2        98        47         1         9       197        55       100       101        54        10
 -1        64    6    0    1
 -2         2       174        46        18       192       264        50        19       193        62
 -1        65    6    0    1
 -2         1       149        98        33       151       265       100        34       157       118
 -1        66    6    0    1
 -2        48       173         4        18       255       176        65        68       188        20
 -1        67    6    0    1
 -2        30        72       171         8        75       210       194        32        76       180
 -1        68    6    0    1
 -2        97        21         5        74       114        22       117       243        88        87
 -1        69    6    0    1
 -2         9        46         2        99        51        50        11       105       266       106
 -1        70    6    0    1
 -2         8       123       171        42       128       267       180        44       125       179
 -1        71    6    0    1
 -2        97         5        33       148       117        35       116       246       169       167
 -1        72    6    0    1
 -2        99       174         2        36       214       192       106       119       190        37
 -1        73    6    0    1
 -2       173       124         4        42       248       131       176       175       129        43
 -1        74    6    0    1
 -2         3       122       146        39       141       268       156        40       142       158
 -1        75    6    0    1
 -2         8        72       123        27        76       218       128        29        77       143
 -1        76    6    0    1
 -2        71       172         6        30       212       185        92        91       186        31
 -1        77    6    0    1
 -2       147       121         7        39       203       135       162       160       132        41
 -1        78    6    0    1
 -2        73       121        27         7       208       136        83        82       135        28
 -1        79    6    0    1
 -2        71         6        96        21        92       112       269        94        23       111
 -1        80    6    0    1
 -2       146        49       122         3       261       260       268       156        60       141
 -1        81    6    0    1
 -2         2        46       174        99        50       264       192       106       266       214
 -1        82    6    0    1
 -2       123       171        72         8       267       210       218       128       180        76
 -1        83    6    0    1
 -2         7        73       121       147        82       208       135       162       262       203
 -1        84    6    0    1
 -2       173         4       124        48       176       131       248       255        65       252
 -1        85    6    0    1
 -2        96       172         6        71       263       185       112       269       212        92
 -1        86    6    0    1
 -2        74         5        97       148        87       117       243       239       169       246
 -1        87    6    0    1
 -2         1        98       149        47       100       265       151        55       197       215
 -1        88    6    0    1
 -2       147       121        70        73       203       207       270       262       208        84
 -1        89    6    0    1
 -2       121       147        70       196       203       270       207       204       205       221
 -1        90    6    0    1
 -2       147        70        24        73       270        85       163       262        84        81
 -1        91    6    0    1
 -2        70       147        24       196       270       163        85       221       205       240
 -1        92    6    0    1
 -2       146       195        45       145       272       237       271       154       236       229
 -1        93    6    0    1
 -2        12        45       146        49        58       271       153        59        61       261
 -1        94    6    0    1
 -2       146        45        12       145       271        58       153       154       229       152
 -1        95    6    0    1
 -2        98        47       145       149       197       216       273       265       215       155
 -1        96    6    0    1
 -2       145        47        98       196       216       197       273       206       201       199
 -1        97    6    0    1
 -2        33        98       145       149       118       273       168       157       265       155
 -1        98    6    0    1
 -2       145        98        33       196       273       118       168       206       199       247
 -1        99    6    0    1
 -2        95       196       172        96       200       223       274       107       258       263
 -1       100    6    0    1
 -2       172       196        95       170       223       200       274       183       224       225
 -1       101    6    0    1
 -2        36        95       172        96       109       274       182       108       107       263
 -1       102    6    0    1
 -2       172        95        36       170       274       109       182       183       225       184
 -1       103    6    0    1
 -2        96        70       172        71       275       211       263       269        93       212
 -1       104    6    0    1
 -2       172        70        96       196       211       275       263       223       221       258
 -1       105    6    0    1
 -2        96        21        70        71       111        90       275       269        94        93
 -1       106    6    0    1
 -2        70        21        96       196        90       111       275       221       244       258
 -1       107    6    0    1
 -2        45       195        99        95       237       226       276       234       227       104
 -1       108    6    0    1
 -2        99       195        45        46       226       237       276       266       259        53
 -1       109    6    0    1
 -2         9        45        99        95        52       276       105       102       234       104
 -1       110    6    0    1
 -2        99        45         9        46       276        52       105       266        53        51
 -1       111    6    0    1
 -2       123       170        72       171       277       209       218       267       181       210
 -1       112    6    0    1
 -2        42       170       123       171       178       277       125       179       181       267
 -1       113    6    0    1
 -2       170        42       123       195       178       125       277       228       251       231
 -1       114    6    0    1
 -2       170        70       123        72       222       217       277       209        79       218
 -1       115    6    0    1
 -2       123        70       170       195       217       222       277       231       232       228
 -1       116    6    0    1
 -2       120       146       195       122       278       272       233       140       268       257
 -1       117    6    0    1
 -2       146       120       195       145       278       233       272       154       235       236
 -1       118    6    0    1
 -2        39       146       120       122       158       278       133       142       268       140
 -1       119    6    0    1
 -2       146        39       120       145       158       133       278       154       159       235
 -1       120    6    0    1
 -2        46        99       170       174       266       213       279       264       214       191
 -1       121    6    0    1
 -2       170        99        46       195       213       266       279       228       226       259
 -1       122    6    0    1
 -2        18        46       170       174        62       279       189       193       264       191
 -1       123    6    0    1
 -2       170        46        18       195       279        62       189       228       259       256
 -1       124    6    0    1
 -2        70        30       170       172        78       187       222       211       186       183
 -1       125    6    0    1
 -2       170        30        70        72       187        78       222       209        75        79
 -1       126    6    0    1
 -2       122        45       146       195       280       271       268       257       237       272
 -1       127    6    0    1
 -2       146        45       122        49       271       280       268       261        61       260
 -1       128    6    0    1
 -2       122        15        45       195       138        67       280       257       253       237
 -1       129    6    0    1
 -2        45        15       122        49        67       138       280        61        69       260
 -3
    1PSTEP                         1           1           1          
  100CL  101 2.50000E-01         280                     0    1           1
 -4  DISP        4    1
 -5  D1          1    2    1    0
 -5  D2          1    2    2    0
 -5  D3          1    2    3    0
 -5  ALL         1    2    0    0    1ALL
 -1         1 0.00000E+00 0.00000E+00 0.00000E+00
 -1         2 0.00000E+00 0.00000E+00 0.00000E+00
 -1         3 0.00000E+00 0.00000E+00 0.00000E+00
 -1         4 0.00000E+00 0.00000E+00 0.00000E+00
 -1         5-1.69544E-02-1.89816E-03-1.61150E-02
 -1         6-6.06858E-03-2.73889E-03-1.48965E-02
 -1         7-1.70112E-02 1.94366E-03-1.61293E-02
 -1         8-6.07889E-03 2.76964E-03-1.48716E-02
 -1         9 0.00000E+00 0.00000E+00 0.00000E+00
 -1        10 0.00000E+00 0.00000E+00 0.00000E+00
 -1        11 0.00000E+00 0.00000E+00 0.00000E+00
 -1        12 0.00000E+00 0.00000E+00 0.00000E+00
 -1        13 0.00000E+00 0.00000E+00 0.00000E+00
 -1        14 0.00000E+00 0.00000E+00 0.00000E+00
 -1        15 0.00000E+00 0.00000E+00 0.00000E+00
 -1        16 0.00000E+00 0.00000E+00 0.00000E+00
 -1        17 0.00000E+00 0.00000E+00 0.00000E+00
 -1        18 0.00000E+00 0.00000E+00 0.00000E+00
 -1        19 0.00000E+00 0.00000E+00 0.00000E+00
 -1        20 0.00000E+00 0.00000E+00 0.00000E+00
 -1        21-1.15062E-02-2.29629E-03-1.45587E-02
 -1        22-1.40162E-02-2.04900E-03-1.51610E-02
 -1        23-9.00307E-03-2.56995E-03-1.45478E-02
 -1        24-1.70572E-02 4.10805E-05-1.60151E-02
 -1        25-1.70632E-02-9.84899E-04-1.60242E-02
 -1        26-1.70920E-02 1.03087E-03-1.60286E-02
 -1        27-1.15055E-02 2.35541E-03-1.45395E-02
 -1        28-1.40427E-02 2.10329E-03-1.51760E-02
 -1        29-9.00753E-03 2.62007E-03-1.45270E-02
 -1        30-5.68244E-03 2.81702E-05-1.47467E-02
 -1        31-5.79249E-03-1.38447E-03-1.47894E-02
 -1        32-5.82202E-03 1.42031E-03-1.47631E-02
 -1        33-1.04553E-02-2.33040E-03-9.04410E-03
 -1        34-6.45420E-03-2.38113E-03-4.96043E-03
 -1        35-1.38582E-02-2.07562E-03-1.28500E-02
 -1        36-1.07358E-03-2.02089E-03-7.87680E-03
 -1        37 2.06973E-04-1.18616E-03-3.93038E-03
 -1        38-3.31569E-03-2.47929E-03-1.16261E-02
 -1        39-1.05583E-02 2.33600E-03-9.00178E-03
 -1        40-6.47486E-03 2.37750E-03-4.94614E-03
 -1        41-1.39193E-02 2.10683E-03-1.28424E-02
 -1        42-1.07374E-03 2.10079E-03-7.96250E-03
 -1        43 2.11768E-04 1.21330E-03-3.89313E-03
 -1        44-3.33146E-03 2.51190E-03-1.16331E-02
 -1        45 0.00000E+00 0.00000E+00 0.00000E+00
 -1        46 0.00000E+00 0.00000E+00 0.00000E+00
 -1        47 0.00000E+00 0.00000E+00 0.00000E+00
 -1        48 0.00000E+00 0.00000E+00 0.00000E+00
 -1        49 0.00000E+00 0.00000E+00 0.00000E+00
 -1        50 0.00000E+00 0.00000E+00 0.00000E+00
 -1        51 0.00000E+00 0.00000E+00 0.00000E+00
 -1        52 0.00000E+00 0.00000E+00 0.00000E+00
 -1        53 0.00000E+00 0.00000E+00 0.00000E+00
 -1        54 0.00000E+00 0.00000E+00 0.00000E+00
 -1        55 0.00000E+00 0.00000E+00 0.00000E+00
 -1        56 0.00000E+00 0.00000E+00 0.00000E+00
 -1        57 0.00000E+00 0.00000E+00 0.00000E+00
 -1        58 0.00000E+00 0.00000E+00 0.00000E+00
 -1        59 0.00000E+00 0.00000E+00 0.00000E+00
 -1        60 0.00000E+00 0.00000E+00 0.00000E+00
 -1        61 0.00000E+00 0.00000E+00 0.00000E+00
 -1        62 0.00000E+00 0.00000E+00 0.00000E+00
 -1        63 0.00000E+00 0.00000E+00 0.00000E+00
 -1        64 0.00000E+00 0.00000E+00 0.00000E+00
 -1        65 0.00000E+00 0.00000E+00 0.00000E+00
 -1        66 0.00000E+00 0.00000E+00 0.00000E+00
 -1        67 0.00000E+00 0.00000E+00 0.00000E+00
 -1        68 0.00000E+00 0.00000E+00 0.00000E+00
 -1        69 0.00000E+00 0.00000E+00 0.00000E+00
 -1        70-1.14346E-02-6.82528E-06-1.44995E-02
 -1        71-8.84650E-03-1.28763E-03-1.44630E-02
 -1        72-8.83373E-03 1.33435E-03-1.44652E-02
 -1        73-1.40502E-02 1.10114E-03-1.50903E-02
 -1        74-1.40493E-02-1.05882E-03-1.50725E-02
 -1        75-7.27934E-03 7.05915E-04-1.45810E-02
 -1        76-7.48493E-03 2.04088E-03-1.46336E-02
 -1        77-1.02302E-02 1.88685E-03-1.44094E-02
 -1        78-8.75108E-03 5.48071E-06-1.44797E-02
 -1        79-1.01457E-02 6.47389E-04-1.44214E-02
 -1        80-1.14498E-02 1.20135E-03-1.44764E-02
 -1        81-1.55306E-02 5.54255E-04-1.55419E-02
 -1        82-1.55137E-02 1.54418E-03-1.55847E-02
 -1        83-1.27155E-02 1.69903E-03-1.47348E-02
 -1        84-1.26800E-02 5.82733E-04-1.47163E-02
 -1        85-1.40282E-02 7.32877E-06-1.51083E-02
 -1        86-1.54979E-02-5.02503E-04-1.55369E-02
 -1        87-1.54828E-02-1.49574E-03-1.55707E-02
 -1        88-1.27298E-02-1.64937E-03-1.47262E-02
 -1        89-1.27139E-02-5.59350E-04-1.47162E-02
 -1        90-1.14642E-02-1.17769E-03-1.44813E-02
 -1        91-7.27742E-03-6.63024E-04-1.45957E-02
 -1        92-7.47707E-03-2.00490E-03-1.46493E-02
 -1        93-1.01677E-02-6.17000E-04-1.44050E-02
 -1        94-1.02455E-02-1.82814E-03-1.44167E-02
 -1        95-5.80154E-03-2.25275E-03-7.44416E-03
 -1        96-6.31840E-03-2.37249E-03-1.13445E-02
 -1        97-1.08463E-02-2.18072E-03-1.19813E-02
 -1        98-3.95449E-03-1.96350E-03-3.75974E-03
 -1        99-2.01460E-03-1.42189E-03-3.28910E-03
 -1       100-2.39413E-03-1.58346E-03-1.85282E-03
 -1       101-1.71876E-03-1.30927E-03-1.52859E-03
 -1       102-2.80215E-03-1.66869E-03-3.31439E-03
 -1       103-4.99560E-03-2.18073E-03-5.56712E-03
 -1       104-3.76116E-03-1.90010E-03-5.26348E-03
 -1       105-1.25262E-03-1.00507E-03-1.45006E-03
 -1       106-7.55597E-04-7.90491E-04-1.48532E-03
 -1       107-6.20528E-03-2.26911E-03-9.42100E-03
 -1       108-3.73941E-03-2.24797E-03-9.60582E-03
 -1       109-4.00578E-03-2.06736E-03-7.42823E-03
 -1       110-8.61397E-03-2.28306E-03-1.14086E-02
 -1       111-8.88595E-03-2.36340E-03-1.30139E-02
 -1       112-6.23804E-03-2.53655E-03-1.31733E-02
 -1       113-8.11039E-03-2.27281E-03-9.73715E-03
 -1       114-1.11856E-02-2.20211E-03-1.33327E-02
 -1       115-7.56814E-03-2.30579E-03-8.04235E-03
 -1       116-1.05920E-02-2.23736E-03-1.05347E-02
 -1       117-1.38458E-02-2.04573E-03-1.40971E-02
 -1       118-6.99083E-03-2.32257E-03-6.48241E-03
 -1       119-1.81942E-03-1.71476E-03-5.58290E-03
 -1       120-5.73623E-03 2.21443E-03-7.47869E-03
 -1       121-1.08890E-02 2.19267E-03-1.19578E-02
 -1       122-3.95856E-03 2.10383E-03-3.75503E-03
 -1       123-6.33497E-03 2.40358E-03-1.13410E-02
 -1       124-2.10319E-03 1.50188E-03-3.26269E-03
 -1       125-3.73366E-03 2.27232E-03-9.63971E-03
 -1       126-6.19946E-03 2.28539E-03-9.43007E-03
 -1       127-3.95572E-03 2.08735E-03-7.45403E-03
 -1       128-6.24621E-03 2.57527E-03-1.31577E-02
 -1       129-1.91252E-03 1.75618E-03-5.57864E-03
 -1       130-3.76393E-03 1.97863E-03-5.23415E-03
 -1       131-7.75857E-04 8.00821E-04-1.46128E-03
 -1       132-1.06290E-02 2.23982E-03-1.05107E-02
 -1       133-7.51703E-03 2.27832E-03-8.04968E-03
 -1       134-8.13630E-03 2.24088E-03-9.74226E-03
 -1       135-1.38957E-02 2.07889E-03-1.40963E-02
 -1       136-1.11962E-02 2.24194E-03-1.33213E-02
 -1       137-8.59243E-03 2.29409E-03-1.14262E-02
 -1       138-1.70220E-03 1.29347E-03-1.64290E-03
 -1       139-2.96735E-03 1.80068E-03-3.31880E-03
 -1       140-4.97469E-03 2.23012E-03-5.52042E-03
 -1       141-2.40827E-03 1.60972E-03-1.85092E-03
 -1       142-6.99453E-03 2.41668E-03-6.46781E-03
 -1       143-8.89894E-03 2.41098E-03-1.30087E-02
 -1       144-1.38998E-03 1.03090E-03-1.44791E-03
 -1       145-1.03908E-02 4.30634E-05-9.33439E-03
 -1       146-5.88135E-03 9.86236E-04-5.13547E-03
 -1       147-1.39454E-02 1.09038E-03-1.28369E-02
 -1       148-1.39283E-02-1.07160E-03-1.28287E-02
 -1       149-6.11088E-03-9.33392E-04-5.06965E-03
 -1       150-3.20731E-03-1.84187E-04-2.97874E-03
 -1       151-3.27903E-03-8.74648E-04-2.85555E-03
 -1       152-5.41127E-03-4.48213E-05-5.00067E-03
 -1       153-2.98732E-03 3.39082E-04-2.91757E-03
 -1       154-8.20653E-03 6.06497E-04-7.26318E-03
 -1       155-8.33868E-03-5.79732E-04-7.23473E-03
 -1       156-3.23134E-03 8.68546E-04-2.84582E-03
 -1       157-8.52564E-03-1.89033E-03-7.11453E-03
 -1       158-8.48649E-03 1.89052E-03-7.11937E-03
 -1       159-1.04832E-02 1.23808E-03-9.15278E-03
 -1       160-1.23163E-02 1.70565E-03-1.10210E-02
 -1       161-1.22366E-02 5.87444E-04-1.11009E-02
 -1       162-1.55200E-02 1.54275E-03-1.45004E-02
 -1       163-1.55163E-02 5.47747E-04-1.44677E-02
 -1       164-1.39116E-02 2.14576E-05-1.28156E-02
 -1       165-1.55028E-02-4.96795E-04-1.44744E-02
 -1       166-1.22282E-02-5.51141E-04-1.10682E-02
 -1       167-1.22579E-02-1.68244E-03-1.10261E-02
 -1       168-1.03993E-02-1.20490E-03-9.22725E-03
 -1       169-1.54805E-02-1.50784E-03-1.44955E-02
 -1       170-6.09455E-04-2.23094E-08-7.94493E-03
 -1       171-3.06307E-03 1.24162E-03-1.15733E-02
 -1       172-3.01996E-03-1.22572E-03-1.15799E-02
 -1       173 7.48325E-04 5.65367E-04-3.99186E-03
 -1       174 7.36133E-04-5.89877E-04-3.92151E-03
 -1       175 2.65489E-05 1.27214E-03-5.94333E-03
 -1       176 6.16039E-04 4.29292E-04-2.01839E-03
 -1       177 2.50556E-04 4.15130E-04-5.91423E-03
 -1       178-6.81603E-04 1.05539E-03-7.89897E-03
 -1       179-1.91637E-03 1.73748E-03-9.81071E-03
 -1       180-4.54705E-03 1.98600E-03-1.32490E-02
 -1       181-1.73734E-03 5.78110E-04-9.81436E-03
 -1       182-1.89942E-03-1.70086E-03-9.78042E-03
 -1       183-1.72434E-03-5.68800E-04-9.79381E-03
 -1       184-7.11670E-04-9.91813E-04-7.90686E-03
 -1       185-4.52636E-03-1.95757E-03-1.32637E-02
 -1       186-4.31378E-03-6.33786E-04-1.31900E-02
 -1       187-2.99496E-03 2.43057E-05-1.15481E-02
 -1       188 6.76124E-04 1.50554E-04-2.04046E-03
 -1       189 4.73751E-04 5.77871E-05-3.89559E-03
 -1       190 2.12757E-05-1.24197E-03-5.88259E-03
 -1       191 2.67811E-04-4.20324E-04-5.87758E-03
 -1       192 6.08603E-04-4.13988E-04-2.05165E-03
 -1       193 7.01654E-04-1.41880E-04-2.10756E-03
 -1       194-4.34330E-03 6.73968E-04-1.31861E-02
 -1       195-3.35098E-03 4.56293E-04-5.34010E-03
 -1       196-7.89051E-03-5.31363E-04-9.77914E-03
 -1       197-1.74505E-03-8.73464E-04-1.79745E-03
 -1       198-3.05781E-03-1.27732E-03-3.55990E-03
 -1       199-5.96522E-03-1.41590E-03-6.84227E-03
 -1       200-6.73553E-03-1.43918E-03-8.62793E-03
 -1       201-4.09316E-03-7.00153E-04-4.77103E-03
 -1       202-1.06261E-02 1.14051E-03-1.05577E-02
 -1       203-1.23259E-02 1.63639E-03-1.23701E-02
 -1       204-9.37426E-03 8.76299E-04-1.08536E-02
 -1       205-1.07152E-02 3.10129E-04-1.12575E-02
 -1       206-8.92800E-03-2.55778E-04-9.43017E-03
 -1       207-1.11612E-02 1.13467E-03-1.32654E-02
 -1       208-1.24835E-02 1.63580E-03-1.36231E-02
 -1       209-4.59173E-03 6.26701E-04-1.13918E-02
 -1       210-5.99924E-03 1.30720E-03-1.30556E-02
 -1       211-7.37379E-03-6.10335E-04-1.29492E-02
 -1       212-5.97614E-03-1.27283E-03-1.30753E-02
 -1       213-1.43397E-03-8.01680E-04-5.58273E-03
 -1       214-8.87103E-04-9.22379E-04-3.58182E-03
 -1       215-2.09071E-03-5.69536E-04-2.18145E-03
 -1       216-4.33482E-03-4.28355E-04-4.38868E-03
 -1       217-8.74354E-03 1.24005E-03-1.29314E-02
 -1       218-7.53982E-03 1.89506E-03-1.29840E-02
 -1       219-8.45895E-03 1.17696E-03-1.13542E-02
 -1       220-6.64130E-03 8.63500E-04-8.61118E-03
 -1       221-9.73283E-03-2.67545E-04-1.23202E-02
 -1       222-5.97331E-03 3.34970E-05-1.12726E-02
 -1       223-6.03828E-03-8.47169E-04-1.03595E-02
 -1       224-4.65177E-03-2.68702E-04-8.43500E-03
 -1       225-3.58333E-03-1.01131E-03-7.45361E-03
 -1       226-2.36076E-03-5.84271E-04-4.34705E-03
 -1       227-4.31244E-03-7.37366E-04-6.40695E-03
 -1       228-2.41337E-03 2.30502E-04-6.50160E-03
 -1       229-3.48026E-03-2.82232E-05-3.92425E-03
 -1       230-3.45516E-03-2.65431E-04-4.54895E-03
 -1       231-4.83939E-03 1.37088E-03-8.45215E-03
 -1       232-7.09823E-03 3.25436E-04-1.03673E-02
 -1       233-4.46270E-03 1.31960E-03-6.40684E-03
 -1       234-2.55020E-03-7.43755E-04-3.47993E-03
 -1       235-7.44997E-03 1.16093E-03-8.12637E-03
 -1       236-5.85367E-03 3.04751E-04-6.87004E-03
 -1       237-1.69821E-03 1.35249E-04-2.47452E-03
 -1       238-5.37670E-03 2.80916E-05-7.50040E-03
 -1       239-1.39208E-02-1.04318E-03-1.40217E-02
 -1       240-1.23624E-02-2.49106E-04-1.30013E-02
 -1       241-1.09976E-02-8.18728E-04-1.26198E-02
 -1       242-1.06977E-02-8.27275E-04-1.12763E-02
 -1       243-1.24775E-02-1.59438E-03-1.36186E-02
 -1       244-9.83245E-03-1.41135E-03-1.23282E-02
 -1       245-9.40809E-03-1.40741E-03-1.08537E-02
 -1       246-1.22894E-02-1.61360E-03-1.23686E-02
 -1       247-8.95862E-03-1.44825E-03-9.32557E-03
 -1       248-8.78397E-04 9.47173E-04-3.56666E-03
 -1       249-2.51542E-03 1.05012E-03-4.30577E-03
 -1       250-1.58026E-03 5.55855E-04-4.45914E-03
 -1       251-2.59121E-03 1.20784E-03-6.53878E-03
 -1       252-7.89253E-04 5.43884E-04-1.51973E-03
 -1       253-1.67925E-03 7.08725E-04-2.41308E-03
 -1       254-1.33836E-03 3.77877E-04-2.37930E-03
 -1       255-3.49782E-04 3.15645E-04-1.56417E-03
 -1       256-8.79573E-04 8.64850E-05-2.40030E-03
 -1       257-3.56487E-03 1.22214E-03-4.46341E-03
 -1       258-7.26109E-03-1.42588E-03-1.04118E-02
 -1       259-1.28083E-03-1.05781E-04-2.45769E-03
 -1       260-1.72564E-03 8.49150E-04-1.81605E-03
 -1       261-2.13258E-03 6.27263E-04-2.10017E-03
 -1       262-1.39511E-02 1.07170E-03-1.40204E-02
 -1       263-4.79375E-03-1.81109E-03-1.14264E-02
 -1       264-3.13717E-04-2.74289E-04-1.67764E-03
 -1       265-4.65607E-03-1.53750E-03-4.38530E-03
 -1       266-8.13769E-04-5.48857E-04-1.50788E-03
 -1       267-4.79234E-03 1.83787E-03-1.14306E-02
 -1       268-4.64078E-03 1.58540E-03-4.35277E-03
 -1       269-7.55127E-03-1.84914E-03-1.29947E-02
 -1       270-1.24669E-02 5.68806E-04-1.35945E-02
 -1       271-1.61928E-03 1.96225E-04-1.85952E-03
 -1       272-4.10817E-03 7.36160E-04-4.77147E-03
 -1       273-6.66891E-03-1.18234E-03-6.54628E-03
 -1       274-4.94231E-03-1.69384E-03-9.45974E-03
 -1       275-8.78114E-03-1.19251E-03-1.29396E-02
 -1       276-9.70430E-04-3.97527E-04-1.56229E-03
 -1       277-3.45243E-03 1.14792E-03-9.61415E-03
 -1       278-5.66179E-03 1.70383E-03-5.96983E-03
 -1       279-7.00286E-04-3.01090E-04-3.55888E-03
 -1       280-1.33615E-03 4.73605E-04-1.62812E-03
 -3
    1PSTEP                         2           1           1          
  100CL  101 2.50000E-01         280                     0    1           1
 -4  STRESS      6    1
 -5  SXX         1    4    1    1
 -5  SYY         1    4    2    2
 -5  SZZ         1    4    3    3
 -5  SXY         1    4    1    2
 -5  SYZ         1    4    2    3
 -5  SZX         1    4    3    1
 -1         1-6.55094E+02-2.18868E+02-2.00616E+02-1.07021E+02-3.03113E+01-1.34632E+02
 -1         2 3.69744E+01 1.60677E+01-2.55185E+01-2.66921E+01-3.48153E+00-8.47885E+01
 -1         3-6.58110E+02-2.18601E+02-2.02570E+02 1.05978E+02 2.91436E+01-1.33870E+02
 -1         4 3.80007E+01 1.43242E+01-2.34713E+01 2.72504E+01 3.19241E+00-8.06787E+01
 -1         5-2.42221E+02-3.32677E-01 7.57478E+00-9.54193E-02 2.54767E-01 8.15127E+00
 -1         6-2.57691E+02-7.78724E-01-1.09479E+02 4.11932E-01-1.15888E+00 8.41500E+00
 -1         7-2.42215E+02-1.88392E-01 7.20537E+00-1.65728E-01-3.69454E-01 7.89906E+00
 -1         8-2.58164E+02-5.84160E-01-1.08777E+02 7.80810E-02 4.75993E-01 8.39633E+00
 -1         9-2.97802E+02-1.12904E+02-1.25348E+02-7.60717E+01 8.03418E-01-8.26112E+01
 -1        10-4.58310E+02-1.96824E+02-1.96875E+02-1.16949E+02 2.94782E-01-9.18345E+01
 -1        11-2.15073E+02-9.22391E+01-9.21688E+01-6.65677E+01 1.41091E-01-7.92130E+01
 -1        12-6.25554E+02-2.60088E+02-2.45593E+02 6.39177E+00-3.89066E-03-1.77263E+02
 -1        13-7.35166E+02-3.16639E+02-3.15762E+02-3.60888E+01 1.89140E-01-2.01286E+02
 -1        14-7.02483E+02-3.02502E+02-3.01691E+02 4.35723E+01-2.14535E-01-1.95014E+02
 -1        15-2.88431E+02-9.71320E+01-1.11170E+02 6.40643E+01-2.79203E+00-8.93157E+01
 -1        16-4.57338E+02-1.96424E+02-1.96420E+02 1.13295E+02-2.97931E-01-9.88644E+01
 -1        17-2.39420E+02-1.02714E+02-1.02643E+02 6.63172E+01-1.39276E-01-7.83892E+01
 -1        18 9.21135E+01 2.79158E+01 3.16974E+00 1.28012E+00 2.12238E+00-9.43657E+01
 -1        19 2.03408E+02 8.71438E+01 8.75571E+01-1.60973E+01 5.53888E-02-1.35554E+02
 -1        20 1.98141E+02 8.48961E+01 8.52493E+01 1.83338E+01-6.03024E-02-1.27185E+02
 -1        21-2.47212E+02-9.41558E-01-4.96507E+01-1.05359E+00-2.51267E+00-1.15515E+01
 -1        22-2.46737E+02-6.33893E-01-1.19819E+01 1.93500E-01-1.90027E+00-1.60502E+00
 -1        23-2.56352E+02-1.98412E+00-9.10566E+01-1.07402E+00-2.05072E+00-2.19467E+00
 -1        24-2.42149E+02 1.15787E+01 7.10374E+00-1.91656E-01-3.88519E-01 1.01131E+01
 -1        25-2.42615E+02 6.72825E+00 6.89915E+00-3.75426E-01 3.26033E-01 6.84269E+00
 -1        26-2.43362E+02 4.68474E+00 5.73074E+00-4.11193E-01-4.76171E-01 4.74919E+00
 -1        27-2.49533E+02 6.23555E-01-4.83452E+01-4.31310E-01 3.46561E+00-1.08590E+01
 -1        28-2.45910E+02 7.82096E-01-9.96561E+00-8.59400E-01 2.10494E+00-1.58716E+00
 -1        29-2.54817E+02-1.02587E+00-9.00830E+01 7.04439E-01 2.09675E+00-1.57974E+00
 -1        30-2.55071E+02 4.98073E+00-1.04675E+02-1.02174E+00 8.63632E-01 5.27183E+00
 -1        31-2.54051E+02 2.82331E+00-1.05253E+02 7.97363E-01-2.85046E-02 4.04936E+00
 -1        32-2.55292E+02 1.21745E+00-1.05942E+02-1.14275E+00 5.41195E-01 4.12535E+00
 -1        33-2.76373E+02 1.18005E+01 1.44311E+01 1.70367E+01 1.17981E+00-7.61299E+00
 -1        34-4.28168E+02-2.65850E+01-1.39507E+01-1.59804E+01-1.06424E+01-3.64188E+01
 -1        35-2.58624E+02-5.92557E-01 2.06448E+00 2.71187E+00-1.70268E+00-4.22492E+00
 -1        36-1.83022E+02-2.94911E+00-1.05682E+02-1.96006E+00 1.35829E+00-9.09960E+00
 -1        37-7.07966E+01 2.73550E+00-9.62674E+01-1.11846E+01 1.83544E+00-2.84691E+01
 -1        38-2.30183E+02-2.46139E-01-1.03077E+02 3.74750E-01-3.33684E-01-2.23843E+00
 -1        39-2.74942E+02 1.27079E+01 1.16977E+01-1.81482E+01-1.47208E+00-2.43308E+00
 -1        40-4.31882E+02-2.34507E+01-1.58560E+01 1.49359E+01 1.30823E+01-3.38882E+01
 -1        41-2.56714E+02-6.83460E-01 2.37845E+00-2.82553E+00 1.45348E+00-2.91039E+00
 -1        42-1.76501E+02-1.89689E+00-1.06010E+02 9.83054E-01 1.07873E+00-1.04398E+01
 -1        43-7.16981E+01 5.22955E-01-9.70829E+01 1.22992E+01 8.37788E-01-2.52507E+01
 -1        44-2.30645E+02-3.30528E-03-1.03493E+02-1.26992E+00 9.12252E-01-2.03132E+00
 -1        45-2.11552E+02-8.53627E+01-8.81326E+01-4.09783E-01 4.82600E+00-9.79586E+01
 -1        46-1.33293E+02-5.42191E+01-5.51540E+01-1.68675E+01-1.10013E+00-9.69352E+01
 -1        47-3.31181E+02-1.19564E+02-1.29467E+02-4.19219E+01-5.90045E+00-1.22097E+02
 -1        48-1.53167E+02-6.30520E+01-5.48290E+01 2.36821E+01-5.14699E-01-8.76086E+01
 -1        49-3.04188E+02-1.35047E+02-1.34956E+02 4.16457E+01-2.55058E+00-1.05353E+02
 -1        50-7.10039E+01-2.72347E+01-4.04624E+01-2.64003E+01-1.82530E+00-9.08116E+01
 -1        51-2.27600E+02-9.76558E+01-9.75474E+01-5.17193E+01 1.09959E-01-8.05845E+01
 -1        52-2.57501E+02-1.07586E+02-1.00494E+02-4.04339E+01-9.01127E-01-9.05711E+01
 -1        53-1.77185E+02-7.32915E+01-7.76369E+01-1.22222E+01 2.79123E-01-9.13577E+01
 -1        54-3.13384E+02-1.19766E+02-1.36881E+02-6.15958E+01 3.45964E+00-9.37935E+01
 -1        55-4.61253E+02-1.77245E+02-1.72145E+02-7.65433E+01-1.23757E+01-1.29111E+02
 -1        56-2.89297E+02-1.12941E+02-1.14008E+02-1.84222E+01-5.67868E+00-1.08364E+02
 -1        57-4.76547E+02-1.97992E+02-1.88259E+02-1.66361E+01 6.30063E+00-1.50502E+02
 -1        58-3.80927E+02-1.58538E+02-1.61773E+02 2.66136E+00-1.65683E+00-1.31972E+02
 -1        59-4.67626E+02-2.01098E+02-2.00564E+02 2.89694E+01-1.05160E-01-1.49858E+02
 -1        60-4.75789E+02-1.87515E+02-1.83455E+02 7.64142E+01 9.95772E+00-1.24692E+02
 -1        61-2.07290E+02-9.22157E+01-9.43751E+01 1.56691E+01-2.44915E+00-9.35923E+01
 -1        62-1.95025E+01-1.36952E+01-2.15085E+01-1.20271E+01 5.07142E+00-1.00146E+02
 -1        63-1.29275E+02-5.54734E+01-5.52571E+01-2.62573E-01 4.26805E-04-9.02987E+01
 -1        64-2.09547E+02-8.02469E+01-8.43484E+01 3.94559E+01 3.97234E+00-8.74399E+01
 -1        65-6.83243E+01-2.75120E+01-3.48931E+01 2.83127E+01 1.01015E+00-8.61078E+01
 -1        66-1.95049E+02-8.37167E+01-8.35058E+01 1.16666E+01-2.71892E-02-8.93628E+01
 -1        67-2.39048E+02-1.03723E+02-1.06155E+02 3.29730E+01-4.76224E+00-8.96882E+01
 -1        68-4.94024E+01-2.24069E+01-2.78233E+01 1.42892E+01-2.19609E+00-8.84387E+01
 -1        69-3.11179E+02-1.33574E+02-1.33413E+02 6.68708E+01-1.65614E-01-9.69290E+01
 -1        70-2.55066E+02 6.13726E+00-4.81779E+01 3.99112E-01 9.91156E-01-9.64921E+00
 -1        71-2.50081E+02-6.31484E-01-9.50535E+01 1.26748E+00-2.45918E+00 3.06789E-01
 -1        72-2.52551E+02 1.24024E+00-9.17204E+01-2.10032E+00 1.91698E+00-3.54692E+00
 -1        73-2.50725E+02 7.13617E+00-3.37658E+00-4.16605E-01 1.40124E+00 6.25534E-01
 -1        74-2.49818E+02 5.13900E+00-4.28429E+00 1.01676E+00-2.95328E+00-2.95357E-01
 -1        75-2.52772E+02 3.45798E+00-9.77778E+01-2.51399E+00 1.44385E+00 2.55814E-01
 -1        76-2.51598E+02-1.35214E-01-1.01161E+02-9.54953E-01 8.21920E-01 2.30028E+00
 -1        77-2.52425E+02-8.52374E-01-7.61334E+01-3.80792E-02 3.87210E+00-5.01327E+00
 -1        78-2.54761E+02 4.22635E+00-8.50809E+01 5.95133E-01 4.97546E-01-3.43148E+00
 -1        79-2.56316E+02 2.97167E+00-7.44363E+01-8.36724E-01 2.36182E+00-6.50412E+00
 -1        80-2.52608E+02 3.96422E+00-4.88303E+01-8.88300E-02 4.07679E+00-7.60298E+00
 -1        81-2.49866E+02 8.79020E+00 3.62019E+00-4.63931E-01 1.78167E-02 2.42548E+00
 -1        82-2.48396E+02 2.57192E+00 2.04325E+00-1.98001E-01 7.29100E-01 3.62955E+00
 -1        83-2.48820E+02 4.59315E+00-2.11517E+01-1.19909E+00 2.52189E+00-4.13555E+00
 -1        84-2.49640E+02 9.64865E+00-2.20627E+01 9.18803E-01 2.05644E+00-4.09586E+00
 -1        85-2.47694E+02 1.08099E+01-1.04674E+01 5.08277E-01 2.91765E-01-1.10664E+00
 -1        86-2.47955E+02 9.24117E+00 2.43416E+00 6.61975E-01-2.43288E+00 5.26850E+00
 -1        87-2.48416E+02 1.86975E+00 3.02341E+00 5.86358E-01-7.99158E-01 2.85692E+00
 -1        88-2.44771E+02 3.59866E+00-2.29935E+01 2.03723E-01-2.56717E+00-5.74143E+00
 -1        89-2.48585E+02 7.61661E+00-2.10309E+01 6.81272E-01-3.81767E+00-4.76786E+00
 -1        90-2.49978E+02 1.03789E+00-5.15074E+01 4.55321E-01-2.82237E+00-7.68272E+00
 -1        91-2.49937E+02 4.27409E+00-9.92825E+01 7.62257E-01-3.70788E-01 1.37120E+00
 -1        92-2.51905E+02-1.43894E+00-1.03505E+02 1.08254E+00-1.39005E+00 3.51822E+00
 -1        93-2.50610E+02 6.77735E-01-7.50619E+01 1.06413E+00-2.67720E+00-3.35376E+00
 -1        94-2.53465E+02-2.46563E+00-7.74934E+01-2.24215E-01-3.03380E+00-4.91636E+00
 -1        95-2.40128E+02 1.58319E+01-4.03237E+01 5.95870E+00 2.58431E+00-8.91425E+01
 -1        96-2.26574E+02 2.33070E+00-7.97559E+01 8.29299E-01-3.10779E-01-3.18678E+01
 -1        97-2.65501E+02-7.89530E-02-1.78185E+01 2.85236E+00-9.78125E-01-3.00084E+01
 -1        98-3.19504E+02 1.70190E+01-1.90016E+01 4.92671E+00 9.97000E+00-8.89174E+01
 -1        99-1.69868E+02 7.72468E+00-6.64345E+01-8.86074E+00 5.17869E+00-8.55752E+01
 -1       100-4.58357E+02-6.49426E+01-8.61260E+01-4.71217E+01-1.43533E+01-1.04286E+02
 -1       101-2.76961E+02 2.10351E-02-6.48941E+01-2.69135E+01 3.18718E+00-8.60076E+01
 -1       102-2.52960E+02-9.72422E+00-6.21701E+01-2.46971E+01 3.71135E-01-9.13490E+01
 -1       103-2.73094E+02 2.34246E+01-1.95833E+01 6.16055E+00 2.28879E+00-8.51820E+01
 -1       104-2.16515E+02 6.39666E+00-6.32192E+01-1.30950E+00 3.13789E+00-8.80689E+01
 -1       105-2.39050E+02-4.58056E+01-8.32836E+01-3.94071E+01 2.46661E+00-8.64404E+01
 -1       106-8.58971E+01 9.86535E+00-5.86930E+01-1.57055E+01-1.73984E+00-8.04499E+01
 -1       107-2.19342E+02 2.30558E+00-6.04531E+01 5.30166E+00 3.23547E-01-5.95313E+01
 -1       108-2.05227E+02-1.20732E-01-9.17124E+01 6.00623E-01 1.81057E+00-2.53214E+01
 -1       109-1.96429E+02 1.87066E+00-7.54650E+01 3.21007E+00 3.40622E+00-5.47396E+01
 -1       110-2.41601E+02 1.85143E-01-4.70344E+01 3.03091E+00-5.64136E-01-4.94922E+01
 -1       111-2.38625E+02-1.85452E-01-6.73769E+01 4.49118E-03-1.40308E+00-2.16896E+01
 -1       112-2.41294E+02 1.92004E+00-9.38399E+01-5.02646E-01-7.97564E-01-1.05586E+01
 -1       113-2.55314E+02-8.37557E-01-3.15198E+01 4.76297E+00-4.26183E-01-6.14352E+01
 -1       114-2.56240E+02-2.11193E-01-3.04207E+01 2.35615E-01-1.42153E+00-2.20095E+01
 -1       115-2.65207E+02 4.46710E-01-1.53004E+01 8.00496E+00-1.75796E+00-5.46012E+01
 -1       116-2.75976E+02 1.84696E-01-6.87877E+00 4.38541E+00-1.71850E+00-2.55649E+01
 -1       117-2.54829E+02-1.74699E-01-5.93280E+00 1.81755E+00-3.54750E-01-9.55969E+00
 -1       118-2.96901E+02 7.90625E+00 2.16389E+00 1.52455E+01 8.67801E+00-4.38588E+01
 -1       119-1.63732E+02-1.27792E+00-9.16694E+01-7.92310E+00 3.98343E+00-4.33749E+01
 -1       120-2.38024E+02 4.45889E+00-4.48647E+01-8.91140E+00-2.03351E+00-8.98015E+01
 -1       121-2.64773E+02-1.46926E+00-1.73173E+01-2.98004E+00 1.42564E+00-2.94975E+01
 -1       122-3.18228E+02 1.82694E+01-3.07706E+01 6.39598E+00-7.11914E+00-8.83828E+01
 -1       123-2.27820E+02 2.48291E+00-8.14637E+01-1.50853E+00-1.16503E-01-3.01711E+01
 -1       124-1.70072E+02 1.30975E+01-6.55213E+01 3.74008E+00-6.34936E+00-8.43577E+01
 -1       125-2.05639E+02-3.35433E-01-9.35784E+01-1.11552E+00 5.33057E-01-2.26418E+01
 -1       126-2.27634E+02 3.80564E+00-6.15600E+01-4.08549E+00-1.65029E+00-5.79908E+01
 -1       127-1.92525E+02 3.48126E+00-7.58384E+01-1.99734E+00 1.36175E+00-5.78191E+01
 -1       128-2.41699E+02 1.26267E+00-9.42246E+01 2.88748E-01 3.12441E-01-9.65018E+00
 -1       129-1.56614E+02 1.84698E+00-8.98621E+01 3.22393E+00-2.22572E+00-4.57850E+01
 -1       130-2.01812E+02 2.36752E+00-6.23316E+01-6.90873E+00-6.51649E+00-8.95602E+01
 -1       131-8.74033E+01 1.02483E+01-5.53655E+01 1.28903E+01 9.29434E-01-7.65067E+01
 -1       132-2.79855E+02-3.78102E+00-1.03665E+01-3.87589E+00 2.12282E+00-2.32153E+01
 -1       133-2.65833E+02-6.20711E-01-1.88791E+01-9.11839E+00 2.37461E-02-5.31546E+01
 -1       134-2.61150E+02-4.16391E+00-3.57578E+01-3.64758E+00-8.10529E-01-5.82760E+01
 -1       135-2.54510E+02-1.24005E+00-5.46693E+00-1.55112E+00 6.61391E-01-9.82572E+00
 -1       136-2.56950E+02-5.55901E-01-3.08881E+01-2.31775E+00 2.04491E+00-2.05693E+01
 -1       137-2.44895E+02-8.88578E-01-4.83647E+01-2.55742E+00-2.20431E-01-4.81620E+01
 -1       138-3.00716E+02-3.88583E+01-7.96684E+01 3.87837E+01-8.62793E+00-8.71267E+01
 -1       139-2.49274E+02-9.59156E+00-5.87135E+01 1.33521E+01-3.11975E+00-9.63735E+01
 -1       140-2.54168E+02 1.24417E+01-2.26521E+01-6.99556E+00-1.90876E+00-9.11145E+01
 -1       141-4.59739E+02-5.93302E+01-9.04510E+01 5.15758E+01 1.23009E+01-1.01448E+02
 -1       142-2.79131E+02 3.08300E+01 1.41630E+01-2.08859E+01-1.22364E+01-3.69390E+01
 -1       143-2.37964E+02 8.43211E-01-6.62916E+01-7.49633E-01 1.38592E+00-2.15047E+01
 -1       144-2.32734E+02-2.36028E+01-7.34266E+01 2.74428E+01-1.50580E-01-8.75734E+01
 -1       145-3.35901E+02 1.00957E+01 2.40433E+01-8.98876E-01-9.86892E-01-6.51222E+00
 -1       146-4.39190E+02-2.47877E+01 8.68573E+00 1.28959E+01 7.46081E-01-4.16366E+01
 -1       147-2.56771E+02 7.63254E+00 3.71223E+00-4.16646E+00 1.46436E-01-8.17704E-01
 -1       148-2.56198E+02 7.52651E+00 1.10895E-01 4.38272E+00-4.89080E-01 4.37201E-01
 -1       149-4.12494E+02-4.07192E+00 3.98945E+01-1.19392E+01-1.20447E+00 5.98275E+00
 -1       150-5.01693E+02-1.17967E+02-4.40765E+01 2.01442E+00-3.53960E-01-6.82062E+01
 -1       151-5.45341E+02-1.01125E+02-6.43044E+01-5.63092E+01-1.75310E+01-6.81106E+01
 -1       152-4.59524E+02-9.49323E+01-5.79443E+01 3.24562E+00-2.29849E+00-7.13901E+01
 -1       153-5.30255E+02-1.36159E+02-1.01833E+02 5.85192E+00-5.02584E-01-1.10989E+02
 -1       154-3.86188E+02-9.33880E+00 1.33959E+01-3.92205E-01-3.40245E+00-2.80467E+01
 -1       155-3.68940E+02 5.35864E+00 4.06812E+01 6.20962E+00-4.85876E+00 1.49889E+01
 -1       156-5.36952E+02-1.03640E+02-5.48969E+01 5.03373E+01 1.76511E+01-7.76501E+01
 -1       157-3.10693E+02 2.66285E+01 2.04851E+01 9.02921E+00 1.16679E+01 3.73527E+00
 -1       158-3.45434E+02 8.49515E+00 1.10735E+01-8.61779E+00-5.47457E+00-7.57697E+00
 -1       159-3.01610E+02 2.06039E+00 3.39897E+00-9.54531E+00 2.85499E+00-9.13546E+00
 -1       160-2.69459E+02 3.99896E+00 7.17163E-01-6.04096E+00 2.16944E+00-5.79307E+00
 -1       161-2.70414E+02 1.18772E+01 1.07330E+01-4.73060E+00 4.07852E-01-2.11641E+00
 -1       162-2.47466E+02 4.19365E+00 2.32717E+00-1.76248E+00-2.14862E-01 3.41214E+00
 -1       163-2.49291E+02 8.59836E+00 4.80217E+00-2.71937E+00-7.16440E-01 3.42883E+00
 -1       164-2.59491E+02 1.26343E+01 8.15768E+00-4.41934E-01-9.39280E-01 3.72167E+00
 -1       165-2.48601E+02 9.61282E+00 7.65967E-01 2.75184E+00 1.17305E-02 5.27746E+00
 -1       166-2.72537E+02 1.37971E+01 6.89521E+00 2.95970E+00-1.25150E+00-4.02313E-01
 -1       167-2.73549E+02 3.67325E+00 3.22734E+00 5.57258E+00-2.09694E+00-7.75356E+00
 -1       168-3.05969E+02 5.57387E+00 8.75452E+00 1.00083E+01-3.30635E+00-2.13167E+00
 -1       169-2.46916E+02 3.52355E+00 2.21397E+00 1.35585E+00-1.54684E-01 3.47160E+00
 -1       170-1.85201E+02-7.16878E+00-1.10751E+02-1.28551E+00-1.00629E+00-1.47740E+01
 -1       171-2.44947E+02-3.36437E+00-1.00590E+02-8.69473E-01 2.89249E-01 4.06383E-02
 -1       172-2.38082E+02-2.52157E+00-1.05621E+02 2.72029E+00-8.79636E-02-1.03248E+00
 -1       173-6.90320E+01-9.11701E+00-1.16945E+02 1.18102E+01-1.34476E+00-1.70659E+01
 -1       174-8.02786E+01-1.29817E+01-1.19129E+02-1.43110E+01 2.98041E-01-1.49682E+00
 -1       175-1.40510E+02-7.61348E+00-1.07690E+02 6.29520E+00 1.69940E-01-9.44194E+00
 -1       176 4.82532E+00 7.82567E+00-7.80792E+01 1.57806E+01-1.76146E-01-4.60651E+01
 -1       177-1.40581E+02-9.72666E+00-1.09669E+02 9.11540E+00 3.46190E-01-1.43316E+01
 -1       178-1.93153E+02-6.52492E+00-1.08573E+02 1.63726E+00 5.45026E-01-1.06641E+01
 -1       179-2.19499E+02-2.96472E+00-1.02032E+02-1.77993E+00 6.57942E-01-6.19284E+00
 -1       180-2.53075E+02-1.88485E+00-1.03293E+02-7.39723E-01 2.60808E-01 3.59698E+00
 -1       181-2.23224E+02-5.23261E+00-9.96133E+01 1.42187E+00-3.83695E-01-4.77275E+00
 -1       182-2.16446E+02-3.90332E+00-1.07220E+02-6.32695E-01-4.27797E-01-5.28888E+00
 -1       183-2.20557E+02-9.70317E+00-1.12620E+02 2.76189E-01-2.46064E+00-1.04434E+01
 -1       184-1.79788E+02-4.83597E+00-1.05686E+02-2.30825E+00-3.43403E+00-9.66455E+00
 -1       185-2.52549E+02-1.82700E+00-1.03035E+02 2.29967E+00-9.76274E-01 3.85653E+00
 -1       186-2.50853E+02 1.65538E+00-1.02950E+02 2.32011E-01 1.65316E+00 3.04211E-01
 -1       187-2.33805E+02-2.48812E+00-1.02460E+02-6.64726E-01-1.62912E+00-5.91624E+00
 -1       188 2.20753E+01 8.16990E+00-7.01619E+01 1.61048E+01-2.90220E+00-4.96590E+01
 -1       189-4.79637E+01 4.90899E+00-8.40431E+01-2.04821E+00 6.09162E+00-4.02191E+01
 -1       190-1.43655E+02-9.03994E+00-1.02302E+02-5.94736E+00 1.00563E+00-4.35163E+00
 -1       191-1.37162E+02-1.20880E+01-1.21914E+02-1.10907E+01-1.95071E+00 4.13890E+00
 -1       192 4.03067E+00 9.56283E+00-7.15729E+01-1.56561E+01-4.80364E-01-4.39112E+01
 -1       193 3.46452E+01 1.81497E+01-5.95214E+01-1.28853E+01 9.54607E-01-5.10068E+01
 -1       194-2.50329E+02-1.69147E-02-1.00487E+02-1.18962E+00-1.87588E-01 1.11393E+00
 -1       195-2.29360E+02-1.14784E+01-6.83998E+01 2.47996E+00-2.06823E+00-9.19927E+01
 -1       196-2.79188E+02 3.33305E+00-3.12475E+01 3.96732E+00 9.33996E-01-5.63527E+01
 -1       197-3.19762E+02-3.89100E+01-7.15026E+01-1.89802E+01 1.65143E+00-1.05232E+02
 -1       198-2.85362E+02-3.20329E+01-6.58102E+01-1.55015E+01-2.42101E+00-9.69891E+01
 -1       199-3.01386E+02 2.11185E-01-2.36659E+01 2.54420E+00 5.75082E+00-7.11959E+01
 -1       200-2.64141E+02 4.78982E+00-4.09772E+01 5.08865E+00 2.70910E+00-7.50519E+01
 -1       201-2.95933E+02-3.54314E+01-5.14936E+01-1.19304E+01-3.97838E+00-8.76232E+01
 -1       202-2.81462E+02 4.78135E+00-1.81234E+00-3.87177E+00 1.53654E+00-1.93953E+01
 -1       203-2.61169E+02 3.53316E+00-5.57779E+00-3.10859E+00 1.21479E+00-1.44212E+01
 -1       204-2.74287E+02-1.90946E+00-2.52904E+01-1.69584E+00 1.68307E+00-3.76217E+01
 -1       205-2.74432E+02 1.79829E+00-1.58508E+01-1.90046E+00 4.97685E-01-2.29033E+01
 -1       206-3.09609E+02 4.05404E+00-7.87513E+00 5.98247E-01 3.72490E-01-3.31064E+01
 -1       207-2.56441E+02 3.87146E+00-2.86435E+01-1.69158E+00 1.98055E+00-1.86771E+01
 -1       208-2.56642E+02 2.72374E+00-1.07121E+01-2.45729E+00 1.28208E+00-1.35376E+01
 -1       209-2.31548E+02-3.53516E+00-9.62980E+01-1.56270E+00-1.08216E-01-1.14145E+01
 -1       210-2.46838E+02-4.27968E-01-9.51760E+01-2.27775E+00 2.28454E-01-3.54985E+00
 -1       211-2.44970E+02 1.78995E+00-8.10945E+01 2.23344E+00 3.04751E-01-7.94174E+00
 -1       212-2.46842E+02-8.79213E-01-9.76015E+01 3.00311E+00-5.57265E-01-2.11725E+00
 -1       213-1.58548E+02-4.18577E+00-9.08534E+01-5.58833E+00 3.01735E+00-4.94716E+01
 -1       214-1.15134E+02-5.05847E-02-8.78474E+01-1.16995E+01 3.38086E+00-5.01751E+01
 -1       215-3.68265E+02-6.10353E+01-4.15780E+01-2.74673E+01-3.65324E+00-6.43533E+01
 -1       216-3.63008E+02-5.50200E+01-4.86986E+01-1.55006E+01-1.51613E+00-6.72327E+01
 -1       217-2.47410E+02 2.00890E+00-6.84543E+01-2.04978E+00 3.91312E-01-2.03001E+01
 -1       218-2.41948E+02 1.27033E+00-8.67132E+01-1.01453E+00 8.46577E-01-1.63686E+01
 -1       219-2.52631E+02 1.35127E+00-4.77102E+01-3.37029E+00 2.44755E-01-4.32046E+01
 -1       220-2.66065E+02-3.13034E+00-4.12349E+01-2.79182E+00-3.56968E-01-6.58498E+01
 -1       221-2.60953E+02 4.82507E+00-3.64216E+01 1.69705E+00 7.03403E-01-3.20820E+01
 -1       222-2.31960E+02-6.09272E-01-8.32318E+01-1.94957E+00 1.12102E-01-1.91118E+01
 -1       223-2.41856E+02 2.13424E+00-6.97807E+01 3.14096E+00 5.09959E-01-3.52113E+01
 -1       224-2.28639E+02-2.98355E+00-7.44634E+01-9.28150E-02-2.07102E-01-4.86548E+01
 -1       225-2.02864E+02-8.52191E-01-7.83526E+01 6.81444E-01 1.52208E+00-5.51027E+01
 -1       226-2.07666E+02-1.53076E+01-6.88755E+01-5.98001E+00 1.91522E+00-8.05266E+01
 -1       227-2.48276E+02-1.08175E+01-6.51104E+01-1.58726E+00-2.41442E-01-8.58149E+01
 -1       228-1.95546E+02-8.35582E+00-8.79673E+01-3.09423E-01-8.48822E-01-5.26728E+01
 -1       229-2.99527E+02-3.63466E+01-3.18494E+01 1.21653E+00 5.24656E+00-6.46441E+01
 -1       230-2.58939E+02-2.94049E+01-5.65380E+01 4.10364E+00 4.25667E+00-8.65879E+01
 -1       231-2.18394E+02 4.30677E-01-7.14770E+01 5.24117E-01-1.85584E+00-5.85456E+01
 -1       232-2.44861E+02-2.35806E+00-5.80612E+01 5.05865E-01-1.19586E+00-5.06845E+01
 -1       233-2.35938E+02-1.81959E+00-6.03185E+01-4.69320E+00-2.63802E+00-9.30075E+01
 -1       234-2.38505E+02-2.27582E+01-5.47801E+01-3.24794E+00 3.43580E+00-9.18898E+01
 -1       235-2.90582E+02-4.80260E-01-1.73803E+01-5.49780E+00-3.25196E-01-5.09872E+01
 -1       236-3.04576E+02-9.44197E+00-3.34439E+01-2.84628E+00-4.34957E+00-6.64114E+01
 -1       237-2.29316E+02-4.94229E+01-7.86525E+01 3.60576E+00 4.34517E+00-9.65084E+01
 -1       238-2.63352E+02-1.02253E+01-5.83591E+01 2.98543E+00-1.17339E+00-8.24215E+01
 -1       239-2.55976E+02 4.07553E+00-4.95551E+00 2.79427E+00-1.94175E+00-1.08796E+00
 -1       240-2.63189E+02 4.42590E+00-1.47042E+01-1.45958E-01 9.37545E-01-1.63682E+01
 -1       241-2.63253E+02 3.91075E+00-1.85399E+01 1.46868E+00-1.85926E+00-2.29634E+01
 -1       242-2.72500E+02 4.32446E+00-1.53603E+01 3.47973E+00 6.93974E-02-2.36649E+01
 -1       243-2.57650E+02 1.93097E+00-1.18291E+01 2.33097E+00-1.17175E+00-1.47238E+01
 -1       244-2.59187E+02 1.86273E+00-4.13868E+01 1.88938E+00-1.47708E+00-3.21945E+01
 -1       245-2.73984E+02 1.84691E+00-2.54789E+01 4.48810E+00-1.65793E+00-3.98047E+01
 -1       246-2.60431E+02 3.61747E+00-7.79455E+00 3.25487E+00-1.19594E+00-1.41564E+01
 -1       247-2.93131E+02-1.27810E+00-1.43598E+01 8.27145E+00-3.14267E+00-3.38917E+01
 -1       248-1.18937E+02-7.28532E-01-9.06655E+01 9.82333E+00-3.68894E+00-5.43573E+01
 -1       249-2.06331E+02-5.20187E+00-7.41721E+01 6.33762E+00-7.89966E+00-8.73540E+01
 -1       250-1.48076E+02-7.55401E+00-8.67102E+01 5.16366E+00-1.24644E+00-5.77141E+01
 -1       251-1.88971E+02-2.92231E+00-8.44338E+01 3.40583E+00-1.67416E+00-5.09029E+01
 -1       252-1.58929E+02-1.53074E+01-5.11004E+01 1.66501E+01-4.25704E+00-8.75983E+01
 -1       253-2.46065E+02-3.42711E+01-7.49042E+01 2.64718E+01-2.77420E+00-9.26067E+01
 -1       254-1.91897E+02-3.29715E+01-5.78335E+01 1.23533E+01-1.03045E+00-9.02127E+01
 -1       255-1.11240E+02-3.93723E+01-9.18546E+01 1.79445E+01-1.33260E+00-5.39696E+01
 -1       256-1.04387E+02-8.75817E+00-5.13067E+01 2.09933E+00 6.56721E-02-8.15487E+01
 -1       257-2.63288E+02 1.77450E+00-4.68709E+01 6.46466E+00-1.37084E+00-9.45265E+01
 -1       258-2.45932E+02 3.57755E+00-5.60751E+01 2.43264E+00-5.19998E-01-4.79601E+01
 -1       259-1.84594E+02-3.98460E+01-6.79344E+01-6.87143E+00-5.70913E-01-8.57939E+01
 -1       260-3.21390E+02-5.28004E+01-8.86881E+01 2.33591E+01-5.75954E+00-9.84492E+01
 -1       261-3.83429E+02-8.22408E+01-5.24741E+01 2.72510E+01 1.25238E+00-7.55210E+01
 -1       262-2.54481E+02 5.34906E+00-1.90166E+00-1.76988E+00 6.38044E-01-1.80751E+00
 -1       263-2.31436E+02 4.53167E-01-9.29841E+01 1.99519E+00-4.41259E-01-1.59083E+01
 -1       264-1.06859E+02-3.40574E+01-8.73329E+01-1.42898E+01-1.08746E+00-5.33505E+01
 -1       265-3.84496E+02-7.31633E+00-1.13226E+01-3.17909E+00 1.18912E+01-5.02978E+01
 -1       266-1.52314E+02-1.75126E+01-5.75341E+01-1.42339E+01 2.19351E+00-9.16045E+01
 -1       267-2.36889E+02-5.64921E-01-9.21939E+01-7.85895E-01 1.08322E+00-1.40238E+01
 -1       268-3.89398E+02-1.05604E+01-1.80504E+01 1.14408E+01-5.48480E+00-6.64409E+01
 -1       269-2.39785E+02 9.38797E-01-8.76078E+01-1.10130E-01-1.40101E+00-1.51134E+01
 -1       270-2.55769E+02 6.52460E+00-1.73234E+01-1.98543E+00 9.99794E-01-8.00002E+00
 -1       271-3.24695E+02-6.15775E+01-5.10777E+01 1.13720E+01 6.84158E+00-7.98878E+01
 -1       272-3.20511E+02-1.79141E+01-3.95166E+01 9.63021E+00-2.39538E+00-7.75291E+01
 -1       273-3.51117E+02-4.85227E+00-2.85300E+00 4.20736E+00 7.86751E+00-4.22601E+01
 -1       274-2.20337E+02 3.73620E+00-7.40924E+01 3.10151E+00 1.55101E+00-4.37177E+01
 -1       275-2.42930E+02 2.27750E+00-6.80736E+01 3.34196E-01-1.05460E+00-1.96287E+01
 -1       276-2.00205E+02-3.52034E+01-6.54758E+01-9.43539E+00 5.53098E+00-8.84156E+01
 -1       277-2.15095E+02-2.63732E+00-9.62138E+01-5.35854E-01 8.29562E-01-2.25609E+01
 -1       278-3.22032E+02-4.16160E+00-2.29596E+01 1.64690E+00-1.01069E+00-6.65123E+01
 -1       279-1.34203E+02-2.17007E+01-7.81693E+01-4.60690E+00-1.68384E+00-5.70442E+01
 -1       280-2.65286E+02-4.36454E+01-7.10036E+01 8.59092E+00-1.17555E+00-9.56718E+01
 -3
    1PSTEP                         3           1           1          
  100CL  101 2.50000E-01         280                     0    1           1
 -4  ERROR       1    1
 -5  STR(%)      1    1    0    0
 -1         1 1.38195E+01
 -1         2 2.91823E+01
 -1         3 1.35108E+01
 -1         4 2.98612E+01
 -1         5 2.70716E+00
 -1         6 4.15019E+00
 -1         7 2.43363E+00
 -1         8 4.02658E+00
 -1         9 1.00131E+01
 -1        10 1.19163E+01
 -1        11 1.95977E+01
 -1        12 1.50302E+01
 -1        13 1.44249E+01
 -1        14 1.42705E+01
 -1        15 1.03032E+01
 -1        16 1.19070E+01
 -1        17 2.00822E+01
 -1        18 2.98612E+01
 -1        19 2.95218E+01
 -1        20 2.98612E+01
 -1        21 2.72378E+00
 -1        22 2.71547E+00
 -1        23 3.43699E+00
 -1        24 3.22729E+00
 -1        25 2.96722E+00
 -1        26 2.83046E+00
 -1        27 1.74219E+00
 -1        28 2.08791E+00
 -1        29 2.88439E+00
 -1        30 2.48166E+00
 -1        31 3.31593E+00
 -1        32 3.25412E+00
 -1        33 1.38195E+01
 -1        34 1.38195E+01
 -1        35 8.26334E+00
 -1        36 9.11082E+00
 -1        37 1.91466E+01
 -1        38 6.63051E+00
 -1        39 1.35108E+01
 -1        40 1.35108E+01
 -1        41 7.97222E+00
 -1        42 1.01121E+01
 -1        43 1.99867E+01
 -1        44 7.06935E+00
 -1        45 1.50302E+01
 -1        46 2.91823E+01
 -1        47 1.09308E+01
 -1        48 2.98612E+01
 -1        49 1.50302E+01
 -1        50 2.91823E+01
 -1        51 1.95977E+01
 -1        52 1.25216E+01
 -1        53 2.21063E+01
 -1        54 1.04719E+01
 -1        55 1.23752E+01
 -1        56 1.29805E+01
 -1        57 1.29805E+01
 -1        58 1.50302E+01
 -1        59 1.50302E+01
 -1        60 1.42705E+01
 -1        61 1.50302E+01
 -1        62 2.95218E+01
 -1        63 2.24457E+01
 -1        64 2.00822E+01
 -1        65 2.98612E+01
 -1        66 2.24457E+01
 -1        67 1.26667E+01
 -1        68 2.98612E+01
 -1        69 1.26667E+01
 -1        70 5.02025E+00
 -1        71 1.78823E+00
 -1        72 3.51038E+00
 -1        73 1.54273E+00
 -1        74 2.39148E+00
 -1        75 2.99602E+00
 -1        76 3.76848E+00
 -1        77 2.62629E+00
 -1        78 3.75095E+00
 -1        79 4.26531E+00
 -1        80 3.38122E+00
 -1        81 2.38501E+00
 -1        82 1.98818E+00
 -1        83 1.64246E+00
 -1        84 3.28149E+00
 -1        85 4.12377E+00
 -1        86 2.80939E+00
 -1        87 2.54932E+00
 -1        88 2.55763E+00
 -1        89 3.70586E+00
 -1        90 3.87201E+00
 -1        91 2.13495E+00
 -1        92 2.96921E+00
 -1        93 3.40424E+00
 -1        94 2.25601E+00
 -1        95 1.04678E+01
 -1        96 4.15019E+00
 -1        97 2.70716E+00
 -1        98 1.38195E+01
 -1        99 1.07281E+01
 -1       100 1.38195E+01
 -1       101 1.19163E+01
 -1       102 1.02404E+01
 -1       103 1.21437E+01
 -1       104 1.05979E+01
 -1       105 1.03706E+01
 -1       106 1.99552E+01
 -1       107 7.30899E+00
 -1       108 6.63051E+00
 -1       109 9.78930E+00
 -1       110 6.59579E+00
 -1       111 3.43699E+00
 -1       112 4.15019E+00
 -1       113 6.58747E+00
 -1       114 2.71547E+00
 -1       115 1.21437E+01
 -1       116 8.26334E+00
 -1       117 2.70716E+00
 -1       118 1.38195E+01
 -1       119 9.91944E+00
 -1       120 9.19471E+00
 -1       121 2.62694E+00
 -1       122 1.35108E+01
 -1       123 5.02025E+00
 -1       124 1.20945E+01
 -1       125 7.56619E+00
 -1       126 7.10748E+00
 -1       127 9.65342E+00
 -1       128 4.52341E+00
 -1       129 1.11033E+01
 -1       130 1.06446E+01
 -1       131 2.09778E+01
 -1       132 8.06887E+00
 -1       133 1.13528E+01
 -1       134 5.91083E+00
 -1       135 2.53029E+00
 -1       136 2.18457E+00
 -1       137 5.46845E+00
 -1       138 1.19070E+01
 -1       139 9.74897E+00
 -1       140 1.13528E+01
 -1       141 1.35108E+01
 -1       142 1.35108E+01
 -1       143 3.38122E+00
 -1       144 1.11988E+01
 -1       145 1.09308E+01
 -1       146 1.50302E+01
 -1       147 3.20941E+00
 -1       148 3.22729E+00
 -1       149 1.38195E+01
 -1       150 1.44249E+01
 -1       151 1.38195E+01
 -1       152 1.29805E+01
 -1       153 1.50302E+01
 -1       154 1.29805E+01
 -1       155 1.23752E+01
 -1       156 1.42705E+01
 -1       157 1.38195E+01
 -1       158 1.42705E+01
 -1       159 1.22208E+01
 -1       160 8.36011E+00
 -1       161 7.07013E+00
 -1       162 2.82152E+00
 -1       163 3.21835E+00
 -1       164 7.07907E+00
 -1       165 3.22729E+00
 -1       166 7.07907E+00
 -1       167 8.52341E+00
 -1       168 1.23752E+01
 -1       169 2.96722E+00
 -1       170 1.40766E+01
 -1       171 4.02658E+00
 -1       172 4.51871E+00
 -1       173 2.98612E+01
 -1       174 2.91823E+01
 -1       175 1.99867E+01
 -1       176 2.98612E+01
 -1       177 2.19689E+01
 -1       178 1.20943E+01
 -1       179 7.06935E+00
 -1       180 4.02658E+00
 -1       181 9.05157E+00
 -1       182 6.81476E+00
 -1       183 9.29764E+00
 -1       184 1.15937E+01
 -1       185 4.33445E+00
 -1       186 3.50019E+00
 -1       187 8.27912E+00
 -1       188 2.98612E+01
 -1       189 2.19689E+01
 -1       190 1.91466E+01
 -1       191 2.16294E+01
 -1       192 2.91823E+01
 -1       193 2.95218E+01
 -1       194 3.25412E+00
 -1       195 1.40766E+01
 -1       196 1.04678E+01
 -1       197 1.23752E+01
 -1       198 1.06993E+01
 -1       199 1.21437E+01
 -1       200 1.04678E+01
 -1       201 1.06993E+01
 -1       202 6.77889E+00
 -1       203 2.91818E+00
 -1       204 6.54737E+00
 -1       205 6.83860E+00
 -1       206 1.06993E+01
 -1       207 3.82359E+00
 -1       208 2.08484E+00
 -1       209 8.79348E+00
 -1       210 3.76848E+00
 -1       211 4.76948E+00
 -1       212 3.15347E+00
 -1       213 1.24023E+01
 -1       214 1.99552E+01
 -1       215 1.23752E+01
 -1       216 1.09308E+01
 -1       217 5.02025E+00
 -1       218 4.26531E+00
 -1       219 7.10748E+00
 -1       220 9.83125E+00
 -1       221 7.74402E+00
 -1       222 9.54841E+00
 -1       223 7.49325E+00
 -1       224 1.22722E+01
 -1       225 1.22722E+01
 -1       226 1.24023E+01
 -1       227 1.22722E+01
 -1       228 1.40766E+01
 -1       229 1.29805E+01
 -1       230 1.27490E+01
 -1       231 9.54841E+00
 -1       232 9.54841E+00
 -1       233 1.16356E+01
 -1       234 1.27490E+01
 -1       235 1.00628E+01
 -1       236 1.25037E+01
 -1       237 1.45534E+01
 -1       238 1.22722E+01
 -1       239 2.80939E+00
 -1       240 6.84754E+00
 -1       241 6.42963E+00
 -1       242 6.84754E+00
 -1       243 2.54932E+00
 -1       244 6.59579E+00
 -1       245 6.58747E+00
 -1       246 2.96722E+00
 -1       247 1.21437E+01
 -1       248 2.09778E+01
 -1       249 1.30855E+01
 -1       250 2.19689E+01
 -1       251 1.20943E+01
 -1       252 2.09778E+01
 -1       253 1.21899E+01
 -1       254 2.19689E+01
 -1       255 2.98612E+01
 -1       256 2.19689E+01
 -1       257 1.37937E+01
 -1       258 7.30899E+00
 -1       259 2.16294E+01
 -1       260 1.42705E+01
 -1       261 1.50302E+01
 -1       262 2.37607E+00
 -1       263 4.33445E+00
 -1       264 2.91823E+01
 -1       265 1.38195E+01
 -1       266 1.99552E+01
 -1       267 4.52341E+00
 -1       268 1.42705E+01
 -1       269 2.96921E+00
 -1       270 4.11483E+00
 -1       271 1.50302E+01
 -1       272 1.45534E+01
 -1       273 1.23752E+01
 -1       274 7.49325E+00
 -1       275 4.58522E+00
 -1       276 1.28791E+01
 -1       277 9.54841E+00
 -1       278 1.21125E+01
 -1       279 2.16294E+01
 -1       280 1.42705E+01
 -3
    1PSTEP                         4           2           1          
  100CL  102 5.00000E-01         280                     0    2           1
 -4  DISP        4    1
 -5  D1          1    2    1    0
 -5  D2          1    2    2    0
 -5  D3          1    2    3    0
 -5  ALL         1    2    0    0    1ALL
 -1         1 0.00000E+00 0.00000E+00 0.00000E+00
 -1         2 0.00000E+00 0.00000E+00 0.00000E+00
 -1         3 0.00000E+00 0.00000E+00 0.00000E+00
 -1         4 0.00000E+00 0.00000E+00 0.00000E+00
 -1         5-3.40567E-02-3.80263E-03-3.23278E-02
 -1         6-1.21445E-02-5.48134E-03-2.98982E-02
 -1         7-3.41713E-02 3.89436E-03-3.23562E-02
 -1         8-1.21656E-02 5.54344E-03-2.98482E-02
 -1         9 0.00000E+00 0.00000E+00 0.00000E+00
 -1        10 0.00000E+00 0.00000E+00 0.00000E+00
 -1        11 0.00000E+00 0.00000E+00 0.00000E+00
 -1        12 0.00000E+00 0.00000E+00 0.00000E+00
 -1        13 0.00000E+00 0.00000E+00 0.00000E+00
 -1        14 0.00000E+00 0.00000E+00 0.00000E+00
 -1        15 0.00000E+00 0.00000E+00 0.00000E+00
 -1        16 0.00000E+00 0.00000E+00 0.00000E+00
 -1        17 0.00000E+00 0.00000E+00 0.00000E+00
 -1        18 0.00000E+00 0.00000E+00 0.00000E+00
 -1        19 0.00000E+00 0.00000E+00 0.00000E+00
 -1        20 0.00000E+00 0.00000E+00 0.00000E+00
 -1        21-2.30943E-02-4.59821E-03-2.92159E-02
 -1        22-2.81459E-02-4.10385E-03-3.04199E-02
 -1        23-1.80554E-02-5.14503E-03-2.91964E-02
 -1        24-3.42662E-02 8.25988E-05-3.21291E-02
 -1        25-3.42770E-02-1.97281E-03-3.21465E-02
 -1        26-3.43350E-02 2.06549E-03-3.21551E-02
 -1        27-2.30932E-02 4.71722E-03-2.91774E-02
 -1        28-2.81995E-02 4.21324E-03-3.04497E-02
 -1        29-1.80646E-02 5.24596E-03-2.91545E-02
 -1        30-1.13700E-02 5.66064E-05-2.95999E-02
 -1        31-1.15901E-02-2.77040E-03-2.96854E-02
 -1        32-1.16494E-02 2.84264E-03-2.96326E-02
 -1        33-2.10094E-02-4.67446E-03-1.81288E-02
 -1        34-1.29728E-02-4.78039E-03-9.93747E-03
 -1        35-2.78432E-02-4.16040E-03-2.57705E-02
 -1        36-2.13369E-03-4.03961E-03-1.57911E-02
 -1        37 4.24853E-04-2.36755E-03-7.87210E-03
 -1        38-6.62523E-03-4.95981E-03-2.33225E-02
 -1        39-2.12164E-02 4.68575E-03-1.80435E-02
 -1        40-1.30140E-02 4.77303E-03-9.90914E-03
 -1        41-2.79664E-02 4.22329E-03-2.57550E-02
 -1        42-2.13479E-03 4.20023E-03-1.59632E-02
 -1        43 4.34531E-04 2.42203E-03-7.79728E-03
 -1        44-6.65732E-03 5.02544E-03-2.33364E-02
 -1        45 0.00000E+00 0.00000E+00 0.00000E+00
 -1        46 0.00000E+00 0.00000E+00 0.00000E+00
 -1        47 0.00000E+00 0.00000E+00 0.00000E+00
 -1        48 0.00000E+00 0.00000E+00 0.00000E+00
 -1        49 0.00000E+00 0.00000E+00 0.00000E+00
 -1        50 0.00000E+00 0.00000E+00 0.00000E+00
 -1        51 0.00000E+00 0.00000E+00 0.00000E+00
 -1        52 0.00000E+00 0.00000E+00 0.00000E+00
 -1        53 0.00000E+00 0.00000E+00 0.00000E+00
 -1        54 0.00000E+00 0.00000E+00 0.00000E+00
 -1        55 0.00000E+00 0.00000E+00 0.00000E+00
 -1        56 0.00000E+00 0.00000E+00 0.00000E+00
 -1        57 0.00000E+00 0.00000E+00 0.00000E+00
 -1        58 0.00000E+00 0.00000E+00 0.00000E+00
 -1        59 0.00000E+00 0.00000E+00 0.00000E+00
 -1        60 0.00000E+00 0.00000E+00 0.00000E+00
 -1        61 0.00000E+00 0.00000E+00 0.00000E+00
 -1        62 0.00000E+00 0.00000E+00 0.00000E+00
 -1        63 0.00000E+00 0.00000E+00 0.00000E+00
 -1        64 0.00000E+00 0.00000E+00 0.00000E+00
 -1        65 0.00000E+00 0.00000E+00 0.00000E+00
 -1        66 0.00000E+00 0.00000E+00 0.00000E+00
 -1        67 0.00000E+00 0.00000E+00 0.00000E+00
 -1        68 0.00000E+00 0.00000E+00 0.00000E+00
 -1        69 0.00000E+00 0.00000E+00 0.00000E+00
 -1        70-2.29522E-02-1.35190E-05-2.90996E-02
 -1        71-1.77408E-02-2.57732E-03-2.90282E-02
 -1        72-1.77154E-02 2.67157E-03-2.90328E-02
 -1        73-2.82157E-02 2.20567E-03-3.02793E-02
 -1        74-2.82137E-02-2.12031E-03-3.02435E-02
 -1        75-1.45861E-02 1.41313E-03-2.92667E-02
 -1        76-1.49990E-02 4.08551E-03-2.93712E-02
 -1        77-2.05263E-02 3.77818E-03-2.89186E-02
 -1        78-1.75498E-02 1.11046E-05-2.90624E-02
 -1        79-2.03573E-02 1.29654E-03-2.89443E-02
 -1        80-2.29819E-02 2.40588E-03-2.90525E-02
 -1        81-3.11947E-02 1.11040E-03-3.11826E-02
 -1        82-3.11596E-02 3.09349E-03-3.12675E-02
 -1        83-2.55291E-02 3.40295E-03-2.95680E-02
 -1        84-2.54588E-02 1.16718E-03-2.95320E-02
 -1        85-2.81721E-02 1.48657E-05-3.03163E-02
 -1        86-3.11289E-02-1.00620E-03-3.11727E-02
 -1        87-3.10970E-02-2.99582E-03-3.12396E-02
 -1        88-2.55575E-02-3.30292E-03-2.95508E-02
 -1        89-2.55267E-02-1.11988E-03-2.95317E-02
 -1        90-2.30107E-02-2.35812E-03-2.90621E-02
 -1        91-1.45821E-02-1.32677E-03-2.92963E-02
 -1        92-1.49830E-02-4.01292E-03-2.94026E-02
 -1        93-2.04013E-02-1.23500E-03-2.89112E-02
 -1        94-2.05567E-02-3.65998E-03-2.89331E-02
 -1        95-1.16461E-02-4.51265E-03-1.49230E-02
 -1        96-1.26708E-02-4.74874E-03-2.27567E-02
 -1        97-2.17844E-02-4.36931E-03-2.40325E-02
 -1        98-7.94413E-03-3.93909E-03-7.53217E-03
 -1        99-4.03867E-03-2.84511E-03-6.58486E-03
 -1       100-4.81189E-03-3.17908E-03-3.71013E-03
 -1       101-3.45144E-03-2.62597E-03-3.05899E-03
 -1       102-5.62410E-03-3.34449E-03-6.63751E-03
 -1       103-1.00318E-02-4.37166E-03-1.11568E-02
 -1       104-7.54614E-03-3.80454E-03-1.05455E-02
 -1       105-2.51238E-03-2.01334E-03-2.90083E-03
 -1       106-1.51191E-03-1.57981E-03-2.97022E-03
 -1       107-1.24516E-02-4.54307E-03-1.88925E-02
 -1       108-7.48867E-03-4.49722E-03-1.92631E-02
 -1       109-8.03225E-03-4.13684E-03-1.48896E-02
 -1       110-1.72918E-02-4.57214E-03-2.28850E-02
 -1       111-1.78300E-02-4.73173E-03-2.61117E-02
 -1       112-1.24988E-02-5.07654E-03-2.64324E-02
 -1       113-1.62864E-02-4.55363E-03-1.95272E-02
 -1       114-2.24589E-02-4.41062E-03-2.67494E-02
 -1       115-1.52021E-02-4.62259E-03-1.61235E-02
 -1       116-2.12792E-02-4.48510E-03-2.11248E-02
 -1       117-2.78113E-02-4.09869E-03-2.82792E-02
 -1       118-1.40473E-02-4.65974E-03-1.29921E-02
 -1       119-3.64124E-03-3.42842E-03-1.11855E-02
 -1       120-1.15152E-02 4.43585E-03-1.49928E-02
 -1       121-2.18702E-02 4.39338E-03-2.39852E-02
 -1       122-7.95263E-03 4.22139E-03-7.52246E-03
 -1       123-1.27042E-02 4.81118E-03-2.27497E-02
 -1       124-4.21612E-03 3.00531E-03-6.53146E-03
 -1       125-7.47739E-03 4.54613E-03-1.93311E-02
 -1       126-1.24401E-02 4.57596E-03-1.89108E-02
 -1       127-7.93175E-03 4.17721E-03-1.49419E-02
 -1       128-1.25154E-02 5.15446E-03-2.64010E-02
 -1       129-3.82801E-03 3.51155E-03-1.11767E-02
 -1       130-7.55168E-03 3.96215E-03-1.04866E-02
 -1       131-1.55243E-03 1.60063E-03-2.92187E-03
 -1       132-2.13537E-02 4.49015E-03-2.10764E-02
 -1       133-1.50999E-02 4.56747E-03-1.61384E-02
 -1       134-1.63387E-02 4.48955E-03-1.95375E-02
 -1       135-2.79119E-02 4.16558E-03-2.82774E-02
 -1       136-2.24807E-02 4.49087E-03-2.67265E-02
 -1       137-1.72488E-02 4.59458E-03-2.29205E-02
 -1       138-3.41855E-03 2.59515E-03-3.28871E-03
 -1       139-5.95632E-03 3.60886E-03-6.64598E-03
 -1       140-9.99016E-03 4.47105E-03-1.10627E-02
 -1       141-4.84038E-03 3.23201E-03-3.70639E-03
 -1       142-1.40550E-02 4.84890E-03-1.29628E-02
 -1       143-1.78564E-02 4.82753E-03-2.61012E-02
 -1       144-2.78834E-03 2.06479E-03-2.89624E-03
 -1       145-2.08839E-02 8.66880E-05-1.87142E-02
 -1       146-1.18225E-02 1.98133E-03-1.02927E-02
 -1       147-2.80205E-02 2.18601E-03-2.57453E-02
 -1       148-2.79862E-02-2.14804E-03-2.57290E-02
 -1       149-1.22829E-02-1.87533E-03-1.01591E-02
 -1       150-6.44775E-03-3.70193E-04-5.97095E-03
 -1       151-6.59183E-03-1.75800E-03-5.72289E-03
 -1       152-1.08762E-02-8.97971E-05-1.00240E-02
 -1       153-6.00550E-03 6.81982E-04-5.84943E-03
 -1       154-1.64951E-02 1.21800E-03-1.45590E-02
 -1       155-1.67601E-02-1.16431E-03-1.45011E-02
 -1       156-6.49616E-03 1.74594E-03-5.70338E-03
 -1       157-1.71354E-02-3.79498E-03-1.42585E-02
 -1       158-1.70567E-02 3.79519E-03-1.42684E-02
 -1       159-2.10687E-02 2.48427E-03-1.83488E-02
 -1       160-2.47490E-02 3.42038E-03-2.20983E-02
 -1       161-2.45904E-02 1.17820E-03-2.22598E-02
 -1       162-3.11798E-02 3.09184E-03-2.90855E-02
 -1       163-3.11738E-02 1.09795E-03-2.90209E-02
 -1       164-2.79534E-02 4.31531E-05-2.57030E-02
 -1       165-3.11467E-02-9.95408E-04-2.90345E-02
 -1       166-2.45735E-02-1.10520E-03-2.21942E-02
 -1       167-2.46312E-02-3.37364E-03-2.21087E-02
 -1       168-2.09001E-02-2.41775E-03-1.84988E-02
 -1       169-3.11004E-02-3.02145E-03-2.90759E-02
 -1       170-1.20310E-03 7.94427E-08-1.59329E-02
 -1       171-6.11835E-03 2.48414E-03-2.32196E-02
 -1       172-6.03184E-03-2.45195E-03-2.32326E-02
 -1       173 1.50917E-03 1.12930E-03-7.99912E-03
 -1       174 1.48481E-03-1.17863E-03-7.85814E-03
 -1       175 6.75702E-05 2.54223E-03-1.19127E-02
 -1       176 1.23763E-03 8.56817E-04-4.04187E-03
 -1       177 5.16808E-04 8.29817E-04-1.18568E-02
 -1       178-1.34786E-03 2.11059E-03-1.58397E-02
 -1       179-3.82095E-03 3.47527E-03-1.96774E-02
 -1       180-9.09320E-03 3.97418E-03-2.65860E-02
 -1       181-3.46194E-03 1.15649E-03-1.96869E-02
 -1       182-3.78665E-03-3.40152E-03-1.96164E-02
 -1       183-3.43581E-03-1.13753E-03-1.96455E-02
 -1       184-1.40797E-03-1.98288E-03-1.58556E-02
 -1       185-9.05146E-03-3.91687E-03-2.66158E-02
 -1       186-8.62557E-03-1.26795E-03-2.64693E-02
 -1       187-5.98245E-03 4.88792E-05-2.31699E-02
 -1       188 1.35853E-03 3.00694E-04-4.08722E-03
 -1       189 9.58736E-04 1.15904E-04-7.80633E-03
 -1       190 5.73979E-05-2.48160E-03-1.17908E-02
 -1       191 5.51577E-04-8.40267E-04-1.17828E-02
 -1       192 1.22258E-03-8.26127E-04-4.10858E-03
 -1       193 1.40942E-03-2.83303E-04-4.22231E-03
 -1       194-8.68466E-03 1.34879E-03-2.64617E-02
 -1       195-6.72447E-03 9.13894E-04-1.07033E-02
 -1       196-1.58469E-02-1.06440E-03-1.96147E-02
 -1       197-3.50569E-03-1.75376E-03-3.60020E-03
 -1       198-6.14042E-03-2.56200E-03-7.13250E-03
 -1       199-1.19822E-02-2.83945E-03-1.37178E-02
 -1       200-1.35247E-02-2.88355E-03-1.73021E-02
 -1       201-8.22196E-03-1.40477E-03-9.56335E-03
 -1       202-2.13504E-02 2.28669E-03-2.11726E-02
 -1       203-2.47621E-02 3.27972E-03-2.48111E-02
 -1       204-1.88285E-02 1.75622E-03-2.17710E-02
 -1       205-2.15270E-02 6.21781E-04-2.25800E-02
 -1       206-1.79386E-02-5.12741E-04-1.89113E-02
 -1       207-2.24114E-02 2.27285E-03-2.66160E-02
 -1       208-2.50715E-02 3.27722E-03-2.73310E-02
 -1       209-9.19717E-03 1.25433E-03-2.28553E-02
 -1       210-1.20192E-02 2.61643E-03-2.61985E-02
 -1       211-1.47873E-02-1.22152E-03-2.59849E-02
 -1       212-1.19728E-02-2.54729E-03-2.62381E-02
 -1       213-2.86850E-03-1.60288E-03-1.11889E-02
 -1       214-1.77434E-03-1.84375E-03-7.17365E-03
 -1       215-4.20185E-03-1.14431E-03-4.37269E-03
 -1       216-8.71151E-03-8.60388E-04-8.79737E-03
 -1       217-1.75446E-02 2.48309E-03-2.59481E-02
 -1       218-1.51206E-02 3.79374E-03-2.60534E-02
 -1       219-1.69815E-02 2.35733E-03-2.27780E-02
 -1       220-1.33362E-02 1.73031E-03-1.72695E-02
 -1       221-1.95419E-02-5.35673E-04-2.47188E-02
 -1       222-1.19786E-02 6.73887E-05-2.26158E-02
 -1       223-1.21135E-02-1.69582E-03-2.07807E-02
 -1       224-9.33227E-03-5.37965E-04-1.69162E-02
 -1       225-7.18501E-03-2.02390E-03-1.49443E-02
 -1       226-4.73549E-03-1.16978E-03-8.71030E-03
 -1       227-8.65612E-03-1.47708E-03-1.28445E-02
 -1       228-4.83540E-03 4.61221E-04-1.30340E-02
 -1       229-6.99199E-03-5.68202E-05-7.86596E-03
 -1       230-6.93819E-03-5.32446E-04-9.11795E-03
 -1       231-9.70832E-03 2.74445E-03-1.69490E-02
 -1       232-1.42476E-02 6.51900E-04-2.07968E-02
 -1       233-8.95761E-03 2.64350E-03-1.28432E-02
 -1       234-5.11928E-03-1.49113E-03-6.97254E-03
 -1       235-1.49672E-02 2.32814E-03-1.62945E-02
 -1       236-1.17592E-02 6.11426E-04-1.37746E-02
 -1       237-3.40806E-03 2.71036E-04-4.95680E-03
 -1       238-1.07951E-02 5.65057E-05-1.50401E-02
 -1       239-2.79637E-02-2.08991E-03-2.81289E-02
 -1       240-2.48333E-02-4.98914E-04-2.60817E-02
 -1       241-2.20868E-02-1.64000E-03-2.53183E-02
 -1       242-2.14914E-02-1.65800E-03-2.26173E-02
 -1       243-2.50592E-02-3.19378E-03-2.73221E-02
 -1       244-1.97410E-02-2.82648E-03-2.47336E-02
 -1       245-1.88957E-02-2.81991E-03-2.17704E-02
 -1       246-2.46883E-02-3.23372E-03-2.48083E-02
 -1       247-1.79986E-02-2.90379E-03-1.87003E-02
 -1       248-1.75691E-03 1.89346E-03-7.14309E-03
 -1       249-5.04572E-03 2.10269E-03-8.62628E-03
 -1       250-3.16591E-03 1.11206E-03-8.93468E-03
 -1       251-5.19213E-03 2.41657E-03-1.31071E-02
 -1       252-1.58209E-03 1.08856E-03-3.04102E-03
 -1       253-3.36959E-03 1.42036E-03-4.83244E-03
 -1       254-2.68409E-03 7.56720E-04-4.76442E-03
 -1       255-6.99418E-04 6.31084E-04-3.13036E-03
 -1       256-1.76171E-03 1.72887E-04-4.80632E-03
 -1       257-7.15814E-03 2.45064E-03-8.94449E-03
 -1       258-1.45743E-02-2.85512E-03-2.08848E-02
 -1       259-2.56875E-03-2.11812E-04-4.92239E-03
 -1       260-3.46620E-03 1.70553E-03-3.63783E-03
 -1       261-4.28526E-03 1.26087E-03-4.20917E-03
 -1       262-2.80248E-02 2.14748E-03-2.81261E-02
 -1       263-9.60209E-03-3.62407E-03-2.29228E-02
 -1       264-6.27265E-04-5.47976E-04-3.35813E-03
 -1       265-9.35781E-03-3.08722E-03-8.78820E-03
 -1       266-1.63113E-03-1.09847E-03-3.01728E-03
 -1       267-9.59952E-03 3.67795E-03-2.29311E-02
 -1       268-9.32669E-03 3.18349E-03-8.72330E-03
 -1       269-1.51435E-02-3.70134E-03-2.60748E-02
 -1       270-2.50394E-02 1.13972E-03-2.72747E-02
 -1       271-3.25315E-03 3.94290E-04-3.72677E-03
 -1       272-8.25275E-03 1.47723E-03-9.56406E-03
 -1       273-1.34021E-02-2.37335E-03-1.31229E-02
 -1       274-9.91063E-03-3.39006E-03-1.89717E-02
 -1       275-1.76200E-02-2.38736E-03-2.59645E-02
 -1       276-1.94668E-03-7.96669E-04-3.12781E-03
 -1       277-6.91321E-03 2.29701E-03-1.92833E-02
 -1       278-1.13749E-02 3.41814E-03-1.19663E-02
 -1       279-1.39983E-03-6.02235E-04-7.12933E-03
 -1       280-2.68276E-03 9.50692E-04-3.26100E-03
 -3
    1PSTEP                         5           2           1          
  100CL  102 5.00000E-01         280                     0    2           1
 -4  STRESS      6    1
 -5  SXX         1    4    1    1
 -5  SYY         1    4    2    2
 -5  SZZ         1    4    3    3
 -5  SXY         1    4    1    2
 -5  SYZ         1    4    2    3
 -5  SZX         1    4    3    1
 -1         1-1.31014E+03-4.39549E+02-4.02177E+02-2.13393E+02-6.03017E+01-2.67172E+02
 -1         2 7.52656E+01 3.26692E+01-5.02689E+01-5.32075E+01-6.84129E+00-1.69600E+02
 -1         3-1.31617E+03-4.39062E+02-4.06162E+02 2.11327E+02 5.79432E+01-2.65645E+02
 -1         4 7.73232E+01 2.91702E+01-4.62112E+01 5.43424E+01 6.25747E+00-1.61351E+02
 -1         5-4.84401E+02-6.64017E-01 1.51340E+01-2.28898E-01 5.06590E-01 1.69435E+01
 -1         6-5.15252E+02-1.57855E+00-2.19276E+02 8.53132E-01-2.30372E+00 1.73600E+01
 -1         7-4.84388E+02-3.73338E-01 1.43935E+01-2.99755E-01-7.35687E-01 1.64422E+01
 -1         8-5.16191E+02-1.17648E+00-2.17852E+02 1.24831E-01 9.30287E-01 1.73117E+01
 -1         9-5.96052E+02-2.26219E+02-2.51080E+02-1.51961E+02 1.95579E+00-1.64503E+02
 -1        10-9.17537E+02-3.94867E+02-3.95078E+02-2.33416E+02 1.18235E+00-1.82525E+02
 -1        11-4.29804E+02-1.84463E+02-1.84184E+02-1.32863E+02 5.63971E-01-1.57796E+02
 -1        12-1.25170E+03-5.22695E+02-4.92082E+02 1.28095E+01-5.98724E-02-3.52644E+02
 -1        13-1.47046E+03-6.36525E+02-6.33010E+02-7.18511E+01 7.60600E-01-3.99972E+02
 -1        14-1.40520E+03-6.08028E+02-6.04778E+02 8.68439E+01-8.63241E-01-3.87650E+02
 -1        15-5.77338E+02-1.94679E+02-2.22588E+02 1.27947E+02-5.93610E+00-1.77945E+02
 -1        16-9.15616E+02-3.94110E+02-3.94104E+02 2.26170E+02-1.19554E+00-1.96600E+02
 -1        17-4.78607E+02-2.05542E+02-2.05260E+02 1.32324E+02-5.56584E-01-1.56082E+02
 -1        18 1.85719E+02 5.64499E+01 7.34992E+00 2.55170E+00 4.27063E+00-1.89105E+02
 -1        19 4.08895E+02 1.75114E+02 1.76771E+02-3.21684E+01 2.21162E-01-2.71951E+02
 -1        20 3.98323E+02 1.70622E+02 1.72037E+02 3.66723E+01-2.41031E-01-2.55075E+02
 -1        21-4.94488E+02-1.91875E+00-9.95246E+01-2.12684E+00-5.03077E+00-2.27887E+01
 -1        22-4.93480E+02-1.27518E+00-2.40318E+01 3.49581E-01-3.82026E+00-2.71651E+00
 -1        23-5.12696E+02-3.97549E+00-1.82468E+02-2.13980E+00-4.11230E+00-4.02004E+00
 -1        24-4.84250E+02 2.31849E+01 1.41427E+01-3.88105E-01-7.77278E-01 2.08623E+01
 -1        25-4.85174E+02 1.34872E+01 1.37898E+01-7.72450E-01 6.49043E-01 1.43308E+01
 -1        26-4.86685E+02 9.38718E+00 1.14614E+01-8.04318E-01-9.48326E-01 1.01323E+01
 -1        27-4.99126E+02 1.24386E+00-9.69100E+01-8.71113E-01 6.95751E+00-2.13986E+01
 -1        28-4.91812E+02 1.57491E+00-1.99807E+01-1.69784E+00 4.23371E+00-2.67691E+00
 -1        29-5.09611E+02-2.04500E+00-1.80511E+02 1.38868E+00 4.21399E+00-2.79343E+00
 -1        30-5.09998E+02 9.92337E+00-2.09629E+02-2.04162E+00 1.74066E+00 1.10674E+01
 -1        31-5.07992E+02 5.61948E+00-2.10770E+02 1.61338E+00-2.84093E-02 8.60871E+00
 -1        32-5.10487E+02 2.39185E+00-2.12171E+02-2.30314E+00 1.06218E+00 8.76873E+00
 -1        33-5.52935E+02 2.37053E+01 2.90122E+01 3.41084E+01 2.31045E+00-1.43761E+01
 -1        34-8.55868E+02-5.34055E+01-2.78255E+01-3.15499E+01-2.13471E+01-7.12966E+01
 -1        35-5.17397E+02-1.19249E+00 4.16250E+00 5.39992E+00-3.43159E+00-7.73755E+00
 -1        36-3.65447E+02-5.93209E+00-2.11382E+02-3.87331E+00 2.73191E+00-1.77349E+01
 -1        37-1.40570E+02 5.54466E+00-1.92380E+02-2.23270E+01 3.75550E+00-5.67053E+01
 -1        38-4.59999E+02-4.84452E-01-2.06282E+02 7.88013E-01-6.45679E-01-3.89942E+00
 -1        39-5.50115E+02 2.55113E+01 2.34767E+01-3.63131E+01-2.89896E+00-4.02221E+00
 -1        40-8.63251E+02-4.71018E+01-3.16438E+01 2.94692E+01 2.62226E+01-6.62436E+01
 -1        41-5.13589E+02-1.37785E+00 4.77520E+00-5.62225E+00 2.93880E+00-5.10703E+00
 -1        42-3.52423E+02-3.80513E+00-2.12014E+02 1.92958E+00 2.16223E+00-2.04543E+01
 -1        43-1.42387E+02 1.09903E+00-1.94019E+02 2.45728E+01 1.60052E+00-5.02702E+01
 -1        44-4.60918E+02 4.40797E-03-2.07115E+02-2.59334E+00 1.81964E+00-3.50564E+00
 -1        45-4.23753E+02-1.71175E+02-1.76188E+02-8.04217E-01 9.69935E+00-1.95674E+02
 -1        46-2.66742E+02-1.08566E+02-1.09934E+02-3.36783E+01-2.12432E+00-1.93600E+02
 -1        47-6.63416E+02-2.39932E+02-2.59113E+02-8.38816E+01-1.16130E+01-2.43636E+02
 -1        48-3.06512E+02-1.26255E+02-1.09364E+02 4.73327E+01-1.14112E+00-1.74864E+02
 -1        49-6.09542E+02-2.71079E+02-2.70383E+02 8.34397E+01-5.33453E+00-2.10328E+02
 -1        50-1.41574E+02-5.42875E+01-8.04040E+01-5.26744E+01-3.53121E+00-1.81412E+02
 -1        51-4.55472E+02-1.95655E+02-1.95224E+02-1.03326E+02 4.40348E-01-1.60624E+02
 -1        52-5.15544E+02-2.15758E+02-2.01144E+02-8.08278E+01-1.62044E+00-1.80629E+02
 -1        53-3.54695E+02-1.46892E+02-1.55197E+02-2.44641E+01 6.21180E-01-1.82403E+02
 -1        54-6.27553E+02-2.40209E+02-2.74288E+02-1.23126E+02 7.25665E+00-1.86897E+02
 -1        55-9.23381E+02-3.55882E+02-3.44981E+02-1.52818E+02-2.43979E+01-2.57076E+02
 -1        56-5.79502E+02-2.26716E+02-2.28200E+02-3.68400E+01-1.13344E+01-2.16254E+02
 -1        57-9.54109E+02-3.97801E+02-3.77183E+02-3.32510E+01 1.28190E+01-2.99876E+02
 -1        58-7.62752E+02-3.18436E+02-3.24096E+02 5.35908E+00-3.37635E+00-2.63147E+02
 -1        59-9.36262E+02-4.04027E+02-4.01883E+02 5.79821E+01-4.23713E-01-2.98630E+02
 -1        60-9.52353E+02-3.76528E+02-3.67789E+02 1.52604E+02 1.95365E+01-2.48187E+02
 -1        61-4.15406E+02-1.84964E+02-1.88847E+02 3.14478E+01-4.97772E+00-1.87069E+02
 -1        62-3.83863E+01-2.71793E+01-4.22983E+01-2.40252E+01 1.02234E+01-2.00352E+02
 -1        63-2.58403E+02-1.11025E+02-1.10159E+02-5.32336E-01 1.75320E-03-1.80371E+02
 -1        64-4.19350E+02-1.60791E+02-1.68669E+02 7.87997E+01 7.79137E+00-1.74412E+02
 -1        65-1.36232E+02-5.48528E+01-6.92995E+01 5.65285E+01 1.89123E+00-1.71987E+02
 -1        66-3.90434E+02-1.67829E+02-1.66985E+02 2.33181E+01-1.08918E-01-1.78354E+02
 -1        67-4.78647E+02-2.07998E+02-2.12509E+02 6.59310E+01-9.72297E+00-1.78936E+02
 -1        68-9.83032E+01-4.46381E+01-5.50757E+01 2.85547E+01-4.45306E+00-1.76796E+02
 -1        69-6.23153E+02-2.67916E+02-2.67274E+02 1.33766E+02-6.65056E-01-1.93224E+02
 -1        70-5.10224E+02 1.22287E+01-9.66013E+01 8.10374E-01 1.99108E+00-1.89220E+01
 -1        71-5.00220E+02-1.35445E+00-1.90558E+02 2.57384E+00-4.92828E+00 9.34273E-01
 -1        72-5.05200E+02 2.40237E+00-1.83827E+02-4.23471E+00 3.83407E+00-6.76959E+00
 -1        73-5.01444E+02 1.42591E+01-6.83624E+00-8.24455E-01 2.82912E+00 1.82124E+00
 -1        74-4.99646E+02 1.02436E+01-8.63019E+00 2.01988E+00-5.94469E+00-5.86331E-02
 -1        75-5.05544E+02 6.86111E+00-1.95885E+02-5.04448E+00 2.89033E+00 9.35532E-01
 -1        76-5.03184E+02-3.16831E-01-2.02685E+02-1.94027E+00 1.63192E+00 4.99373E+00
 -1        77-5.04921E+02-1.76230E+00-1.52631E+02-9.47305E-02 7.76949E+00-9.71552E+00
 -1        78-5.09620E+02 8.36541E+00-1.70513E+02 1.19846E+00 9.99052E-01-6.46397E+00
 -1        79-5.12775E+02 5.86270E+00-1.49233E+02-1.67144E+00 4.73323E+00-1.26607E+01
 -1        80-5.05241E+02 7.90858E+00-9.79153E+01-1.60551E-01 8.19333E+00-1.48445E+01
 -1        81-4.99702E+02 1.75786E+01 7.20538E+00-9.29461E-01 5.37037E-02 5.47405E+00
 -1        82-4.96771E+02 5.14070E+00 4.05358E+00-3.69896E-01 1.46980E+00 7.86633E+00
 -1        83-4.97639E+02 9.17736E+00-4.24478E+01-2.39525E+00 5.07654E+00-7.81493E+00
 -1        84-4.99300E+02 1.92787E+01-4.43053E+01 1.84165E+00 4.14308E+00-7.71183E+00
 -1        85-4.95395E+02 2.15996E+01-2.10536E+01 1.01636E+00 5.79222E-01-1.70146E+00
 -1        86-4.95889E+02 1.84757E+01 4.82041E+00 1.31315E+00-4.90013E+00 1.11317E+01
 -1        87-4.96822E+02 3.72637E+00 6.03326E+00 1.14365E+00-1.61150E+00 6.31149E+00
 -1        88-4.89558E+02 7.17821E+00-4.61207E+01 3.89713E-01-5.15933E+00-1.10561E+01
 -1        89-4.97192E+02 1.51901E+01-4.22303E+01 1.35200E+00-7.68693E+00-9.09179E+00
 -1        90-4.99999E+02 2.02106E+00-1.03290E+02 8.94304E-01-5.66958E+00-1.50125E+01
 -1        91-4.99863E+02 8.47787E+00-1.98939E+02 1.54968E+00-7.26591E-01 3.13438E+00
 -1        92-5.03799E+02-2.94103E+00-2.07410E+02 2.20390E+00-2.77771E+00 7.43869E+00
 -1        93-5.01271E+02 1.26651E+00-1.50478E+02 2.13423E+00-5.37444E+00-6.36596E+00
 -1        94-5.07011E+02-4.99781E+00-1.55369E+02-4.32220E-01-6.07828E+00-9.51638E+00
 -1        95-4.80535E+02 3.17867E+01-7.99395E+01 1.20190E+01 5.19529E+00-1.77964E+02
 -1        96-4.53223E+02 4.68689E+00-1.59446E+02 1.68517E+00-6.11907E-01-6.33781E+01
 -1        97-5.31218E+02-1.59341E-01-3.54751E+01 5.66975E+00-1.97803E+00-5.95208E+01
 -1        98-6.39236E+02 3.42615E+01-3.72662E+01 1.00732E+01 2.01086E+01-1.76930E+02
 -1        99-3.39781E+02 1.55091E+01-1.32304E+02-1.75907E+01 1.05079E+01-1.70844E+02
 -1       100-9.16767E+02-1.30288E+02-1.72148E+02-9.38293E+01-2.85580E+01-2.07188E+02
 -1       101-5.54160E+02 3.57900E-01-1.29512E+02-5.36094E+01 6.54420E+00-1.71303E+02
 -1       102-5.06117E+02-1.93145E+01-1.23896E+02-4.92628E+01 8.79531E-01-1.82177E+02
 -1       103-5.46399E+02 4.70371E+01-3.83756E+01 1.25145E+01 4.59851E+00-1.69756E+02
 -1       104-4.33233E+02 1.28705E+01-1.25878E+02-2.48580E+00 6.36053E+00-1.75797E+02
 -1       105-4.78243E+02-9.17213E+01-1.66333E+02-7.86596E+01 5.18035E+00-1.72346E+02
 -1       106-1.71314E+02 1.99631E+01-1.16824E+02-3.12759E+01-3.34848E+00-1.60648E+02
 -1       107-4.38882E+02 4.62487E+00-1.20547E+02 1.06457E+01 6.45278E-01-1.18789E+02
 -1       108-4.10267E+02-2.36232E-01-1.83359E+02 1.25118E+00 3.63751E+00-5.02158E+01
 -1       109-3.92802E+02 3.74752E+00-1.50602E+02 6.49744E+00 6.83202E+00-1.09174E+02
 -1       110-4.83408E+02 3.42450E-01-9.38696E+01 6.06901E+00-1.12746E+00-9.86897E+01
 -1       111-4.77331E+02-3.82566E-01-1.34852E+02 1.82777E-02-2.79884E+00-4.30482E+01
 -1       112-4.82547E+02 3.85231E+00-1.87796E+02-9.83138E-01-1.58553E+00-2.06682E+01
 -1       113-5.10925E+02-1.69370E+00-6.26393E+01 9.53683E+00-8.64164E-01-1.22473E+02
 -1       114-5.12603E+02-4.34868E-01-6.08350E+01 4.34962E-01-2.85460E+00-4.36109E+01
 -1       115-5.30663E+02 8.95624E-01-3.01730E+01 1.60557E+01-3.56336E+00-1.08638E+02
 -1       116-5.52225E+02 3.72900E-01-1.35995E+01 8.74378E+00-3.47014E+00-5.04777E+01
 -1       117-5.09745E+02-3.49364E-01-1.18118E+01 3.60392E+00-7.22522E-01-1.85489E+01
 -1       118-5.93988E+02 1.59355E+01 4.76468E+00 3.06225E+01 1.74369E+01-8.68094E+01
 -1       119-3.27209E+02-2.59174E+00-1.83106E+02-1.57816E+01 8.05633E+00-8.64043E+01
 -1       120-4.76358E+02 8.94584E+00-8.90931E+01-1.78943E+01-4.06295E+00-1.79299E+02
 -1       121-5.29747E+02-2.96692E+00-3.44667E+01-5.92866E+00 2.87233E+00-5.84801E+01
 -1       122-6.36803E+02 3.68206E+01-6.09003E+01 1.25440E+01-1.44236E+01-1.75919E+02
 -1       123-4.55722E+02 4.96974E+00-1.62884E+02-3.04776E+00-2.41897E-01-5.99733E+01
 -1       124-3.40204E+02 2.62273E+01-1.30501E+02 7.36068E+00-1.28542E+01-1.68359E+02
 -1       125-4.11075E+02-6.93474E-01-1.87127E+02-2.25959E+00 1.07169E+00-4.48598E+01
 -1       126-4.55451E+02 7.63294E+00-1.22780E+02-8.21796E+00-3.31488E+00-1.15664E+02
 -1       127-3.85024E+02 6.94919E+00-1.51320E+02-4.02480E+00 2.73459E+00-1.15367E+02
 -1       128-4.83365E+02 2.53325E+00-1.88574E+02 5.58183E-01 6.08237E-01-1.88581E+01
 -1       129-3.13006E+02 3.66649E+00-1.79475E+02 6.38560E+00-4.51615E+00-9.12694E+01
 -1       130-4.03827E+02 4.72874E+00-1.24065E+02-1.39082E+01-1.30975E+01-1.78823E+02
 -1       131-1.74309E+02 2.07266E+01-1.10191E+02 2.56340E+01 1.74309E+00-1.52731E+02
 -1       132-5.60005E+02-7.63572E+00-2.06339E+01-7.71158E+00 4.28289E+00-4.57637E+01
 -1       133-5.31952E+02-1.30237E+00-3.74077E+01-1.82681E+01 8.14542E-02-1.05743E+02
 -1       134-5.22578E+02-8.37509E+00-7.11902E+01-7.30558E+00-1.63127E+00-1.16108E+02
 -1       135-5.09113E+02-2.49626E+00-1.08729E+01-3.07050E+00 1.33603E+00-1.90713E+01
 -1       136-5.14039E+02-1.11851E+00-6.17878E+01-4.62571E+00 4.11912E+00-4.07191E+01
 -1       137-4.89993E+02-1.77160E+00-9.65512E+01-5.13821E+00-4.51334E-01-9.60058E+01
 -1       138-6.01870E+02-7.77640E+01-1.59243E+02 7.73682E+01-1.75700E+01-1.73518E+02
 -1       139-4.98773E+02-1.91564E+01-1.16975E+02 2.65328E+01-6.38431E+00-1.92255E+02
 -1       140-5.08649E+02 2.50087E+01-4.45027E+01-1.41250E+01-3.84479E+00-1.81738E+02
 -1       141-9.19535E+02-1.19013E+02-1.80880E+02 1.02696E+02 2.44246E+01-2.01505E+02
 -1       142-5.58468E+02 6.19924E+01 2.88641E+01-4.19172E+01-2.45720E+01-7.29820E+01
 -1       143-4.76013E+02 1.70172E+00-1.32665E+02-1.52607E+00 2.76540E+00-4.26778E+01
 -1       144-4.65596E+02-4.72667E+01-1.46559E+02 5.46875E+01-4.87327E-01-1.74592E+02
 -1       145-6.71905E+02 2.05214E+01 4.83853E+01-1.81902E+00-1.98988E+00-1.19351E+01
 -1       146-8.78392E+02-4.94039E+01 1.79231E+01 2.56256E+01 1.42169E+00-8.17601E+01
 -1       147-5.13590E+02 1.53678E+01 7.46946E+00-8.32938E+00 3.02209E-01-9.57306E-01
 -1       148-5.12447E+02 1.51361E+01 2.14651E-01 8.75243E+00-9.93574E-01 1.55722E+00
 -1       149-8.24731E+02-7.73317E+00 8.02221E+01-2.37063E+01-2.39485E+00 1.34918E+01
 -1       150-1.00321E+03-2.36750E+02-8.78117E+01 4.11222E+00-7.52254E-01-1.34631E+02
 -1       151-1.09026E+03-2.02839E+02-1.28582E+02-1.12224E+02-3.49181E+01-1.34342E+02
 -1       152-9.19291E+02-1.90503E+02-1.15720E+02 6.50967E+00-4.64792E+00-1.41360E+02
 -1       153-1.06069E+03-2.73346E+02-2.03505E+02 1.16216E+01-1.05769E+00-2.20293E+02
 -1       154-7.72522E+02-1.84893E+01 2.72164E+01-9.17021E-01-6.85448E+00-5.48365E+01
 -1       155-7.37823E+02 1.10452E+01 8.16178E+01 1.25586E+01-9.85217E+00 3.13912E+01
 -1       156-1.07356E+03-2.07968E+02-1.09600E+02 1.00269E+02 3.51982E+01-1.53443E+02
 -1       157-6.21411E+02 5.37100E+01 4.11465E+01 1.82105E+01 2.34720E+01 8.57009E+00
 -1       158-6.90877E+02 1.72824E+01 2.23229E+01-1.73601E+01-1.10020E+01-1.39702E+01
 -1       159-6.03398E+02 4.22589E+00 6.86547E+00-1.91360E+01 5.78569E+00-1.73653E+01
 -1       160-5.39111E+02 8.03707E+00 1.48228E+00-1.20748E+01 4.38224E+00-1.08289E+01
 -1       161-5.40906E+02 2.39565E+01 2.15772E+01-9.48569E+00 8.25739E-01-3.46024E+00
 -1       162-4.94931E+02 8.43848E+00 4.64545E+00-3.50801E+00-4.22997E-01 7.47775E+00
 -1       163-4.98593E+02 1.72562E+01 9.59654E+00-5.44108E+00-1.42980E+00 7.50537E+00
 -1       164-5.19026E+02 2.54230E+01 1.63303E+01-8.84478E-01-1.89016E+00 8.16581E+00
 -1       165-4.97195E+02 1.92880E+01 1.48929E+00 5.50015E+00 1.88754E-02 1.12053E+01
 -1       166-5.45144E+02 2.78365E+01 1.38525E+01 5.93357E+00-2.52971E+00-2.71950E-02
 -1       167-5.47278E+02 7.37269E+00 6.52129E+00 1.11308E+01-4.23396E+00-1.47459E+01
 -1       168-6.12045E+02 1.13062E+01 1.75889E+01 2.00601E+01-6.69241E+00-3.30594E+00
 -1       169-4.93835E+02 7.08921E+00 4.41442E+00 2.68098E+00-3.18149E-01 7.59842E+00
 -1       170-3.69796E+02-1.42410E+01-2.21466E+02-2.58960E+00-2.01872E+00-2.90864E+01
 -1       171-4.89464E+02-6.71103E+00-2.01265E+02-1.73951E+00 5.90000E-01 7.85827E-01
 -1       172-4.75826E+02-5.01963E+00-2.11358E+02 5.45605E+00-1.81503E-01-1.44673E+00
 -1       173-1.36942E+02-1.80500E+01-2.33750E+02 2.35680E+01-2.75233E+00-3.40376E+01
 -1       174-1.59322E+02-2.57798E+01-2.38213E+02-2.85648E+01 6.41808E-01-2.85183E+00
 -1       175-2.80124E+02-1.51723E+01-2.15336E+02 1.25288E+01 3.16448E-01-1.85785E+01
 -1       176 1.09737E+01 1.60063E+01-1.55728E+02 3.14563E+01-4.38288E-01-9.21771E+01
 -1       177-2.80180E+02-1.92944E+01-2.19267E+02 1.82541E+01 6.42994E-01-2.83353E+01
 -1       178-3.85658E+02-1.29948E+01-2.17159E+02 3.25759E+00 1.08273E+00-2.08144E+01
 -1       179-4.38454E+02-5.91004E+00-2.04118E+02-3.59137E+00 1.33438E+00-1.17700E+01
 -1       180-5.05873E+02-3.76428E+00-2.06749E+02-1.50407E+00 5.12036E-01 7.82081E+00
 -1       181-4.45950E+02-1.04297E+01-1.99268E+02 2.85859E+00-7.73409E-01-8.88994E+00
 -1       182-4.32431E+02-7.80368E+00-2.14533E+02-1.24209E+00-8.50878E-01-9.99292E+00
 -1       183-4.40719E+02-1.94101E+01-2.25319E+02 5.40016E-01-4.95054E+00-2.03337E+01
 -1       184-3.58891E+02-9.61093E+00-2.11398E+02-4.61445E+00-6.88063E+00-1.88838E+01
 -1       185-5.04817E+02-3.64674E+00-2.06226E+02 4.61716E+00-1.94352E+00 8.33447E+00
 -1       186-5.01447E+02 3.32177E+00-2.06036E+02 4.63270E-01 3.33087E+00 1.18671E+00
 -1       187-4.67248E+02-4.95112E+00-2.04967E+02-1.34126E+00-3.27076E+00-1.12484E+01
 -1       188 4.54884E+01 1.67545E+01-1.39812E+02 3.22331E+01-5.87604E+00-9.94729E+01
 -1       189-9.47591E+01 1.02082E+01-1.67725E+02-4.11690E+00 1.22247E+01-8.03959E+01
 -1       190-2.86323E+02-1.80663E+01-2.04576E+02-1.18259E+01 2.04159E+00-8.36845E+00
 -1       191-2.73338E+02-2.40455E+01-2.43919E+02-2.22037E+01-3.87254E+00 8.60431E+00
 -1       192 9.39367E+00 1.94817E+01-1.42719E+02-3.12073E+01-8.96086E-01-8.78636E+01
 -1       193 7.08921E+01 3.67902E+01-1.18423E+02-2.57727E+01 1.96328E+00-1.02300E+02
 -1       194-5.00353E+02-3.07136E-02-2.01098E+02-2.36951E+00-3.74802E-01 2.86530E+00
 -1       195-4.59018E+02-2.29031E+01-1.36199E+02 4.92426E+00-4.18082E+00-1.83690E+02
 -1       196-5.58606E+02 6.78024E+00-6.21307E+01 7.95719E+00 1.86909E+00-1.12183E+02
 -1       197-6.40059E+02-7.79431E+01-1.42627E+02-3.78737E+01 3.47831E+00-2.09725E+02
 -1       198-5.71166E+02-6.42069E+01-1.31210E+02-3.09358E+01-4.75111E+00-1.93433E+02
 -1       199-6.03091E+02 4.80220E-01-4.68057E+01 5.22666E+00 1.15820E+01-1.41660E+02
 -1       200-5.28569E+02 9.66153E+00-8.14545E+01 1.02432E+01 5.44098E+00-1.49686E+02
 -1       201-5.92333E+02-7.09355E+01-1.02544E+02-2.38371E+01-7.90744E+00-1.74653E+02
 -1       202-5.63062E+02 9.68874E+00-3.44619E+00-7.75985E+00 3.10165E+00-3.80729E+01
 -1       203-5.22445E+02 7.10801E+00-1.10439E+01-6.19555E+00 2.44559E+00-2.82346E+01
 -1       204-5.48753E+02-3.80594E+00-5.03736E+01-3.38664E+00 3.39464E+00-7.46813E+01
 -1       205-5.49003E+02 3.66670E+00-3.15848E+01-3.80273E+00 1.01590E+00-4.51685E+01
 -1       206-6.19393E+02 8.31061E+00-1.54583E+01 1.19959E+00 7.54574E-01-6.54087E+01
 -1       207-5.12986E+02 7.73039E+00-5.72983E+01-3.36447E+00 3.98595E+00-3.69082E+01
 -1       208-5.13386E+02 5.43503E+00-2.13835E+01-4.89677E+00 2.58842E+00-2.65410E+01
 -1       209-4.62898E+02-7.07768E+00-1.92708E+02-3.14425E+00-2.16805E-01-2.23531E+01
 -1       210-4.93525E+02-8.72612E-01-1.90551E+02-4.58189E+00 4.56235E-01-6.59690E+00
 -1       211-4.89894E+02 3.56447E+00-1.62373E+02 4.48666E+00 6.13512E-01-1.54255E+01
 -1       212-4.93551E+02-1.77911E+00-1.95432E+02 6.03891E+00-1.11781E+00-3.75378E+00
 -1       213-3.16743E+02-8.30020E+00-1.81410E+02-1.11205E+01 6.10961E+00-9.86281E+01
 -1       214-2.29735E+02-2.04425E-02-1.75353E+02-2.32988E+01 6.87543E+00-1.00149E+02
 -1       215-7.36977E+02-1.22230E+02-8.29132E+01-5.48895E+01-7.21903E+00-1.27727E+02
 -1       216-7.26495E+02-1.10234E+02-9.72072E+01-3.09767E+01-2.95082E+00-1.33490E+02
 -1       217-4.94901E+02 3.99395E+00-1.37035E+02-4.11363E+00 7.83070E-01-4.02115E+01
 -1       218-4.83967E+02 2.50973E+00-1.73596E+02-2.06071E+00 1.68451E+00-3.23844E+01
 -1       219-5.05431E+02 2.68933E+00-9.52666E+01-6.75812E+00 4.97683E-01-8.60180E+01
 -1       220-5.32374E+02-6.23284E+00-8.20549E+01-5.61868E+00-7.12841E-01-1.31228E+02
 -1       221-5.22045E+02 9.68101E+00-7.27529E+01 3.40689E+00 1.40968E+00-6.37277E+01
 -1       222-4.63833E+02-1.21267E+00-1.66556E+02-3.90701E+00 2.40447E-01-3.77804E+01
 -1       223-4.83714E+02 4.31976E+00-1.39430E+02 6.30687E+00 1.01081E+00-6.99641E+01
 -1       224-4.57278E+02-5.91523E+00-1.48711E+02-1.93624E-01-4.18518E-01-9.69031E+01
 -1       225-4.05651E+02-1.65212E+00-1.56392E+02 1.40059E+00 3.06862E+00-1.09880E+02
 -1       226-4.15485E+02-3.06262E+01-1.37235E+02-1.19055E+01 3.89556E+00-1.60733E+02
 -1       227-4.96860E+02-2.16400E+01-1.29679E+02-3.13488E+00-4.59936E-01-1.71271E+02
 -1       228-3.90952E+02-1.66403E+01-1.75619E+02-6.39436E-01-1.71838E+00-1.05011E+02
 -1       229-5.99511E+02-7.26932E+01-6.33448E+01 2.42365E+00 1.05362E+01-1.28580E+02
 -1       230-5.18261E+02-5.88186E+01-1.12641E+02 8.24061E+00 8.53288E+00-1.72734E+02
 -1       231-4.36886E+02 9.34272E-01-1.42618E+02 1.01498E+00-3.74530E+00-1.16763E+02
 -1       232-4.89873E+02-4.69317E+00-1.15904E+02 1.01378E+00-2.42328E+00-1.00997E+02
 -1       233-4.72142E+02-3.58511E+00-1.20043E+02-9.45459E+00-5.29263E+00-1.85715E+02
 -1       234-4.77349E+02-4.55574E+01-1.09059E+02-6.45784E+00 6.93267E+00-1.83390E+02
 -1       235-5.81409E+02-8.61457E-01-3.43698E+01-1.10650E+01-6.47124E-01-1.01289E+02
 -1       236-6.09463E+02-1.87862E+01-6.64745E+01-5.75016E+00-8.74284E+00-1.32113E+02
 -1       237-4.59042E+02-9.90135E+01-1.56889E+02 7.21353E+00 8.72020E+00-1.92695E+02
 -1       238-5.26989E+02-2.04150E+01-1.16246E+02 5.97933E+00-2.38358E+00-1.64435E+02
 -1       239-5.11993E+02 8.16116E+00-9.94209E+00 5.57302E+00-3.91316E+00-1.56563E+00
 -1       240-5.26468E+02 8.89336E+00-2.93558E+01-2.96678E-01 1.89424E+00-3.21417E+01
 -1       241-5.26617E+02 7.84489E+00-3.69822E+01 2.93014E+00-3.73770E+00-4.53970E+01
 -1       242-5.45120E+02 8.73238E+00-3.06073E+01 6.96241E+00 1.31987E-01-4.66978E+01
 -1       243-5.15403E+02 3.84650E+00-2.36086E+01 4.64384E+00-2.36686E+00-2.89367E+01
 -1       244-5.18495E+02 3.76163E+00-8.27096E+01 3.77307E+00-2.96711E+00-6.39797E+01
 -1       245-5.48164E+02 3.74877E+00-5.07358E+01 8.97518E+00-3.35043E+00-7.90787E+01
 -1       246-5.20994E+02 7.27572E+00-1.55101E+01 6.47901E+00-2.41299E+00-2.77176E+01
 -1       247-5.86471E+02-2.53492E+00-2.85188E+01 1.65741E+01-6.35784E+00-6.70624E+01
 -1       248-2.37395E+02-1.39679E+00-1.81001E+02 1.95442E+01-7.49126E+00-1.08506E+02
 -1       249-4.12817E+02-1.03646E+01-1.47826E+02 1.25903E+01-1.59398E+01-1.74375E+02
 -1       250-2.95860E+02-1.50244E+01-1.73083E+02 1.02833E+01-2.55137E+00-1.15216E+02
 -1       251-3.77790E+02-5.78787E+00-1.68578E+02 6.76926E+00-3.39340E+00-1.01473E+02
 -1       252-3.17889E+02-3.06124E+01-1.01699E+02 3.32419E+01-8.67531E+00-1.74852E+02
 -1       253-4.92416E+02-6.86010E+01-1.49479E+02 5.28486E+01-5.72898E+00-1.84757E+02
 -1       254-3.83952E+02-6.59489E+01-1.15145E+02 2.46662E+01-2.13301E+00-1.80124E+02
 -1       255-2.22098E+02-7.87466E+01-1.83476E+02 3.58413E+01-2.76201E+00-1.07719E+02
 -1       256-2.08440E+02-1.73049E+01-1.01985E+02 4.15842E+00 1.33253E-01-1.62986E+02
 -1       257-5.26908E+02 3.70068E+00-9.30932E+01 1.28182E+01-2.83096E+00-1.88556E+02
 -1       258-4.91999E+02 7.22201E+00-1.11916E+02 4.88230E+00-1.04860E+00-9.55402E+01
 -1       259-3.69423E+02-7.97925E+01-1.35432E+02-1.37330E+01-1.11165E+00-1.71304E+02
 -1       260-6.43462E+02-1.05912E+02-1.77291E+02 4.66421E+01-1.17354E+01-1.96212E+02
 -1       261-7.67413E+02-1.64879E+02-1.04732E+02 5.44826E+01 2.39370E+00-1.50063E+02
 -1       262-5.08992E+02 1.07264E+01-3.81586E+00-3.52771E+00 1.29149E+00-2.99892E+00
 -1       263-4.62752E+02 9.29739E-01-1.86007E+02 4.01393E+00-8.83794E-01-3.13279E+01
 -1       264-2.13254E+02-6.80775E+01-1.74415E+02-2.85197E+01-2.11944E+00-1.06490E+02
 -1       265-7.69076E+02-1.44733E+01-2.22579E+01-6.14656E+00 2.39864E+01-9.93466E+01
 -1       266-3.04643E+02-3.50152E+01-1.14560E+02-2.83885E+01 4.51186E+00-1.82929E+02
 -1       267-4.73623E+02-1.13091E+00-1.84427E+02-1.58284E+00 2.17878E+00-2.75164E+01
 -1       268-7.79012E+02-2.09705E+01-3.56023E+01 2.26722E+01-1.11396E+01-1.31643E+02
 -1       269-4.79621E+02 1.85705E+00-1.75407E+02-1.93289E-01-2.79794E+00-2.98775E+01
 -1       270-5.11599E+02 1.30697E+01-3.47178E+01-3.96594E+00 2.01361E+00-1.54766E+01
 -1       271-6.49833E+02-1.23343E+02-1.01855E+02 2.27102E+01 1.36936E+01-1.58973E+02
 -1       272-6.41349E+02-3.57495E+01-7.85680E+01 1.91728E+01-4.88377E+00-1.54255E+02
 -1       273-7.02412E+02-9.59975E+00-5.35188E+00 8.57565E+00 1.58402E+01-8.34194E+01
 -1       274-4.40659E+02 7.52335E+00-1.47947E+02 6.24380E+00 3.11452E+00-8.70460E+01
 -1       275-4.85915E+02 4.54428E+00-1.36262E+02 6.70188E-01-2.10974E+00-3.88922E+01
 -1       276-4.00627E+02-7.05157E+01-1.30583E+02-1.88291E+01 1.11690E+01-1.76495E+02
 -1       277-4.29984E+02-5.25293E+00-1.92413E+02-1.08436E+00 1.66995E+00-4.46620E+01
 -1       278-6.44274E+02-8.18432E+00-4.54224E+01 3.17006E+00-2.06507E+00-1.32182E+02
 -1       279-2.68004E+02-4.33306E+01-1.55983E+02-9.18293E+00-3.35117E+00-1.13834E+02
 -1       280-5.31082E+02-8.74459E+01-1.41706E+02 1.70687E+01-2.44810E+00-1.90866E+02
 -3
    1PSTEP                         6           2           1          
  100CL  102 5.00000E-01         280                     0    2           1
 -4  ERROR       1    1
 -5  STR(%)      1    1    0    0
 -1         1 1.38060E+01
 -1         2 2.91339E+01
 -1         3 1.34968E+01
 -1         4 2.98065E+01
 -1         5 2.71358E+00
 -1         6 4.17033E+00
 -1         7 2.44159E+00
 -1         8 4.04717E+00
 -1         9 1.00216E+01
 -1        10 1.19138E+01
 -1        11 1.95778E+01
 -1        12 1.50173E+01
 -1        13 1.44117E+01
 -1        14 1.42570E+01
 -1        15 1.03440E+01
 -1        16 1.19204E+01
 -1        17 2.00753E+01
 -1        18 2.98065E+01
 -1        19 2.94702E+01
 -1        20 2.98065E+01
 -1        21 2.72310E+00
 -1        22 2.71834E+00
 -1        23 3.44672E+00
 -1        24 3.22622E+00
 -1        25 2.96990E+00
 -1        26 2.83390E+00
 -1        27 1.74771E+00
 -1        28 2.09465E+00
 -1        29 2.89744E+00
 -1        30 2.51055E+00
 -1        31 3.34044E+00
 -1        32 3.27886E+00
 -1        33 1.38060E+01
 -1        34 1.38060E+01
 -1        35 8.25978E+00
 -1        36 9.14190E+00
 -1        37 1.91379E+01
 -1        38 6.65612E+00
 -1        39 1.34968E+01
 -1        40 1.34968E+01
 -1        41 7.96917E+00
 -1        42 1.01342E+01
 -1        43 1.99703E+01
 -1        44 7.09067E+00
 -1        45 1.50173E+01
 -1        46 2.91339E+01
 -1        47 1.09207E+01
 -1        48 2.98065E+01
 -1        49 1.50173E+01
 -1        50 2.91339E+01
 -1        51 1.95778E+01
 -1        52 1.25195E+01
 -1        53 2.20756E+01
 -1        54 1.04711E+01
 -1        55 1.23633E+01
 -1        56 1.29690E+01
 -1        57 1.29690E+01
 -1        58 1.50173E+01
 -1        59 1.50173E+01
 -1        60 1.42570E+01
 -1        61 1.50173E+01
 -1        62 2.94702E+01
 -1        63 2.24119E+01
 -1        64 2.00753E+01
 -1        65 2.98065E+01
 -1        66 2.24119E+01
 -1        67 1.26807E+01
 -1        68 2.98065E+01
 -1        69 1.26807E+01
 -1        70 5.03782E+00
 -1        71 1.79489E+00
 -1        72 3.52935E+00
 -1        73 1.54710E+00
 -1        74 2.39142E+00
 -1        75 3.01995E+00
 -1        76 3.78826E+00
 -1        77 2.63853E+00
 -1        78 3.77418E+00
 -1        79 4.28359E+00
 -1        80 3.39276E+00
 -1        81 2.38666E+00
 -1        82 1.99434E+00
 -1        83 1.64741E+00
 -1        84 3.29246E+00
 -1        85 4.13202E+00
 -1        86 2.80882E+00
 -1        87 2.55250E+00
 -1        88 2.55726E+00
 -1        89 3.71462E+00
 -1        90 3.88046E+00
 -1        91 2.15272E+00
 -1        92 2.98261E+00
 -1        93 3.41635E+00
 -1        94 2.25900E+00
 -1        95 1.04828E+01
 -1        96 4.17033E+00
 -1        97 2.71358E+00
 -1        98 1.38060E+01
 -1        99 1.07569E+01
 -1       100 1.38060E+01
 -1       101 1.19138E+01
 -1       102 1.02522E+01
 -1       103 1.21444E+01
 -1       104 1.06198E+01
 -1       105 1.03893E+01
 -1       106 1.99454E+01
 -1       107 7.32656E+00
 -1       108 6.65612E+00
 -1       109 9.81234E+00
 -1       110 6.60294E+00
 -1       111 3.44672E+00
 -1       112 4.17033E+00
 -1       113 6.59818E+00
 -1       114 2.71834E+00
 -1       115 1.21444E+01
 -1       116 8.25978E+00
 -1       117 2.71358E+00
 -1       118 1.38060E+01
 -1       119 9.94941E+00
 -1       120 9.21690E+00
 -1       121 2.62451E+00
 -1       122 1.34968E+01
 -1       123 5.03782E+00
 -1       124 1.21165E+01
 -1       125 7.58599E+00
 -1       126 7.12736E+00
 -1       127 9.67553E+00
 -1       128 4.54250E+00
 -1       129 1.11253E+01
 -1       130 1.06667E+01
 -1       131 2.09615E+01
 -1       132 8.06063E+00
 -1       133 1.13568E+01
 -1       134 5.92070E+00
 -1       135 2.53305E+00
 -1       136 2.18611E+00
 -1       137 5.48230E+00
 -1       138 1.19204E+01
 -1       139 9.78045E+00
 -1       140 1.13568E+01
 -1       141 1.34968E+01
 -1       142 1.34968E+01
 -1       143 3.39276E+00
 -1       144 1.12302E+01
 -1       145 1.09207E+01
 -1       146 1.50173E+01
 -1       147 3.20726E+00
 -1       148 3.22622E+00
 -1       149 1.38060E+01
 -1       150 1.44117E+01
 -1       151 1.38060E+01
 -1       152 1.29690E+01
 -1       153 1.50173E+01
 -1       154 1.29690E+01
 -1       155 1.23633E+01
 -1       156 1.42570E+01
 -1       157 1.38060E+01
 -1       158 1.42570E+01
 -1       159 1.22087E+01
 -1       160 8.35201E+00
 -1       161 7.06396E+00
 -1       162 2.82442E+00
 -1       163 3.21674E+00
 -1       164 7.07344E+00
 -1       165 3.22622E+00
 -1       166 7.07344E+00
 -1       167 8.51609E+00
 -1       168 1.23633E+01
 -1       169 2.96990E+00
 -1       170 1.41110E+01
 -1       171 4.04717E+00
 -1       172 4.53948E+00
 -1       173 2.98065E+01
 -1       174 2.91339E+01
 -1       175 1.99703E+01
 -1       176 2.98065E+01
 -1       177 2.19587E+01
 -1       178 1.21226E+01
 -1       179 7.09067E+00
 -1       180 4.04717E+00
 -1       181 9.07906E+00
 -1       182 6.84069E+00
 -1       183 9.32522E+00
 -1       184 1.16264E+01
 -1       185 4.35491E+00
 -1       186 3.52501E+00
 -1       187 8.31075E+00
 -1       188 2.98065E+01
 -1       189 2.19587E+01
 -1       190 1.91379E+01
 -1       191 2.16224E+01
 -1       192 2.91339E+01
 -1       193 2.94702E+01
 -1       194 3.27886E+00
 -1       195 1.41110E+01
 -1       196 1.04828E+01
 -1       197 1.23633E+01
 -1       198 1.07017E+01
 -1       199 1.21444E+01
 -1       200 1.04828E+01
 -1       201 1.07017E+01
 -1       202 6.77259E+00
 -1       203 2.91588E+00
 -1       204 6.55364E+00
 -1       205 6.84502E+00
 -1       206 1.07017E+01
 -1       207 3.83116E+00
 -1       208 2.08580E+00
 -1       209 8.82015E+00
 -1       210 3.78826E+00
 -1       211 4.78865E+00
 -1       212 3.16719E+00
 -1       213 1.24339E+01
 -1       214 1.99454E+01
 -1       215 1.23633E+01
 -1       216 1.09207E+01
 -1       217 5.03782E+00
 -1       218 4.28359E+00
 -1       219 7.12736E+00
 -1       220 9.84984E+00
 -1       221 7.76030E+00
 -1       222 9.57439E+00
 -1       223 7.51113E+00
 -1       224 1.22969E+01
 -1       225 1.22969E+01
 -1       226 1.24339E+01
 -1       227 1.22969E+01
 -1       228 1.41110E+01
 -1       229 1.29690E+01
 -1       230 1.27501E+01
 -1       231 9.57439E+00
 -1       232 9.57439E+00
 -1       233 1.16639E+01
 -1       234 1.27501E+01
 -1       235 1.00688E+01
 -1       236 1.25158E+01
 -1       237 1.45641E+01
 -1       238 1.22969E+01
 -1       239 2.80882E+00
 -1       240 6.85450E+00
 -1       241 6.43710E+00
 -1       242 6.85450E+00
 -1       243 2.55250E+00
 -1       244 6.60294E+00
 -1       245 6.59818E+00
 -1       246 2.96990E+00
 -1       247 1.21444E+01
 -1       248 2.09615E+01
 -1       249 1.31137E+01
 -1       250 2.19587E+01
 -1       251 1.21226E+01
 -1       252 2.09615E+01
 -1       253 1.22275E+01
 -1       254 2.19587E+01
 -1       255 2.98065E+01
 -1       256 2.19587E+01
 -1       257 1.38039E+01
 -1       258 7.32656E+00
 -1       259 2.16224E+01
 -1       260 1.42570E+01
 -1       261 1.50173E+01
 -1       262 2.37718E+00
 -1       263 4.35491E+00
 -1       264 2.91339E+01
 -1       265 1.38060E+01
 -1       266 1.99454E+01
 -1       267 4.54250E+00
 -1       268 1.42570E+01
 -1       269 2.98261E+00
 -1       270 4.12254E+00
 -1       271 1.50173E+01
 -1       272 1.45641E+01
 -1       273 1.23633E+01
 -1       274 7.51113E+00
 -1       275 4.60408E+00
 -1       276 1.28871E+01
 -1       277 9.57439E+00
 -1       278 1.21171E+01
 -1       279 2.16224E+01
 -1       280 1.42570E+01
 -3
    1PSTEP                         7           3           1          
  100CL  103 8.75000E-01         280                     0    3           1
 -4  DISP        4    1
 -5  D1          1    2    1    0
 -5  D2          1    2    2    0
 -5  D3          1    2    3    0
 -5  ALL         1    2    0    0    1ALL
 -1         1 0.00000E+00 0.00000E+00 0.00000E+00
 -1         2 0.00000E+00 0.00000E+00 0.00000E+00
 -1         3 0.00000E+00 0.00000E+00 0.00000E+00
 -1         4 0.00000E+00 0.00000E+00 0.00000E+00
 -1         5-5.99943E-02-6.67131E-03-5.68354E-02
 -1         6-2.12708E-02-9.60173E-03-5.26039E-02
 -1         7-6.01974E-02 6.83383E-03-5.68847E-02
 -1         8-2.13090E-02 9.71195E-03-5.25157E-02
 -1         9 0.00000E+00 0.00000E+00 0.00000E+00
 -1        10 0.00000E+00 0.00000E+00 0.00000E+00
 -1        11 0.00000E+00 0.00000E+00 0.00000E+00
 -1        12 0.00000E+00 0.00000E+00 0.00000E+00
 -1        13 0.00000E+00 0.00000E+00 0.00000E+00
 -1        14 0.00000E+00 0.00000E+00 0.00000E+00
 -1        15 0.00000E+00 0.00000E+00 0.00000E+00
 -1        16 0.00000E+00 0.00000E+00 0.00000E+00
 -1        17 0.00000E+00 0.00000E+00 0.00000E+00
 -1        18 0.00000E+00 0.00000E+00 0.00000E+00
 -1        19 0.00000E+00 0.00000E+00 0.00000E+00
 -1        20 0.00000E+00 0.00000E+00 0.00000E+00
 -1        21-4.06326E-02-8.06177E-03-5.13916E-02
 -1        22-4.95577E-02-7.19717E-03-5.34967E-02
 -1        23-3.17273E-02-9.01743E-03-5.13639E-02
 -1        24-6.03711E-02 1.45727E-04-5.64908E-02
 -1        25-6.03871E-02-3.46037E-03-5.65190E-02
 -1        26-6.04898E-02 3.62455E-03-5.65339E-02
 -1        27-4.06318E-02 8.27209E-03-5.13237E-02
 -1        28-4.96533E-02 7.39075E-03-5.35488E-02
 -1        29-3.17441E-02 9.19587E-03-5.12901E-02
 -1        30-1.99092E-02 9.97681E-05-5.20855E-02
 -1        31-2.02945E-02-4.85203E-03-5.22356E-02
 -1        32-2.03986E-02 4.97994E-03-5.21424E-02
 -1        33-3.70302E-02-8.21676E-03-3.18335E-02
 -1        34-2.28743E-02-8.41419E-03-1.74345E-02
 -1        35-4.90646E-02-7.30509E-03-4.52864E-02
 -1        36-3.69686E-03-7.06318E-03-2.77347E-02
 -1        37 7.73141E-04-4.13017E-03-1.38064E-02
 -1        38-1.15762E-02-8.68264E-03-4.10026E-02
 -1        39-3.73950E-02 8.23675E-03-3.16826E-02
 -1        40-2.29464E-02 8.40103E-03-1.73856E-02
 -1        41-4.92825E-02 7.41643E-03-4.52587E-02
 -1        42-3.70095E-03 7.34642E-03-2.80375E-02
 -1        43 7.90308E-04 4.22602E-03-1.36746E-02
 -1        44-1.16338E-02 8.79859E-03-4.10268E-02
 -1        45 0.00000E+00 0.00000E+00 0.00000E+00
 -1        46 0.00000E+00 0.00000E+00 0.00000E+00
 -1        47 0.00000E+00 0.00000E+00 0.00000E+00
 -1        48 0.00000E+00 0.00000E+00 0.00000E+00
 -1        49 0.00000E+00 0.00000E+00 0.00000E+00
 -1        50 0.00000E+00 0.00000E+00 0.00000E+00
 -1        51 0.00000E+00 0.00000E+00 0.00000E+00
 -1        52 0.00000E+00 0.00000E+00 0.00000E+00
 -1        53 0.00000E+00 0.00000E+00 0.00000E+00
 -1        54 0.00000E+00 0.00000E+00 0.00000E+00
 -1        55 0.00000E+00 0.00000E+00 0.00000E+00
 -1        56 0.00000E+00 0.00000E+00 0.00000E+00
 -1        57 0.00000E+00 0.00000E+00 0.00000E+00
 -1        58 0.00000E+00 0.00000E+00 0.00000E+00
 -1        59 0.00000E+00 0.00000E+00 0.00000E+00
 -1        60 0.00000E+00 0.00000E+00 0.00000E+00
 -1        61 0.00000E+00 0.00000E+00 0.00000E+00
 -1        62 0.00000E+00 0.00000E+00 0.00000E+00
 -1        63 0.00000E+00 0.00000E+00 0.00000E+00
 -1        64 0.00000E+00 0.00000E+00 0.00000E+00
 -1        65 0.00000E+00 0.00000E+00 0.00000E+00
 -1        66 0.00000E+00 0.00000E+00 0.00000E+00
 -1        67 0.00000E+00 0.00000E+00 0.00000E+00
 -1        68 0.00000E+00 0.00000E+00 0.00000E+00
 -1        69 0.00000E+00 0.00000E+00 0.00000E+00
 -1        70-4.03875E-02-2.33024E-05-5.11937E-02
 -1        71-3.11728E-02-4.51572E-03-5.10737E-02
 -1        72-3.11290E-02 4.68289E-03-5.10821E-02
 -1        73-4.96848E-02 3.86887E-03-5.32528E-02
 -1        74-4.96810E-02-3.71759E-03-5.31900E-02
 -1        75-2.55976E-02 2.47640E-03-5.14974E-02
 -1        76-2.63244E-02 7.15957E-03-5.16784E-02
 -1        77-3.60958E-02 6.62371E-03-5.08752E-02
 -1        78-3.08382E-02 1.98119E-05-5.11353E-02
 -1        79-3.58002E-02 2.27364E-03-5.09245E-02
 -1        80-4.04372E-02 4.21873E-03-5.11088E-02
 -1        81-5.49470E-02 1.94823E-03-5.48342E-02
 -1        82-5.48817E-02 5.42719E-03-5.49806E-02
 -1        83-4.49372E-02 5.96811E-03-5.20075E-02
 -1        84-4.48162E-02 2.04712E-03-5.19474E-02
 -1        85-4.96098E-02 2.65768E-05-5.33203E-02
 -1        86-5.48310E-02-1.76402E-03-5.48172E-02
 -1        87-5.47707E-02-5.25415E-03-5.49320E-02
 -1        88-4.49867E-02-5.79116E-03-5.19771E-02
 -1        89-4.49353E-02-1.96292E-03-5.19466E-02
 -1        90-4.04877E-02-4.13393E-03-5.11253E-02
 -1        91-2.55900E-02-2.32375E-03-5.15499E-02
 -1        92-2.62957E-02-7.03086E-03-5.17336E-02
 -1        93-3.58771E-02-2.16387E-03-5.08657E-02
 -1        94-3.61487E-02-6.41476E-03-5.09005E-02
 -1        95-2.04950E-02-7.91610E-03-2.62078E-02
 -1        96-2.22637E-02-8.32017E-03-4.00055E-02
 -1        97-3.83674E-02-7.66716E-03-4.22437E-02
 -1        98-1.39960E-02-6.92569E-03-1.32149E-02
 -1        99-7.09245E-03-4.98234E-03-1.15411E-02
 -1       100-8.48395E-03-5.59589E-03-6.50449E-03
 -1       101-6.07712E-03-4.61527E-03-5.35791E-03
 -1       102-9.89475E-03-5.87174E-03-1.16387E-02
 -1       103-1.76636E-02-7.67758E-03-1.95843E-02
 -1       104-1.32688E-02-6.66938E-03-1.85041E-02
 -1       105-4.41554E-03-3.53179E-03-5.07820E-03
 -1       106-2.64745E-03-2.76140E-03-5.19667E-03
 -1       107-2.18993E-02-7.96315E-03-3.31966E-02
 -1       108-1.31304E-02-7.87328E-03-3.38480E-02
 -1       109-1.41109E-02-7.24486E-03-2.61454E-02
 -1       110-3.04306E-02-8.01715E-03-4.02300E-02
 -1       111-3.13567E-02-8.29353E-03-4.59200E-02
 -1       112-2.19322E-02-8.89295E-03-4.64868E-02
 -1       113-2.86759E-02-7.99012E-03-3.43140E-02
 -1       114-3.95369E-02-7.73553E-03-4.70364E-02
 -1       115-2.67791E-02-8.11886E-03-2.83195E-02
 -1       116-3.74926E-02-7.87657E-03-3.71161E-02
 -1       117-4.89893E-02-7.19188E-03-4.97155E-02
 -1       118-2.47581E-02-8.19353E-03-2.28087E-02
 -1       119-6.37783E-03-5.99653E-03-1.96269E-02
 -1       120-2.02654E-02 7.78124E-03-2.63320E-02
 -1       121-3.85191E-02 7.70974E-03-4.21600E-02
 -1       122-1.40118E-02 7.42412E-03-1.31971E-02
 -1       123-2.23229E-02 8.43010E-03-3.99927E-02
 -1       124-7.40370E-03 5.26323E-03-1.14461E-02
 -1       125-1.31112E-02 7.95940E-03-3.39676E-02
 -1       126-2.18794E-02 8.02154E-03-3.32292E-02
 -1       127-1.39340E-02 7.31662E-03-2.62387E-02
 -1       128-2.19620E-02 9.03060E-03-4.64313E-02
 -1       129-6.70617E-03 6.14279E-03-1.96110E-02
 -1       130-1.32785E-02 6.94666E-03-1.84002E-02
 -1       131-2.71832E-03 2.79826E-03-5.11139E-03
 -1       132-3.76247E-02 7.88576E-03-3.70306E-02
 -1       133-2.66003E-02 8.02192E-03-2.83463E-02
 -1       134-2.87689E-02 7.87736E-03-3.43322E-02
 -1       135-4.91675E-02 7.31043E-03-4.97119E-02
 -1       136-3.95760E-02 7.87754E-03-4.69956E-02
 -1       137-3.03553E-02 8.05742E-03-4.02926E-02
 -1       138-6.02013E-03 4.56344E-03-5.76284E-03
 -1       139-1.04810E-02 6.33547E-03-1.16526E-02
 -1       140-1.75914E-02 7.85307E-03-1.94177E-02
 -1       141-8.53433E-03 5.68961E-03-6.49811E-03
 -1       142-2.47725E-02 8.52704E-03-2.27571E-02
 -1       143-3.14040E-02 8.46288E-03-4.59013E-02
 -1       144-4.90173E-03 3.62128E-03-5.06936E-03
 -1       145-3.68204E-02 1.53203E-04-3.28709E-02
 -1       146-2.08490E-02 3.49104E-03-1.80699E-02
 -1       147-4.93824E-02 3.83950E-03-4.52451E-02
 -1       148-4.93219E-02-3.77197E-03-4.52166E-02
 -1       149-2.16586E-02-3.30469E-03-1.78308E-02
 -1       150-1.13721E-02-6.52714E-04-1.04850E-02
 -1       151-1.16259E-02-3.09982E-03-1.00463E-02
 -1       152-1.91766E-02-1.57551E-04-1.76021E-02
 -1       153-1.05921E-02 1.20370E-03-1.02745E-02
 -1       154-2.90859E-02 2.14487E-03-2.55650E-02
 -1       155-2.95512E-02-2.05051E-03-2.54612E-02
 -1       156-1.14577E-02 3.07911E-03-1.00121E-02
 -1       157-3.02116E-02-6.67944E-03-2.50308E-02
 -1       158-3.00731E-02 6.67938E-03-2.50487E-02
 -1       159-3.71434E-02 4.36914E-03-3.22253E-02
 -1       160-4.36217E-02 6.00986E-03-3.88222E-02
 -1       161-4.33464E-02 2.07070E-03-3.91095E-02
 -1       162-5.49385E-02 5.42757E-03-5.11262E-02
 -1       163-5.49316E-02 1.92793E-03-5.10152E-02
 -1       164-4.92662E-02 7.61571E-05-4.51721E-02
 -1       165-5.48838E-02-1.74678E-03-5.10394E-02
 -1       166-4.33170E-02-1.94187E-03-3.89941E-02
 -1       167-4.34134E-02-5.92725E-03-3.88406E-02
 -1       168-3.68463E-02-4.25227E-03-3.24907E-02
 -1       169-5.47979E-02-5.30285E-03-5.11097E-02
 -1       170-2.06220E-03 4.69668E-07-2.79977E-02
 -1       171-1.06847E-02 4.34949E-03-4.08298E-02
 -1       172-1.05326E-02-4.29214E-03-4.08524E-02
 -1       173 2.67485E-03 1.97228E-03-1.40395E-02
 -1       174 2.63230E-03-2.05943E-03-1.37921E-02
 -1       175 1.57605E-04 4.44312E-03-2.09166E-02
 -1       176 2.18085E-03 1.49459E-03-7.08686E-03
 -1       177 9.46991E-04 1.45090E-03-2.08251E-02
 -1       178-2.31679E-03 3.69285E-03-2.78310E-02
 -1       179-6.65387E-03 6.08225E-03-3.45853E-02
 -1       180-1.59089E-02 6.96046E-03-4.67615E-02
 -1       181-6.02303E-03 2.02447E-03-3.46077E-02
 -1       182-6.59275E-03-5.95186E-03-3.44776E-02
 -1       183-5.97697E-03-1.99042E-03-3.45344E-02
 -1       184-2.42187E-03-3.46786E-03-2.78593E-02
 -1       185-1.58349E-02-6.85899E-03-4.68143E-02
 -1       186-1.50876E-02-2.21988E-03-4.65611E-02
 -1       187-1.04478E-02 8.62488E-05-4.07449E-02
 -1       188 2.39437E-03 5.25069E-04-7.16943E-03
 -1       189 1.70821E-03 2.03702E-04-1.37016E-02
 -1       190 1.40818E-04-4.33631E-03-2.07023E-02
 -1       191 1.00854E-03-1.46936E-03-2.06938E-02
 -1       192 2.15407E-03-1.44067E-03-7.20413E-03
 -1       193 2.48298E-03-4.94529E-04-7.40828E-03
 -1       194-1.51912E-02 2.36262E-03-4.65478E-02
 -1       195-1.18275E-02 1.60275E-03-1.87921E-02
 -1       196-2.79079E-02-1.86714E-03-3.44764E-02
 -1       197-6.17654E-03-3.08732E-03-6.31432E-03
 -1       198-1.08118E-02-4.50312E-03-1.25155E-02
 -1       199-2.11069E-02-4.98938E-03-2.40948E-02
 -1       200-2.38109E-02-5.05995E-03-3.04023E-02
 -1       201-1.44835E-02-2.47024E-03-1.67925E-02
 -1       202-3.76256E-02 4.01684E-03-3.72047E-02
 -1       203-4.36283E-02 5.75801E-03-4.36091E-02
 -1       204-3.31634E-02 3.08300E-03-3.82695E-02
 -1       205-3.79300E-02 1.09217E-03-3.96882E-02
 -1       206-3.16133E-02-9.00446E-04-3.32309E-02
 -1       207-3.94569E-02 3.98680E-03-4.68063E-02
 -1       208-4.41537E-02 5.75003E-03-4.80563E-02
 -1       209-1.61304E-02 2.19747E-03-4.01889E-02
 -1       210-2.10876E-02 4.58409E-03-4.60813E-02
 -1       211-2.59827E-02-2.13990E-03-4.57058E-02
 -1       212-2.10058E-02-4.46201E-03-4.61514E-02
 -1       213-5.02070E-03-2.80363E-03-1.96429E-02
 -1       214-3.10498E-03-3.22371E-03-1.25805E-02
 -1       215-7.40786E-03-2.01654E-03-7.67821E-03
 -1       216-1.53570E-02-1.51551E-03-1.54486E-02
 -1       217-3.08557E-02 4.35332E-03-4.56376E-02
 -1       218-2.65694E-02 6.64861E-03-4.58221E-02
 -1       219-2.98868E-02 4.13430E-03-4.00476E-02
 -1       220-2.34813E-02 3.03682E-03-3.03474E-02
 -1       221-3.44014E-02-9.38962E-04-4.34676E-02
 -1       222-2.10471E-02 1.18983E-04-3.97670E-02
 -1       223-2.12965E-02-2.97159E-03-3.65314E-02
 -1       224-1.64075E-02-9.42911E-04-2.97269E-02
 -1       225-1.26221E-02-3.54512E-03-2.62516E-02
 -1       226-8.32401E-03-2.05036E-03-1.52861E-02
 -1       227-1.52312E-02-2.59108E-03-2.25594E-02
 -1       228-8.48440E-03 8.07679E-04-2.28916E-02
 -1       229-1.23200E-02-1.00435E-04-1.38118E-02
 -1       230-1.22160E-02-9.36002E-04-1.60098E-02
 -1       231-1.70678E-02 4.80985E-03-2.97802E-02
 -1       232-2.50693E-02 1.14355E-03-3.65605E-02
 -1       233-1.57614E-02 4.63752E-03-2.25544E-02
 -1       234-9.00891E-03-2.61909E-03-1.22356E-02
 -1       235-2.63723E-02 4.09096E-03-2.86269E-02
 -1       236-2.07168E-02 1.07512E-03-2.41974E-02
 -1       237-5.99499E-03 4.75731E-04-8.69498E-03
 -1       238-1.90022E-02 9.97459E-05-2.64253E-02
 -1       239-4.92624E-02-3.66674E-03-4.94544E-02
 -1       240-4.37479E-02-8.74953E-04-4.58547E-02
 -1       241-3.88960E-02-2.87673E-03-4.45172E-02
 -1       242-3.78663E-02-2.91066E-03-3.97532E-02
 -1       243-4.41314E-02-5.60241E-03-4.80408E-02
 -1       244-3.47494E-02-4.95635E-03-4.34905E-02
 -1       245-3.32793E-02-4.94834E-03-3.82667E-02
 -1       246-4.34973E-02-5.67636E-03-4.36045E-02
 -1       247-3.17149E-02-5.10106E-03-3.28567E-02
 -1       248-3.07444E-03 3.31100E-03-1.25264E-02
 -1       249-8.86927E-03 3.68617E-03-1.51352E-02
 -1       250-5.55424E-03 1.94694E-03-1.56794E-02
 -1       251-9.11143E-03 4.23122E-03-2.30164E-02
 -1       252-2.77804E-03 1.90703E-03-5.32588E-03
 -1       253-5.92617E-03 2.49335E-03-8.47338E-03
 -1       254-4.71662E-03 1.32679E-03-8.35317E-03
 -1       255-1.22338E-03 1.10379E-03-5.48352E-03
 -1       256-3.08957E-03 3.02309E-04-8.42624E-03
 -1       257-1.26023E-02 4.30554E-03-1.56998E-02
 -1       258-2.56435E-02-5.00535E-03-3.67116E-02
 -1       259-4.51399E-03-3.71327E-04-8.63284E-03
 -1       260-6.10564E-03 3.00400E-03-6.38130E-03
 -1       261-7.55291E-03 2.22351E-03-7.38951E-03
 -1       262-4.93705E-02 3.76896E-03-4.94490E-02
 -1       263-1.68414E-02-6.34699E-03-4.03021E-02
 -1       264-1.09705E-03-9.57293E-04-5.88429E-03
 -1       265-1.64982E-02-5.43526E-03-1.54260E-02
 -1       266-2.86388E-03-1.92425E-03-5.28422E-03
 -1       267-1.68376E-02 6.44210E-03-4.03168E-02
 -1       268-1.64423E-02 5.60503E-03-1.53129E-02
 -1       269-2.66093E-02-6.48543E-03-4.58599E-02
 -1       270-4.41004E-02 2.00010E-03-4.79604E-02
 -1       271-5.73198E-03 6.94934E-04-6.54238E-03
 -1       272-1.45394E-02 2.59826E-03-1.67933E-02
 -1       273-2.36255E-02-4.17655E-03-2.30459E-02
 -1       274-1.74122E-02-5.93880E-03-3.33399E-02
 -1       275-3.09884E-02-4.18407E-03-4.56661E-02
 -1       276-3.42209E-03-1.39845E-03-5.48219E-03
 -1       277-1.21194E-02 4.02275E-03-3.38928E-02
 -1       278-2.00431E-02 6.00966E-03-2.10118E-02
 -1       279-2.44729E-03-1.05400E-03-1.25072E-02
 -1       280-4.72268E-03 1.67300E-03-5.71934E-03
 -3
    1PSTEP                         8           3           1          
  100CL  103 8.75000E-01         280                     0    3           1
 -4  STRESS      6    1
 -5  SXX         1    4    1    1
 -5  SYY         1    4    2    2
 -5  SZZ         1    4    3    3
 -5  SXY         1    4    1    2
 -5  SYZ         1    4    2    3
 -5  SZX         1    4    3    1
 -1         1-2.29260E+03-7.74075E+02-7.06396E+02-3.71709E+02-1.04690E+02-4.62000E+02
 -1         2 1.35265E+02 5.86011E+01-8.59303E+01-9.26375E+01-1.16598E+01-2.96872E+02
 -1         3-2.30313E+03-7.73350E+02-7.13575E+02 3.68150E+02 1.00500E+02-4.59328E+02
 -1         4 1.38879E+02 5.24462E+01-7.89273E+01 9.46722E+01 1.06230E+01-2.82357E+02
 -1         5-8.47592E+02-1.15844E+00 2.64432E+01-5.01797E-01 8.79175E-01 3.13527E+01
 -1         6-9.01338E+02-2.81925E+00-3.84590E+02 1.56866E+00-3.99433E+00 3.17880E+01
 -1         7-8.47563E+02-6.43915E-01 2.51424E+01-4.40635E-01-1.27948E+00 3.04834E+01
 -1         8-9.02957E+02-2.08070E+00-3.82045E+02 1.36785E-01 1.57010E+00 3.16742E+01
 -1         9-1.04428E+03-3.96974E+02-4.40429E+02-2.65451E+02 4.34287E+00-2.85969E+02
 -1        10-1.60813E+03-6.94287E+02-6.94972E+02-4.07197E+02 3.63580E+00-3.16379E+02
 -1        11-7.51222E+02-3.22758E+02-3.21918E+02-2.31785E+02 1.72508E+00-2.74476E+02
 -1        12-2.19201E+03-9.21463E+02-8.63594E+02 2.24846E+01-2.44548E-01-6.12129E+02
 -1        13-2.57360E+03-1.12262E+03-1.11182E+03-1.24866E+02 2.34852E+00-6.93045E+02
 -1        14-2.45967E+03-1.07215E+03-1.06217E+03 1.51171E+02-2.66777E+00-6.72073E+02
 -1        15-1.01161E+03-3.41793E+02-3.90208E+02 2.23429E+02-1.13181E+01-3.09581E+02
 -1        16-1.60483E+03-6.93074E+02-6.93090E+02 3.94681E+02-3.67890E+00-3.41048E+02
 -1        17-8.36916E+02-3.59990E+02-3.59141E+02 2.30742E+02-1.70191E+00-2.71301E+02
 -1        18 3.29018E+02 1.00446E+02 1.55472E+01 4.44220E+00 7.54261E+00-3.31938E+02
 -1        19 7.21135E+02 3.08658E+02 3.13750E+02-5.62177E+01 6.75481E-01-4.78161E+02
 -1        20 7.02533E+02 3.00804E+02 3.05148E+02 6.41820E+01-7.37235E-01-4.48263E+02
 -1        21-8.65523E+02-3.45310E+00-1.74762E+02-3.77523E+00-8.82042E+00-3.90576E+01
 -1        22-8.63605E+02-2.25139E+00-4.22339E+01 5.11966E-01-6.73964E+00-3.44982E+00
 -1        23-8.97194E+02-6.97587E+00-3.20271E+02-3.72509E+00-7.22796E+00-6.06270E+00
 -1        24-8.47308E+02 4.06475E+01 2.45764E+01-6.91846E-01-1.36097E+00 3.81973E+01
 -1        25-8.48902E+02 2.36853E+01 2.41093E+01-1.40967E+00 1.12818E+00 2.67919E+01
 -1        26-8.51592E+02 1.64755E+01 2.00572E+01-1.35924E+00-1.64958E+00 1.94138E+01
 -1        27-8.73628E+02 2.16866E+00-1.70177E+02-1.54660E+00 1.22485E+01-3.66103E+01
 -1        28-8.60646E+02 2.78510E+00-3.50942E+01-2.91593E+00 7.47389E+00-3.37019E+00
 -1        29-8.91757E+02-3.55998E+00-3.16821E+02 2.37849E+00 7.43211E+00-3.92473E+00
 -1        30-8.92103E+02 1.72604E+01-3.67601E+02-3.56722E+00 3.08223E+00 2.07586E+01
 -1        31-8.88682E+02 9.75896E+00-3.69562E+02 2.87130E+00 2.78232E-02 1.64198E+01
 -1        32-8.93083E+02 4.06811E+00-3.72076E+02-4.07528E+00 1.80401E+00 1.67218E+01
 -1        33-9.68155E+02 4.17635E+01 5.11625E+01 5.97808E+01 3.91263E+00-2.28957E+01
 -1        34-1.49653E+03-9.40968E+01-4.85203E+01-5.41237E+01-3.75340E+01-1.20685E+02
 -1        35-9.05849E+02-2.10693E+00 7.36785E+00 9.38513E+00-6.07458E+00-1.16450E+01
 -1        36-6.37909E+02-1.04720E+01-3.69970E+02-6.65681E+00 4.82071E+00-2.98109E+01
 -1        37-2.43231E+02 9.89863E+00-3.36257E+02-3.89595E+01 6.79239E+00-9.86262E+01
 -1        38-8.04002E+02-8.27093E-01-3.61343E+02 1.48000E+00-1.07231E+00-5.29175E+00
 -1        39-9.63328E+02 4.49009E+01 4.12929E+01-6.35904E+01-4.95328E+00-4.79236E+00
 -1        40-1.50933E+03-8.29726E+01-5.52212E+01 5.05052E+01 4.60536E+01-1.11865E+02
 -1        41-8.99215E+02-2.44085E+00 8.39936E+00-9.76091E+00 5.22747E+00-7.03807E+00
 -1        42-6.15166E+02-6.68916E+00-3.71006E+02 3.28298E+00 3.79715E+00-3.46738E+01
 -1        43-2.46446E+02 2.06381E+00-3.39143E+02 4.29342E+01 2.60552E+00-8.73694E+01
 -1        44-8.05594E+02 3.64808E-02-3.62798E+02-4.67969E+00 3.17160E+00-4.65752E+00
 -1        45-7.43293E+02-3.00754E+02-3.08136E+02-1.36649E+00 1.71001E+01-3.41783E+02
 -1        46-4.67202E+02-1.90325E+02-1.91397E+02-5.87852E+01-3.51855E+00-3.38083E+02
 -1        47-1.16379E+03-4.22026E+02-4.53946E+02-1.46893E+02-1.98235E+01-4.24873E+02
 -1        48-5.36856E+02-2.21339E+02-1.90611E+02 8.27481E+01-2.29146E+00-3.05078E+02
 -1        49-1.06980E+03-4.77017E+02-4.74441E+02 1.46415E+02-9.95809E+00-3.67066E+02
 -1        50-2.46570E+02-9.45084E+01-1.39327E+02-9.18410E+01-5.86949E+00-3.16917E+02
 -1        51-7.97786E+02-3.43306E+02-3.41996E+02-1.80520E+02 1.35070E+00-2.79648E+02
 -1        52-9.03644E+02-3.79138E+02-3.52432E+02-1.41344E+02-2.35522E+00-3.14739E+02
 -1        53-6.21571E+02-2.57881E+02-2.71398E+02-4.28642E+01 1.25376E+00-3.18379E+02
 -1        54-1.10030E+03-4.22176E+02-4.81428E+02-2.15298E+02 1.35925E+01-3.25234E+02
 -1        55-1.61824E+03-6.26522E+02-6.05604E+02-2.66715E+02-4.17616E+01-4.46835E+02
 -1        56-1.01655E+03-3.98980E+02-3.99859E+02-6.44585E+01-1.97762E+01-3.77183E+02
 -1        57-1.67239E+03-7.01014E+02-6.61886E+02-5.81325E+01 2.30157E+01-5.21786E+02
 -1        58-1.33720E+03-5.60904E+02-5.68670E+02 9.47503E+00-6.07771E+00-4.58386E+02
 -1        59-1.64114E+03-7.11946E+02-7.05351E+02 1.01582E+02-1.31237E+00-5.19714E+02
 -1        60-1.66868E+03-6.62934E+02-6.46013E+02 2.66456E+02 3.31846E+01-4.31151E+02
 -1        61-7.29161E+02-3.25106E+02-3.30747E+02 5.53257E+01-8.92351E+00-3.27062E+02
 -1        62-6.55031E+01-4.69919E+01-7.21159E+01-4.19663E+01 1.81046E+01-3.50784E+02
 -1        63-4.51797E+02-1.94490E+02-1.91839E+02-9.51162E-01 5.55427E-03-3.15054E+02
 -1        64-7.34538E+02-2.82171E+02-2.95109E+02 1.37602E+02 1.32323E+01-3.03979E+02
 -1        65-2.37267E+02-9.55259E+01-1.19984E+02 9.86641E+01 2.97346E+00-3.00375E+02
 -1        66-6.84148E+02-2.94747E+02-2.92163E+02 4.07666E+01-3.34325E-01-3.11134E+02
 -1        67-8.39095E+02-3.65465E+02-3.72435E+02 1.15340E+02-1.75413E+01-3.11966E+02
 -1        68-1.70669E+02-7.76373E+01-9.48684E+01 4.99068E+01-7.95367E+00-3.09184E+02
 -1        69-1.09263E+03-4.70901E+02-4.68942E+02 2.34157E+02-2.04877E+00-3.36456E+02
 -1        70-8.93138E+02 2.12769E+01-1.69708E+02 1.45063E+00 3.50794E+00-3.21237E+01
 -1        71-8.75539E+02-2.61839E+00-3.34694E+02 4.60710E+00-8.65237E+00 2.47603E+00
 -1        72-8.84366E+02 3.99181E+00-3.22736E+02-7.50071E+00 6.71082E+00-1.09952E+01
 -1        73-8.77500E+02 2.49206E+01-1.21780E+01-1.41851E+00 5.02282E+00 4.69397E+00
 -1        74-8.74401E+02 1.78357E+01-1.52599E+01 3.49770E+00-1.05061E+01 1.30361E+00
 -1        75-8.84696E+02 1.18568E+01-3.43689E+02-8.87060E+00 5.06494E+00 2.75804E+00
 -1        76-8.80539E+02-6.80208E-01-3.55680E+02-3.47467E+00 2.82464E+00 9.77766E+00
 -1        77-8.83802E+02-3.23960E+00-2.68084E+02-2.14284E-01 1.36670E+01-1.61867E+01
 -1        78-8.92095E+02 1.44016E+01-2.99343E+02 2.11895E+00 1.75900E+00-1.02595E+01
 -1        79-8.97738E+02 1.00403E+01-2.62127E+02-2.91878E+00 8.30948E+00-2.12426E+01
 -1        80-8.84236E+02 1.37866E+01-1.72032E+02-2.34069E-01 1.44469E+01-2.50280E+01
 -1        81-8.74395E+02 3.07601E+01 1.25207E+01-1.62997E+00 1.42376E-01 1.12289E+01
 -1        82-8.69288E+02 8.98941E+00 7.01045E+00-5.77643E-01 2.60312E+00 1.53743E+01
 -1        83-8.70862E+02 1.60378E+01-7.46639E+01-4.18295E+00 8.97318E+00-1.24733E+01
 -1        84-8.73822E+02 3.36893E+01-7.80104E+01 3.23461E+00 7.33247E+00-1.22298E+01
 -1        85-8.66956E+02 3.77469E+01-3.71580E+01 1.77791E+00 1.00207E+00-1.62519E+00
 -1        86-8.67745E+02 3.23164E+01 8.31193E+00 2.26861E+00-8.66768E+00 2.10561E+01
 -1        87-8.69406E+02 6.48719E+00 1.05268E+01 1.92381E+00-2.85549E+00 1.26279E+01
 -1        88-8.56763E+02 1.25118E+01-8.10631E+01 6.33686E-01-9.09707E+00-1.82241E+01
 -1        89-8.70144E+02 2.64688E+01-7.43476E+01 2.33724E+00-1.35917E+01-1.47408E+01
 -1        90-8.75110E+02 3.39036E+00-1.81496E+02 1.52052E+00-9.98996E+00-2.53444E+01
 -1        91-8.74731E+02 1.46434E+01-3.49155E+02 2.77872E+00-1.23103E+00 6.51887E+00
 -1        92-8.81619E+02-5.31760E+00-3.64049E+02 3.95852E+00-4.85572E+00 1.40802E+01
 -1        93-8.77362E+02 1.97596E+00-2.64287E+02 3.74971E+00-9.46007E+00-1.02429E+01
 -1        94-8.87488E+02-8.92556E+00-2.72922E+02-7.13917E-01-1.06677E+01-1.58242E+01
 -1        95-8.41682E+02 5.59537E+01-1.38007E+02 2.13009E+01 9.16175E+00-3.10591E+02
 -1        96-7.93333E+02 8.26994E+00-2.78848E+02 3.01917E+00-1.04589E+00-1.09969E+02
 -1        97-9.30205E+02-2.82649E-01-6.16522E+01 9.82792E+00-3.51956E+00-1.02849E+02
 -1        98-1.11928E+03 6.05565E+01-6.32661E+01 1.82101E+01 3.56394E+01-3.07224E+02
 -1        99-5.94724E+02 2.72981E+01-2.30036E+02-3.04390E+01 1.87870E+01-2.98168E+02
 -1       100-1.60448E+03-2.29086E+02-3.01016E+02-1.63102E+02-4.95906E+01-3.58909E+02
 -1       101-9.70417E+02 1.47191E+00-2.25924E+02-9.32406E+01 1.18991E+01-2.97890E+02
 -1       102-8.86228E+02-3.34423E+01-2.15646E+02-8.58637E+01 1.90060E+00-3.17430E+02
 -1       103-9.56758E+02 8.28159E+01-6.50552E+01 2.24124E+01 8.10122E+00-2.95460E+02
 -1       104-7.58689E+02 2.27288E+01-2.18799E+02-3.99868E+00 1.13543E+01-3.06743E+02
 -1       105-8.37301E+02-1.60807E+02-2.90474E+02-1.37247E+02 9.71836E+00-3.00190E+02
 -1       106-2.98491E+02 3.55563E+01-2.02953E+02-5.43733E+01-5.51683E+00-2.80472E+02
 -1       107-7.68567E+02 8.13027E+00-2.09996E+02 1.87412E+01 1.12430E+00-2.07164E+02
 -1       108-7.17450E+02-3.99540E-01-3.20698E+02 2.32075E+00 6.40676E+00-8.67491E+01
 -1       109-6.87240E+02 6.57399E+00-2.62676E+02 1.15740E+01 1.20061E+01-1.90249E+02
 -1       110-8.46514E+02 5.24284E-01-1.63738E+02 1.06383E+01-1.97188E+00-1.71934E+02
 -1       111-8.35543E+02-7.01253E-01-2.36252E+02 5.64049E-02-4.87979E+00-7.44648E+01
 -1       112-8.44341E+02 6.77408E+00-3.28954E+02-1.66267E+00-2.75020E+00-3.49805E+01
 -1       113-8.94909E+02-3.01452E+00-1.08554E+02 1.67169E+01-1.54374E+00-2.13279E+02
 -1       114-8.97377E+02-7.93903E-01-1.06443E+02 6.63160E-01-5.02719E+00-7.52441E+01
 -1       115-9.29327E+02 1.57292E+00-5.16669E+01 2.82172E+01-6.36305E+00-1.88618E+02
 -1       116-9.67128E+02 6.61814E-01-2.33843E+01 1.52278E+01-6.16121E+00-8.66035E+01
 -1       117-8.92282E+02-6.11403E-01-2.05287E+01 6.22354E+00-1.29894E+00-3.09483E+01
 -1       118-1.03998E+03 2.82175E+01 9.49159E+00 5.39373E+01 3.07309E+01-1.49501E+02
 -1       119-5.71912E+02-4.63276E+00-3.19818E+02-2.74488E+01 1.43354E+01-1.50296E+02
 -1       120-8.34454E+02 1.57293E+01-1.54216E+02-3.15029E+01-7.09852E+00-3.12973E+02
 -1       121-9.27591E+02-5.26841E+00-5.98712E+01-1.02902E+01 5.08266E+00-1.00977E+02
 -1       122-1.11533E+03 6.51895E+01-1.04882E+02 2.12939E+01-2.57336E+01-3.05608E+02
 -1       123-7.97726E+02 8.70740E+00-2.84927E+02-5.41391E+00-4.46112E-01-1.03980E+02
 -1       124-5.95508E+02 4.59806E+01-2.26946E+02 1.25677E+01-2.29067E+01-2.93685E+02
 -1       125-7.18823E+02-1.27448E+00-3.27392E+02-4.02732E+00 1.89183E+00-7.73859E+01
 -1       126-7.97525E+02 1.34154E+01-2.13955E+02-1.45045E+01-5.83862E+00-2.01576E+02
 -1       127-6.73713E+02 1.21243E+01-2.63855E+02-7.12073E+00 4.81578E+00-2.01178E+02
 -1       128-8.45792E+02 4.45454E+00-3.30338E+02 9.26813E-01 1.02057E+00-3.18308E+01
 -1       129-5.47153E+02 6.34219E+00-3.13420E+02 1.10126E+01-8.07497E+00-1.58929E+02
 -1       130-7.07232E+02 8.25830E+00-2.15522E+02-2.45779E+01-2.30913E+01-3.12154E+02
 -1       131-3.03688E+02 3.68860E+01-1.91403E+02 4.44706E+01 2.74888E+00-2.66536E+02
 -1       132-9.80799E+02-1.35600E+01-3.58517E+01-1.33861E+01 7.59476E+00-7.83150E+01
 -1       133-9.31684E+02-2.44284E+00-6.45339E+01-3.20498E+01 2.34136E-01-1.83549E+02
 -1       134-9.15253E+02-1.47838E+01-1.23718E+02-1.28109E+01-2.88181E+00-2.02017E+02
 -1       135-8.91193E+02-4.41207E+00-1.88670E+01-5.28862E+00 2.37327E+00-3.18364E+01
 -1       136-8.99933E+02-1.97535E+00-1.08159E+02-8.06808E+00 7.28781E+00-7.01526E+01
 -1       137-8.58028E+02-3.08558E+00-1.68487E+02-9.05333E+00-8.16909E-01-1.67176E+02
 -1       138-1.05444E+03-1.36213E+02-2.78443E+02 1.34867E+02-3.15799E+01-3.01704E+02
 -1       139-8.73450E+02-3.34532E+01-2.03513E+02 4.59804E+01-1.15547E+01-3.35141E+02
 -1       140-8.90974E+02 4.40986E+01-7.57492E+01-2.50727E+01-6.80017E+00-3.16738E+02
 -1       141-1.60934E+03-2.09223E+02-3.16517E+02 1.78509E+02 4.22813E+01-3.48945E+02
 -1       142-9.77880E+02 1.09378E+02 5.19389E+01-7.37420E+01-4.32671E+01-1.25334E+02
 -1       143-8.33248E+02 3.01941E+00-2.32377E+02-2.74188E+00 4.82371E+00-7.38149E+01
 -1       144-8.15125E+02-8.28824E+01-2.55708E+02 9.51812E+01-1.34264E+00-3.04065E+02
 -1       145-1.17611E+03 3.67949E+01 8.54608E+01-3.23986E+00-3.52534E+00-1.79884E+01
 -1       146-1.53722E+03-8.59933E+01 3.28185E+01 4.44039E+01 2.30222E+00-1.39060E+02
 -1       147-8.98919E+02 2.71663E+01 1.31840E+01-1.45664E+01 5.53605E-01 1.29373E-01
 -1       148-8.96927E+02 2.67081E+01 3.48637E-01 1.52812E+01-1.77940E+00 4.54291E+00
 -1       149-1.44260E+03-1.24276E+01 1.41533E+02-4.10289E+01-4.15558E+00 2.76605E+01
 -1       150-1.75515E+03-4.16491E+02-1.52789E+02 7.41595E+00-1.43562E+00-2.30876E+02
 -1       151-1.90681E+03-3.56545E+02-2.24981E+02-1.95345E+02-6.07323E+01-2.30117E+02
 -1       152-1.60940E+03-3.35084E+02-2.02086E+02 1.14408E+01-8.27063E+00-2.43609E+02
 -1       153-1.85670E+03-4.81104E+02-3.55740E+02 2.01194E+01-1.99018E+00-3.81039E+02
 -1       154-1.35231E+03-3.18514E+01 4.87473E+01-1.95815E+00-1.21267E+01-9.26218E+01
 -1       155-1.29104E+03 2.02082E+01 1.43499E+02 2.23484E+01-1.76036E+01 5.86904E+01
 -1       156-1.87780E+03-3.65788E+02-1.91318E+02 1.74394E+02 6.13293E+01-2.63599E+02
 -1       157-1.08755E+03 9.52078E+01 7.24679E+01 3.22740E+01 4.14412E+01 1.79207E+01
 -1       158-1.20906E+03 3.10294E+01 3.95221E+01-3.07111E+01-1.93953E+01-2.13011E+01
 -1       159-1.05643E+03 7.67582E+00 1.21846E+01-3.36072E+01 1.03277E+01-2.79798E+01
 -1       160-9.43972E+02 1.41679E+01 2.71351E+00-2.11103E+01 7.78474E+00-1.69338E+01
 -1       161-9.46807E+02 4.24610E+01 3.80479E+01-1.66647E+01 1.47175E+00-3.99873E+00
 -1       162-8.66126E+02 1.49031E+01 8.10040E+00-6.09377E+00-7.22948E-01 1.48236E+01
 -1       163-8.72569E+02 3.03563E+01 1.67687E+01-9.52738E+00-2.49414E+00 1.48559E+01
 -1       164-9.08419E+02 4.49007E+01 2.86111E+01-1.54900E+00-3.33895E+00 1.62113E+01
 -1       165-8.70077E+02 3.39195E+01 2.48687E+00 9.61549E+00 2.10177E-02 2.13385E+01
 -1       166-9.54200E+02 4.93597E+01 2.43991E+01 1.04214E+01-4.49820E+00 2.02157E+00
 -1       167-9.58226E+02 1.29702E+01 1.15811E+01 1.94387E+01-7.51630E+00-2.37779E+01
 -1       168-1.07137E+03 2.02091E+01 3.09832E+01 3.52195E+01-1.19250E+01-3.23866E+00
 -1       169-8.64222E+02 1.25174E+01 7.68361E+00 4.60932E+00-5.79474E-01 1.50397E+01
 -1       170-6.45489E+02-2.46636E+01-3.87470E+02-4.58147E+00-3.54885E+00-4.96823E+01
 -1       171-8.55390E+02-1.16971E+01-3.52443E+02-3.04348E+00 1.06336E+00 3.24968E+00
 -1       172-8.31769E+02-8.72133E+00-3.70184E+02 9.58707E+00-3.32773E-01-8.90872E-01
 -1       173-2.36617E+02-3.10971E+01-4.08694E+02 4.11033E+01-4.98283E+00-5.93290E+01
 -1       174-2.75481E+02-4.46255E+01-4.16757E+02-4.98352E+01 1.24384E+00-4.62829E+00
 -1       175-4.87794E+02-2.64050E+01-3.76719E+02 2.17633E+01 4.91635E-01-3.17135E+01
 -1       176 2.27705E+01 2.89589E+01-2.71384E+02 5.47651E+01-9.90579E-01-1.61446E+02
 -1       177-4.87655E+02-3.33400E+01-3.83528E+02 3.20057E+01 9.94024E-01-4.87279E+01
 -1       178-6.73139E+02-2.25932E+01-3.80063E+02 5.65721E+00 1.87490E+00-3.50685E+01
 -1       179-7.65812E+02-1.02911E+01-3.57352E+02-6.36647E+00 2.38511E+00-1.89646E+01
 -1       180-8.84523E+02-6.57307E+00-3.62253E+02-2.69626E+00 8.70379E-01 1.53539E+01
 -1       181-7.79057E+02-1.81574E+01-3.48834E+02 5.04313E+00-1.37009E+00-1.38167E+01
 -1       182-7.55498E+02-1.36483E+01-3.75684E+02-2.11389E+00-1.47687E+00-1.59382E+01
 -1       183-7.70176E+02-3.39776E+01-3.94517E+02 9.10179E-01-8.74159E+00-3.41192E+01
 -1       184-6.26199E+02-1.66557E+01-3.70020E+02-8.07157E+00-1.20734E+01-3.18736E+01
 -1       185-8.82664E+02-6.36204E+00-3.61318E+02 8.12489E+00-3.37618E+00 1.62376E+01
 -1       186-8.76824E+02 5.84160E+00-3.60928E+02 8.07815E-01 5.89480E+00 3.61267E+00
 -1       187-8.16692E+02-8.59742E+00-3.58822E+02-2.37865E+00-5.75715E+00-1.81338E+01
 -1       188 8.32072E+01 3.04302E+01-2.43316E+02 5.64684E+01-1.04737E+01-1.74501E+02
 -1       189-1.62674E+02 1.89095E+01-2.92561E+02-7.25971E+00 2.15037E+01-1.40593E+02
 -1       190-4.98398E+02-3.15804E+01-3.57938E+02-2.05147E+01 3.65387E+00-1.37684E+01
 -1       191-4.75674E+02-4.17305E+01-4.27098E+02-3.89151E+01-6.70000E+00 1.59114E+01
 -1       192 2.00298E+01 3.50433E+01-2.48627E+02-5.43294E+01-1.40195E+00-1.53882E+02
 -1       193 1.28368E+02 6.56940E+01-2.05593E+02-4.51060E+01 3.57952E+00-1.79801E+02
 -1       194-8.74780E+02-4.61636E-02-3.52258E+02-4.11818E+00-6.55160E-01 6.71071E+00
 -1       195-8.04068E+02-3.99375E+01-2.36752E+02 8.52337E+00-7.43398E+00-3.20676E+02
 -1       196-9.78170E+02 1.21698E+01-1.07760E+02 1.39846E+01 3.27365E+00-1.94937E+02
 -1       197-1.12153E+03-1.36727E+02-2.48607E+02-6.60497E+01 6.55360E+00-3.65050E+02
 -1       198-1.00072E+03-1.12739E+02-2.28536E+02-5.39613E+01-8.07416E+00-3.37062E+02
 -1       199-1.05626E+03 9.94289E-01-8.05170E+01 9.51329E+00 2.04816E+01-2.45961E+02
 -1       200-9.25761E+02 1.71258E+01-1.41213E+02 1.80997E+01 9.58185E+00-2.60849E+02
 -1       201-1.03783E+03-1.24330E+02-1.78279E+02-4.16523E+01-1.37077E+01-3.04069E+02
 -1       202-9.85733E+02 1.72919E+01-5.56110E+00-1.36222E+01 5.50435E+00-6.47208E+01
 -1       203-9.14566E+02 1.25497E+01-1.90335E+01-1.07837E+01 4.32236E+00-4.77966E+01
 -1       204-9.60789E+02-6.62580E+00-8.76040E+01-5.91274E+00 6.01673E+00-1.29203E+02
 -1       205-9.61129E+02 6.60381E+00-5.49673E+01-6.65949E+00 1.83268E+00-7.73506E+01
 -1       206-1.08441E+03 1.50852E+01-2.62810E+01 2.10713E+00 1.34639E+00-1.12328E+02
 -1       207-8.97999E+02 1.34945E+01-1.00302E+02-5.83682E+00 7.04215E+00-6.34118E+01
 -1       208-8.98693E+02 9.47861E+00-3.73104E+01-8.52092E+00 4.59475E+00-4.50340E+01
 -1       209-8.09529E+02-1.24065E+01-3.37542E+02-5.55198E+00-3.79702E-01-3.78598E+01
 -1       210-8.63256E+02-1.57290E+00-3.34000E+02-8.08724E+00 7.97152E-01-1.02122E+01
 -1       211-8.57187E+02 6.19520E+00-2.84646E+02 7.90375E+00 1.08382E+00-2.57838E+01
 -1       212-8.63347E+02-3.16970E+00-3.42620E+02 1.06537E+01-1.96558E+00-5.29743E+00
 -1       213-5.53335E+02-1.43348E+01-3.16679E+02-1.93128E+01 1.08905E+01-1.71769E+02
 -1       214-4.00593E+02 1.77259E-01-3.05963E+02-4.05074E+01 1.23332E+01-1.74735E+02
 -1       215-1.29090E+03-2.14321E+02-1.44464E+02-9.59372E+01-1.24021E+01-2.20922E+02
 -1       216-1.27264E+03-1.93426E+02-1.69622E+02-5.41435E+01-4.94789E+00-2.31015E+02
 -1       217-8.66290E+02 6.92478E+00-2.40147E+02-7.23579E+00 1.37208E+00-6.93458E+01
 -1       218-8.47129E+02 4.30766E+00-3.04250E+02-3.68973E+00 2.92571E+00-5.57436E+01
 -1       219-8.84954E+02 4.67060E+00-1.66305E+02-1.18723E+01 8.93433E-01-1.49501E+02
 -1       220-9.32305E+02-1.08340E+01-1.42493E+02-9.92504E+00-1.24416E+00-2.28400E+02
 -1       221-9.13944E+02 1.70236E+01-1.27077E+02 5.99587E+00 2.47422E+00-1.10373E+02
 -1       222-8.11462E+02-2.10768E+00-2.91719E+02-6.85807E+00 4.64838E-01-6.49453E+01
 -1       223-8.46495E+02 7.69514E+00-2.43651E+02 1.11021E+01 1.74351E+00-1.21225E+02
 -1       224-8.00224E+02-1.02147E+01-2.59667E+02-3.60699E-01-7.44369E-01-1.68507E+02
 -1       225-7.09670E+02-2.75224E+00-2.72850E+02 2.54994E+00 5.43494E+00-1.91431E+02
 -1       226-7.27495E+02-5.36253E+01-2.38792E+02-2.06908E+01 6.98975E+00-2.80438E+02
 -1       227-8.70316E+02-3.78834E+01-2.25496E+02-5.38167E+00-7.44175E-01-2.98777E+02
 -1       228-6.83773E+02-2.89305E+01-3.06495E+02-1.17338E+00-3.06257E+00-1.82888E+02
 -1       229-1.05037E+03-1.27208E+02-1.09919E+02 4.21567E+00 1.85538E+01-2.23131E+02
 -1       230-9.07978E+02-1.02954E+02-1.95969E+02 1.45095E+01 1.49846E+01-3.01114E+02
 -1       231-7.64804E+02 1.82958E+00-2.48685E+02 1.68901E+00-6.64314E+00-2.03472E+02
 -1       232-8.57674E+02-8.15249E+00-2.02250E+02 1.77976E+00-4.32499E+00-1.75765E+02
 -1       233-8.26955E+02-6.13008E+00-2.08493E+02-1.67256E+01-9.30545E+00-3.24212E+02
 -1       234-8.36262E+02-7.98333E+01-1.89524E+02-1.12014E+01 1.22942E+01-3.19902E+02
 -1       235-1.01812E+03-1.24281E+00-5.91109E+01-1.95471E+01-1.12303E+00-1.75435E+02
 -1       236-1.06739E+03-3.26145E+01-1.15238E+02-1.02162E+01-1.54162E+01-2.29311E+02
 -1       237-8.04412E+02-1.73719E+02-2.73455E+02 1.26296E+01 1.53408E+01-3.36367E+02
 -1       238-9.22986E+02-3.56319E+01-2.02175E+02 1.04867E+01-4.26971E+00-2.86683E+02
 -1       239-8.96094E+02 1.43088E+01-1.74829E+01 9.71058E+00-6.92745E+00-1.12047E+00
 -1       240-9.21551E+02 1.56746E+01-5.12352E+01-5.32271E-01 3.36641E+00-5.46711E+01
 -1       241-9.21874E+02 1.37907E+01-6.44574E+01 5.10804E+00-6.59252E+00-7.80428E+01
 -1       242-9.54278E+02 1.55040E+01-5.32661E+01 1.21912E+01 2.13161E-01-8.00430E+01
 -1       243-9.02222E+02 6.69056E+00-4.11809E+01 8.07760E+00-4.20461E+00-4.92885E+01
 -1       244-9.07687E+02 6.67903E+00-1.44571E+02 6.58682E+00-5.22795E+00-1.10886E+02
 -1       245-9.59810E+02 6.70696E+00-8.81987E+01 1.57031E+01-5.95563E+00-1.36983E+02
 -1       246-9.12093E+02 1.28409E+01-2.69368E+01 1.12554E+01-4.27888E+00-4.69250E+01
 -1       247-1.02688E+03-4.37960E+00-4.93792E+01 2.90859E+01-1.13204E+01-1.15445E+02
 -1       248-4.14139E+02-2.28535E+00-3.15878E+02 3.39315E+01-1.34102E+01-1.89339E+02
 -1       249-7.22830E+02-1.80337E+01-2.57325E+02 2.18090E+01-2.82673E+01-3.04274E+02
 -1       250-5.16951E+02-2.60703E+01-3.02000E+02 1.78786E+01-4.61919E+00-2.01074E+02
 -1       251-6.60708E+02-9.97723E+00-2.94240E+02 1.17350E+01-6.05796E+00-1.76702E+02
 -1       252-5.56376E+02-5.35640E+01-1.76649E+02 5.80203E+01-1.56082E+01-3.05078E+02
 -1       253-8.62488E+02-1.20209E+02-2.60725E+02 9.22347E+01-1.05037E+01-3.22116E+02
 -1       254-6.72327E+02-1.15423E+02-2.00121E+02 4.30584E+01-3.92300E+00-3.14421E+02
 -1       255-3.87628E+02-1.37808E+02-3.20468E+02 6.25946E+01-5.08935E+00-1.87930E+02
 -1       256-3.63859E+02-2.97153E+01-1.76805E+02 7.17031E+00 2.38860E-01-2.84937E+02
 -1       257-9.22971E+02 6.88156E+00-1.61193E+02 2.21378E+01-5.19073E+00-3.28655E+02
 -1       258-8.61354E+02 1.28174E+01-1.95226E+02 8.58816E+00-1.85839E+00-1.66194E+02
 -1       259-6.47107E+02-1.39903E+02-2.35852E+02-2.40061E+01-1.86598E+00-2.99032E+02
 -1       260-1.12788E+03-1.86174E+02-3.10048E+02 8.14228E+01-2.11124E+01-3.41548E+02
 -1       261-1.34446E+03-2.89596E+02-1.82718E+02 9.52946E+01 3.89469E+00-2.60010E+02
 -1       262-8.90812E+02 1.88469E+01-6.71240E+00-6.14074E+00 2.30142E+00-3.61401E+00
 -1       263-8.09484E+02 1.68927E+00-3.25617E+02 7.08548E+00-1.55049E+00-5.35302E+01
 -1       264-3.71928E+02-1.19033E+02-3.04563E+02-4.97487E+01-3.56389E+00-1.85806E+02
 -1       265-1.34611E+03-2.48984E+01-3.79354E+01-1.01947E+01 4.25205E+01-1.70539E+02
 -1       266-5.33151E+02-6.12480E+01-1.99137E+02-4.94706E+01 8.22511E+00-3.19386E+02
 -1       267-8.28412E+02-1.98251E+00-3.22850E+02-2.79744E+00 3.84662E+00-4.67449E+01
 -1       268-1.36385E+03-3.62936E+01-6.09935E+01 3.91207E+01-1.99458E+01-2.27084E+02
 -1       269-8.39468E+02 3.19329E+00-3.07477E+02-2.66854E-01-4.88654E+00-5.13663E+01
 -1       270-8.95457E+02 2.29270E+01-6.09469E+01-6.92688E+00 3.56168E+00-2.56985E+01
 -1       271-1.13839E+03-2.16346E+02-1.77458E+02 3.96533E+01 2.39930E+01-2.76071E+02
 -1       272-1.12323E+03-6.23500E+01-1.36266E+02 3.33200E+01-8.79332E+00-2.67814E+02
 -1       273-1.22970E+03-1.65188E+01-8.43719E+00 1.54350E+01 2.80004E+01-1.43056E+02
 -1       274-7.71104E+02 1.33013E+01-2.58275E+02 1.10334E+01 5.48325E+00-1.51302E+02
 -1       275-8.50495E+02 7.92319E+00-2.38765E+02 1.17689E+00-3.69416E+00-6.70998E+01
 -1       276-7.01670E+02-1.23691E+02-2.27549E+02-3.28413E+01 1.98291E+01-3.07975E+02
 -1       277-7.51904E+02-9.13518E+00-3.36684E+02-1.93004E+00 2.95178E+00-7.69434E+01
 -1       278-1.12804E+03-1.39496E+01-7.81745E+01 5.22005E+00-3.72903E+00-2.29082E+02
 -1       279-4.67910E+02-7.56369E+01-2.72026E+02-1.59877E+01-5.82180E+00-1.98543E+02
 -1       280-9.30753E+02-1.53442E+02-2.47196E+02 2.95706E+01-4.54142E+00-3.32748E+02
 -3
    1PSTEP                         9           3           1          
  100CL  103 8.75000E-01         280                     0    3           1
 -4  ERROR       1    1
 -5  STR(%)      1    1    0    0
 -1         1 1.37852E+01
 -1         2 2.90595E+01
 -1         3 1.34752E+01
 -1         4 2.97225E+01
 -1         5 2.72358E+00
 -1         6 4.20140E+00
 -1         7 2.45392E+00
 -1         8 4.07897E+00
 -1         9 1.00345E+01
 -1        10 1.19098E+01
 -1        11 1.95470E+01
 -1        12 1.49977E+01
 -1        13 1.43914E+01
 -1        14 1.42364E+01
 -1        15 1.04065E+01
 -1        16 1.19409E+01
 -1        17 2.00645E+01
 -1        18 2.97225E+01
 -1        19 2.93910E+01
 -1        20 2.97225E+01
 -1        21 2.72211E+00
 -1        22 2.72284E+00
 -1        23 3.46176E+00
 -1        24 3.22452E+00
 -1        25 2.97405E+00
 -1        26 2.83922E+00
 -1        27 1.75619E+00
 -1        28 2.10506E+00
 -1        29 2.91758E+00
 -1        30 2.55520E+00
 -1        31 3.37830E+00
 -1        32 3.31709E+00
 -1        33 1.37852E+01
 -1        34 1.37852E+01
 -1        35 8.25437E+00
 -1        36 9.18969E+00
 -1        37 1.91246E+01
 -1        38 6.69555E+00
 -1        39 1.34752E+01
 -1        40 1.34752E+01
 -1        41 7.96457E+00
 -1        42 1.01672E+01
 -1        43 1.99449E+01
 -1        44 7.12308E+00
 -1        45 1.49977E+01
 -1        46 2.90595E+01
 -1        47 1.09052E+01
 -1        48 2.97225E+01
 -1        49 1.49977E+01
 -1        50 2.90595E+01
 -1        51 1.95470E+01
 -1        52 1.25161E+01
 -1        53 2.20286E+01
 -1        54 1.04698E+01
 -1        55 1.23452E+01
 -1        56 1.29514E+01
 -1        57 1.29514E+01
 -1        58 1.49977E+01
 -1        59 1.49977E+01
 -1        60 1.42364E+01
 -1        61 1.49977E+01
 -1        62 2.93910E+01
 -1        63 2.23601E+01
 -1        64 2.00645E+01
 -1        65 2.97225E+01
 -1        66 2.23601E+01
 -1        67 1.27021E+01
 -1        68 2.97225E+01
 -1        69 1.27021E+01
 -1        70 5.06492E+00
 -1        71 1.80512E+00
 -1        72 3.55867E+00
 -1        73 1.55384E+00
 -1        74 2.39141E+00
 -1        75 3.05694E+00
 -1        76 3.81882E+00
 -1        77 2.65743E+00
 -1        78 3.81006E+00
 -1        79 4.31179E+00
 -1        80 3.41055E+00
 -1        81 2.38918E+00
 -1        82 2.00388E+00
 -1        83 1.65501E+00
 -1        84 3.30938E+00
 -1        85 4.14472E+00
 -1        86 2.80797E+00
 -1        87 2.55750E+00
 -1        88 2.55676E+00
 -1        89 3.72816E+00
 -1        90 3.89351E+00
 -1        91 2.18016E+00
 -1        92 3.00326E+00
 -1        93 3.43502E+00
 -1        94 2.26362E+00
 -1        95 1.05059E+01
 -1        96 4.20140E+00
 -1        97 2.72358E+00
 -1        98 1.37852E+01
 -1        99 1.08010E+01
 -1       100 1.37852E+01
 -1       101 1.19098E+01
 -1       102 1.02702E+01
 -1       103 1.21455E+01
 -1       104 1.06534E+01
 -1       105 1.04178E+01
 -1       106 1.99303E+01
 -1       107 7.35363E+00
 -1       108 6.69555E+00
 -1       109 9.84778E+00
 -1       110 6.61399E+00
 -1       111 3.46176E+00
 -1       112 4.20140E+00
 -1       113 6.61472E+00
 -1       114 2.72284E+00
 -1       115 1.21455E+01
 -1       116 8.25437E+00
 -1       117 2.72358E+00
 -1       118 1.37852E+01
 -1       119 9.99536E+00
 -1       120 9.25096E+00
 -1       121 2.62050E+00
 -1       122 1.34752E+01
 -1       123 5.06492E+00
 -1       124 1.21501E+01
 -1       125 7.61606E+00
 -1       126 7.15794E+00
 -1       127 9.70908E+00
 -1       128 4.57194E+00
 -1       129 1.11587E+01
 -1       130 1.07006E+01
 -1       131 2.09363E+01
 -1       132 8.04786E+00
 -1       133 1.13631E+01
 -1       134 5.93573E+00
 -1       135 2.53721E+00
 -1       136 2.18834E+00
 -1       137 5.50357E+00
 -1       138 1.19409E+01
 -1       139 9.82874E+00
 -1       140 1.13631E+01
 -1       141 1.34752E+01
 -1       142 1.34752E+01
 -1       143 3.41055E+00
 -1       144 1.12783E+01
 -1       145 1.09052E+01
 -1       146 1.49977E+01
 -1       147 3.20391E+00
 -1       148 3.22452E+00
 -1       149 1.37852E+01
 -1       150 1.43914E+01
 -1       151 1.37852E+01
 -1       152 1.29514E+01
 -1       153 1.49977E+01
 -1       154 1.29514E+01
 -1       155 1.23452E+01
 -1       156 1.42364E+01
 -1       157 1.37852E+01
 -1       158 1.42364E+01
 -1       159 1.21902E+01
 -1       160 8.33957E+00
 -1       161 7.05455E+00
 -1       162 2.82892E+00
 -1       163 3.21422E+00
 -1       164 7.06485E+00
 -1       165 3.22452E+00
 -1       166 7.06485E+00
 -1       167 8.50484E+00
 -1       168 1.23452E+01
 -1       169 2.97405E+00
 -1       170 1.41633E+01
 -1       171 4.07897E+00
 -1       172 4.57171E+00
 -1       173 2.97225E+01
 -1       174 2.90595E+01
 -1       175 1.99449E+01
 -1       176 2.97225E+01
 -1       177 2.19429E+01
 -1       178 1.21652E+01
 -1       179 7.12308E+00
 -1       180 4.07897E+00
 -1       181 9.12112E+00
 -1       182 6.88070E+00
 -1       183 9.36749E+00
 -1       184 1.16765E+01
 -1       185 4.38656E+00
 -1       186 3.56346E+00
 -1       187 8.35924E+00
 -1       188 2.97225E+01
 -1       189 2.19429E+01
 -1       190 1.91246E+01
 -1       191 2.16114E+01
 -1       192 2.90595E+01
 -1       193 2.93910E+01
 -1       194 3.31709E+00
 -1       195 1.41633E+01
 -1       196 1.05059E+01
 -1       197 1.23452E+01
 -1       198 1.07055E+01
 -1       199 1.21455E+01
 -1       200 1.05059E+01
 -1       201 1.07055E+01
 -1       202 6.76285E+00
 -1       203 2.91221E+00
 -1       204 6.56318E+00
 -1       205 6.85489E+00
 -1       206 1.07055E+01
 -1       207 3.84271E+00
 -1       208 2.08717E+00
 -1       209 8.86097E+00
 -1       210 3.81882E+00
 -1       211 4.81831E+00
 -1       212 3.18842E+00
 -1       213 1.24821E+01
 -1       214 1.99303E+01
 -1       215 1.23452E+01
 -1       216 1.09052E+01
 -1       217 5.06492E+00
 -1       218 4.31179E+00
 -1       219 7.15794E+00
 -1       220 9.87841E+00
 -1       221 7.78539E+00
 -1       222 9.61409E+00
 -1       223 7.53879E+00
 -1       224 1.23346E+01
 -1       225 1.23346E+01
 -1       226 1.24821E+01
 -1       227 1.23346E+01
 -1       228 1.41633E+01
 -1       229 1.29514E+01
 -1       230 1.27518E+01
 -1       231 9.61409E+00
 -1       232 9.61409E+00
 -1       233 1.17071E+01
 -1       234 1.27518E+01
 -1       235 1.00781E+01
 -1       236 1.25342E+01
 -1       237 1.45805E+01
 -1       238 1.23346E+01
 -1       239 2.80797E+00
 -1       240 6.86519E+00
 -1       241 6.44864E+00
 -1       242 6.86519E+00
 -1       243 2.55750E+00
 -1       244 6.61399E+00
 -1       245 6.61472E+00
 -1       246 2.97405E+00
 -1       247 1.21455E+01
 -1       248 2.09363E+01
 -1       249 1.31567E+01
 -1       250 2.19429E+01
 -1       251 1.21652E+01
 -1       252 2.09363E+01
 -1       253 1.22849E+01
 -1       254 2.19429E+01
 -1       255 2.97225E+01
 -1       256 2.19429E+01
 -1       257 1.38192E+01
 -1       258 7.35363E+00
 -1       259 2.16114E+01
 -1       260 1.42364E+01
 -1       261 1.49977E+01
 -1       262 2.37888E+00
 -1       263 4.38656E+00
 -1       264 2.90595E+01
 -1       265 1.37852E+01
 -1       266 1.99303E+01
 -1       267 4.57194E+00
 -1       268 1.42364E+01
 -1       269 3.00326E+00
 -1       270 4.13442E+00
 -1       271 1.49977E+01
 -1       272 1.45805E+01
 -1       273 1.23452E+01
 -1       274 7.53879E+00
 -1       275 4.63316E+00
 -1       276 1.28994E+01
 -1       277 9.61409E+00
 -1       278 1.21243E+01
 -1       279 2.16114E+01
 -1       280 1.42364E+01
 -3
    1PSTEP                        10           4           1          
  100CL  104 1.000000000         280                     0    4           1
 -4  DISP        4    1
 -5  D1          1    2    1    0
 -5  D2          1    2    2    0
 -5  D3          1    2    3    0
 -5  ALL         1    2    0    0    1ALL
 -1         1 0.00000E+00 0.00000E+00 0.00000E+00
 -1         2 0.00000E+00 0.00000E+00 0.00000E+00
 -1         3 0.00000E+00 0.00000E+00 0.00000E+00
 -1         4 0.00000E+00 0.00000E+00 0.00000E+00
 -1         5-6.87173E-02-7.63076E-03-6.50553E-02
 -1         6-2.43162E-02-1.09770E-02-6.02273E-02
 -1         7-6.89504E-02 7.81726E-03-6.51116E-02
 -1         8-2.43603E-02 1.11035E-02-6.01263E-02
 -1         9 0.00000E+00 0.00000E+00 0.00000E+00
 -1        10 0.00000E+00 0.00000E+00 0.00000E+00
 -1        11 0.00000E+00 0.00000E+00 0.00000E+00
 -1        12 0.00000E+00 0.00000E+00 0.00000E+00
 -1        13 0.00000E+00 0.00000E+00 0.00000E+00
 -1        14 0.00000E+00 0.00000E+00 0.00000E+00
 -1        15 0.00000E+00 0.00000E+00 0.00000E+00
 -1        16 0.00000E+00 0.00000E+00 0.00000E+00
 -1        17 0.00000E+00 0.00000E+00 0.00000E+00
 -1        18 0.00000E+00 0.00000E+00 0.00000E+00
 -1        19 0.00000E+00 0.00000E+00 0.00000E+00
 -1        20 0.00000E+00 0.00000E+00 0.00000E+00
 -1        21-4.65211E-02-9.21917E-03-5.88347E-02
 -1        22-5.67539E-02-8.23125E-03-6.12398E-02
 -1        23-3.63100E-02-1.03109E-02-5.88056E-02
 -1        24-6.91519E-02 1.67000E-04-6.46627E-02
 -1        25-6.91689E-02-3.95776E-03-6.46941E-02
 -1        26-6.92868E-02 4.14616E-03-6.47110E-02
 -1        27-4.65205E-02 9.46033E-03-5.87569E-02
 -1        28-5.68638E-02 8.45332E-03-6.12993E-02
 -1        29-3.63294E-02 1.05155E-02-5.87211E-02
 -1        30-2.27576E-02 1.14291E-04-5.96363E-02
 -1        31-2.31981E-02-5.54663E-03-5.98081E-02
 -1        32-2.33171E-02 5.69339E-03-5.97012E-02
 -1        33-4.24219E-02-9.40461E-03-3.64225E-02
 -1        34-2.62083E-02-9.63491E-03-1.99419E-02
 -1        35-5.62045E-02-8.35805E-03-5.18281E-02
 -1        36-4.21056E-03-8.06977E-03-3.17353E-02
 -1        37 8.95052E-04-4.71512E-03-1.57902E-02
 -1        38-1.32228E-02-9.92410E-03-4.69325E-02
 -1        39-4.28398E-02 9.42756E-03-3.62494E-02
 -1        40-2.62907E-02 9.61977E-03-1.98863E-02
 -1        41-5.64545E-02 8.48579E-03-5.17961E-02
 -1        42-4.21608E-03 8.39429E-03-3.20819E-02
 -1        43 9.14760E-04 4.82486E-03-1.56393E-02
 -1        44-1.32893E-02 1.00570E-02-4.69602E-02
 -1        45 0.00000E+00 0.00000E+00 0.00000E+00
 -1        46 0.00000E+00 0.00000E+00 0.00000E+00
 -1        47 0.00000E+00 0.00000E+00 0.00000E+00
 -1        48 0.00000E+00 0.00000E+00 0.00000E+00
 -1        49 0.00000E+00 0.00000E+00 0.00000E+00
 -1        50 0.00000E+00 0.00000E+00 0.00000E+00
 -1        51 0.00000E+00 0.00000E+00 0.00000E+00
 -1        52 0.00000E+00 0.00000E+00 0.00000E+00
 -1        53 0.00000E+00 0.00000E+00 0.00000E+00
 -1        54 0.00000E+00 0.00000E+00 0.00000E+00
 -1        55 0.00000E+00 0.00000E+00 0.00000E+00
 -1        56 0.00000E+00 0.00000E+00 0.00000E+00
 -1        57 0.00000E+00 0.00000E+00 0.00000E+00
 -1        58 0.00000E+00 0.00000E+00 0.00000E+00
 -1        59 0.00000E+00 0.00000E+00 0.00000E+00
 -1        60 0.00000E+00 0.00000E+00 0.00000E+00
 -1        61 0.00000E+00 0.00000E+00 0.00000E+00
 -1        62 0.00000E+00 0.00000E+00 0.00000E+00
 -1        63 0.00000E+00 0.00000E+00 0.00000E+00
 -1        64 0.00000E+00 0.00000E+00 0.00000E+00
 -1        65 0.00000E+00 0.00000E+00 0.00000E+00
 -1        66 0.00000E+00 0.00000E+00 0.00000E+00
 -1        67 0.00000E+00 0.00000E+00 0.00000E+00
 -1        68 0.00000E+00 0.00000E+00 0.00000E+00
 -1        69 0.00000E+00 0.00000E+00 0.00000E+00
 -1        70-4.62424E-02-2.64936E-05-5.86107E-02
 -1        71-3.56747E-02-5.16290E-03-5.84755E-02
 -1        72-3.56248E-02 5.35480E-03-5.84852E-02
 -1        73-5.69011E-02 4.42500E-03-6.09619E-02
 -1        74-5.68966E-02-4.25137E-03-6.08899E-02
 -1        75-2.92819E-02 2.83149E-03-5.89623E-02
 -1        76-3.01143E-02 8.18617E-03-5.91684E-02
 -1        77-4.13196E-02 7.57452E-03-5.82461E-02
 -1        78-3.52921E-02 2.27866E-05-5.85466E-02
 -1        79-4.09818E-02 2.60025E-03-5.83041E-02
 -1        80-4.62983E-02 4.82464E-03-5.85128E-02
 -1        81-6.29339E-02 2.22848E-03-6.27693E-02
 -1        82-6.28578E-02 6.20772E-03-6.29358E-02
 -1        83-5.14575E-02 6.82566E-03-5.95385E-02
 -1        84-5.13199E-02 2.34132E-03-5.94708E-02
 -1        85-5.68159E-02 3.05900E-05-6.10401E-02
 -1        86-6.28010E-02-2.01723E-03-6.27501E-02
 -1        87-6.27304E-02-6.00914E-03-6.28804E-02
 -1        88-5.15140E-02-6.62270E-03-5.95037E-02
 -1        89-5.14562E-02-2.24453E-03-5.94699E-02
 -1        90-4.63559E-02-4.72726E-03-5.85315E-02
 -1        91-2.92731E-02-2.65645E-03-5.90224E-02
 -1        92-3.00811E-02-8.03842E-03-5.92315E-02
 -1        93-4.10697E-02-2.47401E-03-5.82365E-02
 -1        94-4.13800E-02-7.33491E-03-5.82749E-02
 -1        95-2.34669E-02-9.05425E-03-2.99872E-02
 -1        96-2.54788E-02-9.51253E-03-4.57902E-02
 -1        97-4.39428E-02-8.77048E-03-4.83502E-02
 -1        98-1.60316E-02-7.92752E-03-1.51155E-02
 -1        99-8.11513E-03-5.69538E-03-1.31965E-02
 -1       100-9.72030E-03-6.40783E-03-7.43814E-03
 -1       101-6.95957E-03-5.28223E-03-6.12505E-03
 -1       102-1.13285E-02-6.71783E-03-1.33102E-02
 -1       103-2.02286E-02-8.78483E-03-2.24050E-02
 -1       104-1.51886E-02-7.62653E-03-2.11664E-02
 -1       105-5.05356E-03-4.03957E-03-5.80426E-03
 -1       106-3.02622E-03-3.15461E-03-5.93852E-03
 -1       107-2.50697E-02-9.10563E-03-3.79907E-02
 -1       108-1.50157E-02-8.99919E-03-3.87362E-02
 -1       109-1.61477E-02-8.28188E-03-2.99143E-02
 -1       110-3.48433E-02-9.16855E-03-4.60467E-02
 -1       111-3.58955E-02-9.48330E-03-5.25663E-02
 -1       112-2.50880E-02-1.01668E-02-5.32162E-02
 -1       113-3.28398E-02-9.13974E-03-3.92702E-02
 -1       114-4.52750E-02-8.84710E-03-5.38423E-02
 -1       115-3.06723E-02-9.28997E-03-3.24048E-02
 -1       116-4.29466E-02-9.01242E-03-4.24751E-02
 -1       117-5.61109E-02-8.22665E-03-5.69049E-02
 -1       118-2.83626E-02-9.37906E-03-2.60948E-02
 -1       119-7.29103E-03-6.85190E-03-2.24507E-02
 -1       120-2.32043E-02 8.89995E-03-3.01299E-02
 -1       121-4.41167E-02 8.81932E-03-4.82542E-02
 -1       122-1.60500E-02 8.49885E-03-1.50949E-02
 -1       123-2.55467E-02 9.63841E-03-4.57754E-02
 -1       124-8.47111E-03 6.01661E-03-1.30874E-02
 -1       125-1.49941E-02 9.09782E-03-3.88732E-02
 -1       126-2.50471E-02 9.17269E-03-3.80282E-02
 -1       127-1.59451E-02 8.36431E-03-3.00217E-02
 -1       128-2.51225E-02 1.03246E-02-5.31527E-02
 -1       129-7.66685E-03 7.01934E-03-2.24324E-02
 -1       130-1.51997E-02 7.94398E-03-2.10474E-02
 -1       131-3.10721E-03 3.19690E-03-5.84080E-03
 -1       132-4.30982E-02 9.02306E-03-4.23771E-02
 -1       133-3.04680E-02 9.17900E-03-3.24356E-02
 -1       134-3.29466E-02 9.01062E-03-3.92911E-02
 -1       135-5.63155E-02 8.36272E-03-5.69006E-02
 -1       136-4.53203E-02 9.01000E-03-5.37954E-02
 -1       137-3.47573E-02 9.21496E-03-4.61186E-02
 -1       138-6.89466E-03 5.22382E-03-6.58894E-03
 -1       139-1.20003E-02 7.24821E-03-1.33256E-02
 -1       140-2.01462E-02 8.98600E-03-2.22138E-02
 -1       141-9.77808E-03 6.51536E-03-7.43092E-03
 -1       142-2.83793E-02 9.76117E-03-2.60357E-02
 -1       143-3.59501E-02 9.67750E-03-5.25448E-02
 -1       144-5.61046E-03 4.14164E-03-5.79385E-03
 -1       145-4.21860E-02 1.75667E-04-3.76131E-02
 -1       146-2.38890E-02 3.99891E-03-2.06734E-02
 -1       147-5.65706E-02 4.39336E-03-5.17819E-02
 -1       148-5.65013E-02-4.31578E-03-5.17494E-02
 -1       149-2.48157E-02-3.78562E-03-2.03981E-02
 -1       150-1.30309E-02-7.47844E-04-1.19965E-02
 -1       151-1.33216E-02-3.55166E-03-1.14935E-02
 -1       152-2.19714E-02-1.80212E-04-2.01397E-02
 -1       153-1.21370E-02 1.37961E-03-1.17569E-02
 -1       154-3.33256E-02 2.45644E-03-2.92504E-02
 -1       155-3.38580E-02-2.34845E-03-2.91307E-02
 -1       156-1.31290E-02 3.52815E-03-1.14543E-02
 -1       157-3.46141E-02-7.64838E-03-2.86366E-02
 -1       158-3.44556E-02 7.64814E-03-2.86572E-02
 -1       159-4.25549E-02 5.00165E-03-3.68730E-02
 -1       160-4.99733E-02 6.87772E-03-4.44258E-02
 -1       161-4.96595E-02 2.36991E-03-4.47559E-02
 -1       162-6.29309E-02 6.20941E-03-5.85169E-02
 -1       163-6.29245E-02 2.20586E-03-5.83908E-02
 -1       164-5.64384E-02 8.72830E-05-5.16988E-02
 -1       165-6.28698E-02-1.99817E-03-5.84188E-02
 -1       166-4.96260E-02-2.22227E-03-4.46239E-02
 -1       167-4.97344E-02-6.78298E-03-4.44469E-02
 -1       168-4.22146E-02-4.86791E-03-3.71773E-02
 -1       169-6.27697E-02-6.06628E-03-5.84982E-02
 -1       170-2.34004E-03 6.64492E-07-3.20416E-02
 -1       171-1.22023E-02 4.97167E-03-4.67379E-02
 -1       172-1.20282E-02-4.90575E-03-4.67636E-02
 -1       173 3.06999E-03 2.25247E-03-1.60609E-02
 -1       174 3.02139E-03-2.35239E-03-1.57779E-02
 -1       175 1.95336E-04 5.07558E-03-2.39313E-02
 -1       176 2.49817E-03 1.70623E-03-8.10444E-03
 -1       177 1.09872E-03 1.65766E-03-2.38291E-02
 -1       178-2.63150E-03 4.22009E-03-3.18496E-02
 -1       179-7.59163E-03 6.95130E-03-3.95837E-02
 -1       180-1.81797E-02 7.95694E-03-5.35325E-02
 -1       181-6.86969E-03 2.31389E-03-3.96116E-02
 -1       182-7.52137E-03-6.80176E-03-3.94602E-02
 -1       183-6.81693E-03-2.27465E-03-3.95274E-02
 -1       184-2.75154E-03-3.96238E-03-3.18822E-02
 -1       185-1.80949E-02-7.84053E-03-5.35931E-02
 -1       186-1.72400E-02-2.53737E-03-5.33050E-02
 -1       187-1.19319E-02 9.88418E-05-4.66416E-02
 -1       188 2.74293E-03 5.99630E-04-8.20005E-03
 -1       189 1.96398E-03 2.33134E-04-1.56744E-02
 -1       190 1.76546E-04-4.95323E-03-2.36860E-02
 -1       191 1.16933E-03-1.67882E-03-2.36784E-02
 -1       192 2.46739E-03-1.64452E-03-8.23867E-03
 -1       193 2.84403E-03-5.64688E-04-8.47396E-03
 -1       194-1.73584E-02 2.70097E-03-5.32898E-02
 -1       195-1.35401E-02 1.83303E-03-2.15002E-02
 -1       196-3.19624E-02-2.13558E-03-3.94595E-02
 -1       197-7.07492E-03-3.53540E-03-7.22166E-03
 -1       198-1.23817E-02-5.15399E-03-1.43163E-02
 -1       199-2.41753E-02-5.70998E-03-2.75709E-02
 -1       200-2.72675E-02-5.78808E-03-3.47928E-02
 -1       201-1.65892E-02-2.82771E-03-1.92130E-02
 -1       202-4.31018E-02 4.59649E-03-4.25782E-02
 -1       203-4.99744E-02 6.58768E-03-4.99117E-02
 -1       204-3.79832E-02 3.52712E-03-4.38020E-02
 -1       205-4.34480E-02 1.24976E-03-4.54244E-02
 -1       206-3.62146E-02-1.03029E-03-3.80303E-02
 -1       207-4.51849E-02 4.55992E-03-5.35806E-02
 -1       208-5.05688E-02 6.57717E-03-5.50087E-02
 -1       209-1.84483E-02 2.51230E-03-4.60041E-02
 -1       210-2.41207E-02 5.24100E-03-5.27544E-02
 -1       211-2.97348E-02-2.44646E-03-5.23245E-02
 -1       212-2.40271E-02-5.10106E-03-5.28347E-02
 -1       213-5.73820E-03-3.20358E-03-2.24730E-02
 -1       214-3.54845E-03-3.68312E-03-1.43878E-02
 -1       215-8.48718E-03-2.31002E-03-8.78504E-03
 -1       216-1.75940E-02-1.73581E-03-1.76759E-02
 -1       217-3.53225E-02 4.97825E-03-5.22451E-02
 -1       218-3.04067E-02 7.60207E-03-5.24560E-02
 -1       219-3.42216E-02 4.72836E-03-4.58402E-02
 -1       220-2.68908E-02 3.47403E-03-3.47310E-02
 -1       221-3.93942E-02-1.07369E-03-4.97578E-02
 -1       222-2.40863E-02 1.36384E-04-4.55208E-02
 -1       223-2.43764E-02-3.39758E-03-4.18136E-02
 -1       224-1.87807E-02-1.07817E-03-3.40210E-02
 -1       225-1.44437E-02-4.05282E-03-3.00399E-02
 -1       226-9.52733E-03-2.34451E-03-1.74864E-02
 -1       227-1.74390E-02-2.96361E-03-2.58135E-02
 -1       228-9.70504E-03 9.23264E-04-2.61933E-02
 -1       229-1.41124E-02-1.15170E-04-1.58027E-02
 -1       230-1.39898E-02-1.07134E-03-1.83173E-02
 -1       231-1.95361E-02 5.49967E-03-3.40803E-02
 -1       232-2.87030E-02 1.30795E-03-4.18472E-02
 -1       233-1.80459E-02 5.30440E-03-2.58067E-02
 -1       234-1.03152E-02-2.99695E-03-1.39964E-02
 -1       235-3.02090E-02 4.68181E-03-3.27591E-02
 -1       236-2.37296E-02 1.23068E-03-2.76894E-02
 -1       237-6.86329E-03 5.44237E-04-9.94495E-03
 -1       238-2.17595E-02 1.14327E-04-3.02406E-02
 -1       239-5.64256E-02-4.19416E-03-5.66072E-02
 -1       240-5.01093E-02-1.00066E-03-5.24867E-02
 -1       241-4.45467E-02-3.29027E-03-5.09576E-02
 -1       242-4.33746E-02-3.32998E-03-4.54986E-02
 -1       243-5.05430E-02-6.40785E-03-5.49910E-02
 -1       244-3.97917E-02-5.66824E-03-4.97828E-02
 -1       245-3.81152E-02-5.66042E-03-4.37981E-02
 -1       246-4.98241E-02-6.49393E-03-4.99066E-02
 -1       247-3.63294E-02-5.83726E-03-3.76008E-02
 -1       248-3.51353E-03 3.78299E-03-1.43258E-02
 -1       249-1.01514E-02 4.21524E-03-1.73123E-02
 -1       250-6.35301E-03 2.22538E-03-1.79360E-02
 -1       251-1.04227E-02 4.83651E-03-2.63347E-02
 -1       252-3.17849E-03 2.18025E-03-6.08824E-03
 -1       253-6.78406E-03 2.85251E-03-9.69017E-03
 -1       254-5.39789E-03 1.51730E-03-9.55234E-03
 -1       255-1.39790E-03 1.26123E-03-6.26891E-03
 -1       256-3.53344E-03 3.45401E-04-9.63576E-03
 -1       257-1.44317E-02 4.92714E-03-1.79605E-02
 -1       258-2.93602E-02-5.72380E-03-4.20188E-02
 -1       259-5.16601E-03-4.24626E-04-9.87320E-03
 -1       260-6.99320E-03 3.44060E-03-7.29866E-03
 -1       261-8.65260E-03 2.54772E-03-8.45412E-03
 -1       262-5.65496E-02 4.31156E-03-5.66008E-02
 -1       263-1.92617E-02-7.25554E-03-4.61315E-02
 -1       264-1.25349E-03-1.09340E-03-6.72776E-03
 -1       265-1.89021E-02-6.22431E-03-1.76475E-02
 -1       266-3.27659E-03-2.19989E-03-6.04058E-03
 -1       267-1.92576E-02 7.36455E-03-4.61483E-02
 -1       268-1.88377E-02 6.41883E-03-1.75185E-02
 -1       269-3.04522E-02-7.41501E-03-5.24994E-02
 -1       270-5.05089E-02 2.28798E-03-5.49002E-02
 -1       271-6.56585E-03 7.96114E-04-7.48485E-03
 -1       272-1.66539E-02 2.97449E-03-1.92138E-02
 -1       273-2.70668E-02-4.78214E-03-2.63691E-02
 -1       274-1.99260E-02-6.78954E-03-3.81562E-02
 -1       275-3.54744E-02-4.78417E-03-5.22777E-02
 -1       276-3.91688E-03-1.59988E-03-6.26858E-03
 -1       277-1.38588E-02 4.59854E-03-3.87911E-02
 -1       278-2.29592E-02 6.87894E-03-2.40406E-02
 -1       279-2.79593E-03-1.20460E-03-1.43057E-02
 -1       280-5.40807E-03 1.91558E-03-6.54116E-03
 -3
    1PSTEP                        11           4           1          
  100CL  104 1.000000000         280                     0    4           1
 -4  STRESS      6    1
 -5  SXX         1    4    1    1
 -5  SYY         1    4    2    2
 -5  SZZ         1    4    3    3
 -5  SXY         1    4    1    2
 -5  SYZ         1    4    2    3
 -5  SZX         1    4    3    1
 -1         1-2.62003E+03-8.86539E+02-8.08323E+02-4.24142E+02-1.19327E+02-5.25866E+02
 -1         2 1.55956E+02 6.75214E+01-9.74259E+01-1.05689E+02-1.32081E+01-3.39311E+02
 -1         3-2.63207E+03-8.85759E+02-8.16607E+02 4.20097E+02 1.14514E+02-5.22812E+02
 -1         4 1.60090E+02 6.04751E+01-8.94601E+01 1.08033E+02 1.20173E+01-3.22691E+02
 -1         5-9.68633E+02-1.32257E+00 3.02038E+01-6.12642E-01 1.00208E+00 3.64865E+01
 -1         6-1.02996E+03-3.24400E+00-4.39864E+02 1.82152E+00-4.55080E+00 3.68717E+01
 -1         7-9.68598E+02-7.32239E-01 2.87152E+01-4.71159E-01-1.45935E+00 3.54961E+01
 -1         8-1.03180E+03-2.38641E+00-4.36934E+02 1.25127E-01 1.77220E+00 3.67304E+01
 -1         9-1.19392E+03-4.54105E+02-5.03753E+02-3.03188E+02 5.31506E+00-3.26086E+02
 -1        10-1.83879E+03-7.94734E+02-7.95646E+02-4.64873E+02 4.75527E+00-3.60405E+02
 -1        11-8.58178E+02-3.68845E+02-3.67754E+02-2.64621E+02 2.25221E+00-3.13046E+02
 -1        12-2.50573E+03-1.05571E+03-9.87923E+02 2.57225E+01-3.33689E-01-6.97649E+02
 -1        13-2.94134E+03-1.28636E+03-1.27224E+03-1.42366E+02 3.07594E+00-7.89392E+02
 -1        14-2.81125E+03-1.22845E+03-1.21540E+03 1.72454E+02-3.49508E+00-7.65651E+02
 -1        15-1.15661E+03-3.91046E+02-4.46219E+02 2.55164E+02-1.32910E+01-3.53105E+02
 -1        16-1.83504E+03-7.93391E+02-7.93428E+02 4.50632E+02-4.81275E+00-3.88613E+02
 -1        17-9.56224E+02-4.11530E+02-4.10426E+02 2.63390E+02-2.22171E+00-3.09350E+02
 -1        18 3.77564E+02 1.15432E+02 1.87967E+01 5.06772E+00 8.64666E+00-3.79744E+02
 -1        19 8.26291E+02 3.53598E+02 3.60256E+02-6.42180E+01 8.81445E-01-5.47332E+02
 -1        20 8.04994E+02 3.44624E+02 3.50303E+02 7.33517E+01-9.62492E-01-5.13024E+02
 -1        21-9.89233E+02-3.98320E+00-1.99956E+02-4.33526E+00-1.00872E+01-4.43212E+01
 -1        22-9.86981E+02-2.58068E+00-4.83362E+01 5.46482E-01-7.72348E+00-3.44104E+00
 -1        23-1.02535E+03-7.97947E+00-3.66391E+02-4.25008E+00-8.27311E+00-6.55503E+00
 -1        24-9.68301E+02 4.64827E+01 2.80193E+01-7.95549E-01-1.55568E+00 4.43037E+01
 -1        25-9.70114E+02 2.71007E+01 2.75436E+01-1.63359E+00 1.28648E+00 3.12785E+01
 -1        26-9.73205E+02 1.88477E+01 2.29214E+01-1.53462E+00-1.88149E+00 2.28346E+01
 -1        27-9.98492E+02 2.47542E+00-1.94713E+02-1.77593E+00 1.40269E+01-4.15187E+01
 -1        28-9.83585E+02 3.19421E+00-4.01571E+01-3.31114E+00 8.56671E+00-3.34605E+00
 -1        29-1.01913E+03-4.06113E+00-3.62438E+02 2.69870E+00 8.51666E+00-4.11497E+00
 -1        30-1.01939E+03 1.96846E+01-4.20407E+02-4.07451E+00 3.53650E+00 2.42599E+01
 -1        31-1.01552E+03 1.11234E+01-4.22635E+02 3.29956E+00 6.18900E-02 1.92876E+01
 -1        32-1.02056E+03 4.60328E+00-4.25532E+02-4.67427E+00 2.04043E+00 1.96413E+01
 -1        33-1.10666E+03 4.78376E+01 5.86194E+01 6.83550E+01 4.42124E+00-2.52945E+01
 -1        34-1.70984E+03-1.07787E+02-5.53928E+01-6.14374E+01-4.29671E+01-1.36357E+02
 -1        35-1.03541E+03-2.41572E+00 8.45053E+00 1.07004E+01-6.96898E+00-1.25780E+01
 -1        36-7.28410E+02-1.20030E+01-4.22843E+02-7.56155E+00 5.52439E+00-3.36008E+01
 -1        37-2.76908E+02 1.13872E+01-3.84138E+02-4.44821E+01 7.84624E+00-1.12484E+02
 -1        38-9.18471E+02-9.37376E-01-4.13100E+02 1.72994E+00-1.20344E+00-5.45852E+00
 -1        39-1.10119E+03 5.14144E+01 4.72698E+01-7.26902E+01-5.61486E+00-4.61125E+00
 -1        40-1.72442E+03-9.50384E+01-6.30579E+01 5.73111E+01 5.26987E+01-1.26286E+02
 -1        41-1.02784E+03-2.80105E+00 9.61365E+00-1.11248E+01 6.00681E+00-7.31164E+00
 -1        42-7.02437E+02-7.65615E+00-4.23999E+02 3.71654E+00 4.34487E+00-3.91984E+01
 -1        43-2.80598E+02 2.41208E+00-3.87443E+02 4.90416E+01 2.90367E+00-9.96215E+01
 -1        44-9.20285E+02 5.25570E-02-4.14762E+02-5.40235E+00 3.61994E+00-4.75493E+00
 -1        45-8.50143E+02-3.44180E+02-3.52084E+02-1.54594E+00 1.95916E+01-3.90359E+02
 -1        46-5.34101E+02-2.17643E+02-2.18364E+02-6.71250E+01-3.94547E+00-3.86103E+02
 -1        47-1.33112E+03-4.83142E+02-5.18993E+02-1.67917E+02-2.24633E+01-4.84992E+02
 -1        48-6.13726E+02-2.53109E+02-2.17548E+02 9.45371E+01-2.73131E+00-3.48300E+02
 -1        49-1.22383E+03-5.46174E+02-5.42711E+02 1.67484E+02-1.16209E+01-4.19112E+02
 -1        50-2.81338E+02-1.07819E+02-1.58705E+02-1.04831E+02-6.59061E+00-3.61977E+02
 -1        51-9.12029E+02-3.92701E+02-3.90993E+02-2.06194E+02 1.76508E+00-3.19041E+02
 -1        52-1.03329E+03-4.33902E+02-4.02951E+02-1.61496E+02-2.50764E+00-3.59176E+02
 -1        53-7.10697E+02-2.95036E+02-3.10098E+02-4.90078E+01 1.49685E+00-3.63542E+02
 -1        54-1.25829E+03-4.83184E+02-5.50758E+02-2.45989E+02 1.58769E+01-3.70988E+02
 -1        55-1.85030E+03-7.17465E+02-6.92856E+02-3.04538E+02-4.73690E+01-5.09493E+02
 -1        56-1.16270E+03-4.56836E+02-4.57183E+02-7.36624E+01-2.25792E+01-4.30578E+02
 -1        57-1.91233E+03-8.03036E+02-7.57152E+02-6.64148E+01 2.65287E+01-5.95170E+02
 -1        58-1.52915E+03-6.42438E+02-6.50496E+02 1.08657E+01-7.01175E+00-5.23050E+02
 -1        59-1.87661E+03-8.15543E+02-8.06917E+02 1.16137E+02-1.72066E+00-5.92844E+02
 -1        60-1.90784E+03-7.59188E+02-7.39230E+02 3.04289E+02 3.75395E+01-4.91519E+02
 -1        61-8.34176E+02-3.72096E+02-3.78100E+02 6.33419E+01-1.02804E+01-3.73664E+02
 -1        62-7.42178E+01-5.34855E+01-8.16895E+01-4.79315E+01 2.07726E+01-4.00960E+02
 -1        63-5.16182E+02-2.22350E+02-2.18886E+02-1.09461E+00 7.33333E-03-3.59831E+02
 -1        64-8.39732E+02-3.22784E+02-3.37249E+02 1.57145E+02 1.49693E+01-3.46926E+02
 -1        65-2.70725E+02-1.08993E+02-1.36634E+02 1.12659E+02 3.27078E+00-3.43053E+02
 -1        66-7.82225E+02-3.37257E+02-3.33881E+02 4.65751E+01-4.37002E-01-3.55202E+02
 -1        67-9.59528E+02-4.18239E+02-4.25854E+02 1.31802E+02-2.02491E+01-3.56080E+02
 -1        68-1.94527E+02-8.85438E+01-1.07843E+02 5.70117E+01-9.15133E+00-3.53273E+02
 -1        69-1.24954E+03-5.38962E+02-5.36406E+02 2.67634E+02-2.68123E+00-3.83870E+02
 -1        70-1.02082E+03 2.42686E+01-1.94205E+02 1.67037E+00 4.01816E+00-3.63321E+01
 -1        71-1.00067E+03-3.08869E+00-3.82978E+02 5.30467E+00-9.89942E+00 3.15266E+00
 -1        72-1.01081E+03 4.47957E+00-3.69243E+02-8.60666E+00 7.67015E+00-1.22385E+01
 -1        73-1.00285E+03 2.84681E+01-1.40006E+01-1.61145E+00 5.76820E+00 5.94408E+00
 -1        74-9.99322E+02 2.03488E+01-1.75004E+01 3.98272E+00-1.20467E+01 2.03080E+00
 -1        75-1.01108E+03 1.34919E+01-3.93132E+02-1.01540E+01 5.79109E+00 3.58357E+00
 -1        76-1.00632E+03-8.26170E-01-4.06871E+02-4.00125E+00 3.21628E+00 1.15742E+01
 -1        77-1.01013E+03-3.76268E+00-3.06760E+02-2.63330E-01 1.56470E+01-1.81859E+01
 -1        78-1.01964E+03 1.63664E+01-3.42472E+02 2.42995E+00 2.01442E+00-1.13201E+01
 -1        79-1.02613E+03 1.13892E+01-2.99948E+02-3.33312E+00 9.50677E+00-2.39259E+01
 -1        80-1.01058E+03 1.57354E+01-1.96870E+02-2.49116E-01 1.65529E+01-2.82383E+01
 -1        81-9.99275E+02 3.51536E+01 1.42746E+01-1.86389E+00 1.81469E-01 1.34674E+01
 -1        82-9.93447E+02 1.02711E+01 7.97933E+00-6.33112E-01 2.98688E+00 1.81894E+01
 -1        83-9.95268E+02 1.83203E+01-8.54767E+01-4.77686E+00 1.02897E+01-1.37926E+01
 -1        84-9.98670E+02 3.84833E+01-8.93385E+01 3.70150E+00 8.41186E+00-1.34900E+01
 -1        85-9.90812E+02 4.31191E+01-4.25878E+01 2.03157E+00 1.14073E+00-1.33722E+00
 -1        86-9.91684E+02 3.69268E+01 9.45116E+00 2.58108E+00-9.94168E+00 2.46703E+01
 -1        87-9.93593E+02 7.40093E+00 1.20181E+01 2.16849E+00-3.27702E+00 1.50409E+01
 -1        88-9.79171E+02 1.42798E+01-9.27790E+01 7.05272E-01-1.04232E+01-2.03954E+01
 -1        89-9.94472E+02 3.02061E+01-8.51402E+01 2.65977E+00-1.55875E+01-1.63967E+01
 -1        90-1.00017E+03 3.81818E+00-2.07708E+02 1.72031E+00-1.14437E+01-2.86085E+01
 -1        91-9.99681E+02 1.66598E+01-3.99426E+02 3.20128E+00-1.39118E+00 7.84772E+00
 -1        92-1.00755E+03-6.14344E+00-4.16474E+02 4.56285E+00-5.54762E+00 1.65004E+01
 -1        93-1.00275E+03 2.16511E+00-3.02409E+02 4.29075E+00-1.08328E+01-1.13612E+01
 -1        94-1.01436E+03-1.02700E+01-3.12307E+02-7.99731E-01-1.22039E+01-1.77661E+01
 -1        95-9.62210E+02 6.40730E+01-1.56994E+02 2.44462E+01 1.04970E+01-3.54634E+02
 -1        96-9.06741E+02 9.47741E+00-3.18613E+02 3.47735E+00-1.18594E+00-1.25316E+02
 -1        97-1.06331E+03-3.24511E-01-7.02946E+01 1.11952E+01-4.04470E+00-1.17035E+02
 -1        98-1.27941E+03 6.94389E+01-7.15567E+01 2.10347E+01 4.09036E+01-3.50186E+02
 -1        99-6.79726E+02 3.12579E+01-2.62325E+02-3.46558E+01 2.16231E+01-3.40451E+02
 -1       100-1.83374E+03-2.62232E+02-3.43934E+02-1.85979E+02-5.65291E+01-4.08769E+02
 -1       101-1.10929E+03 2.00874E+00-2.57926E+02-1.06340E+02 1.37694E+01-3.39717E+02
 -1       102-1.01303E+03-3.80816E+01-2.46004E+02-9.79975E+01 2.30998E+00-3.62245E+02
 -1       103-1.09365E+03 9.48397E+01-7.35403E+01 2.58106E+01 9.27850E+00-3.37046E+02
 -1       104-8.67278E+02 2.60550E+01-2.49484E+02-4.43551E+00 1.30615E+01-3.50216E+02
 -1       105-9.57060E+02-1.83893E+02-3.31740E+02-1.56698E+02 1.13564E+01-3.42529E+02
 -1       106-3.40628E+02 4.08739E+01-2.31378E+02-6.20036E+01-6.17450E+00-3.20285E+02
 -1       107-8.78565E+02 9.30591E+00-2.39623E+02 2.14610E+01 1.28286E+00-2.36482E+02
 -1       108-8.19742E+02-4.51315E-01-3.66442E+02 2.70241E+00 7.33722E+00-9.87082E+01
 -1       109-7.85353E+02 7.51903E+00-2.99862E+02 1.33052E+01 1.37399E+01-2.17118E+02
 -1       110-9.67656E+02 5.70098E-01-1.86922E+02 1.21644E+01-2.25334E+00-1.96199E+02
 -1       111-9.54988E+02-8.13850E-01-2.70102E+02 7.37864E-02-5.57015E+00-8.47681E+01
 -1       112-9.64916E+02 7.75426E+00-3.76068E+02-1.87808E+00-3.13398E+00-3.95197E+01
 -1       113-1.02306E+03-3.46480E+00-1.23651E+02 1.91151E+01-1.77651E+00-2.43343E+02
 -1       114-1.02570E+03-9.19960E-01-1.21641E+02 7.19772E-01-5.75765E+00-8.55795E+01
 -1       115-1.06234E+03 1.79969E+00-5.86112E+01 3.22934E+01-7.32144E+00-2.14986E+02
 -1       116-1.10557E+03 7.59840E-01-2.65668E+01 1.73741E+01-7.07553E+00-9.83074E+01
 -1       117-1.01984E+03-6.98790E-01-2.34075E+01 7.08024E+00-1.49775E+00-3.47872E+01
 -1       118-1.18874E+03 3.23766E+01 1.12887E+01 6.17757E+01 3.52045E+01-1.69926E+02
 -1       119-6.53341E+02-5.33218E+00-3.65270E+02-3.13054E+01 1.64739E+01-1.71417E+02
 -1       120-9.53980E+02 1.80046E+01-1.75593E+02-3.60749E+01-8.10769E+00-3.57373E+02
 -1       121-1.06031E+03-6.05059E+00-6.82529E+01-1.17269E+01 5.83038E+00-1.14877E+02
 -1       122-1.27502E+03 7.47934E+01-1.19216E+02 2.40830E+01-2.95987E+01-3.48398E+02
 -1       123-9.11768E+02 9.95525E+00-3.25583E+02-6.21797E+00-5.18319E-01-1.18460E+02
 -1       124-6.80638E+02 5.25807E+01-2.58819E+02 1.42435E+01-2.63368E+01-3.35276E+02
 -1       125-8.21294E+02-1.48015E+00-3.74130E+02-4.63010E+00 2.16877E+00-8.80116E+01
 -1       126-9.11645E+02 1.53539E+01-2.44167E+02-1.66234E+01-6.68689E+00-2.30050E+02
 -1       127-7.69926E+02 1.38418E+01-3.01180E+02-8.16709E+00 5.51564E+00-2.29643E+02
 -1       128-9.66581E+02 5.09917E+00-3.77658E+02 1.04015E+00 1.14967E+00-3.59271E+01
 -1       129-6.25081E+02 7.21977E+00-3.57941E+02 1.25240E+01-9.29427E+00-1.81330E+02
 -1       130-8.08471E+02 9.43158E+00-2.45699E+02-2.81800E+01-2.64553E+01-3.56444E+02
 -1       131-3.46550E+02 4.23913E+01-2.18199E+02 5.06751E+01 3.02722E+00-3.04327E+02
 -1       132-1.12122E+03-1.55736E+01-4.08760E+01-1.52555E+01 8.71825E+00-8.88201E+01
 -1       133-1.06508E+03-2.85537E+00-7.33961E+01-3.66583E+01 3.03222E-01-2.09191E+02
 -1       134-1.04629E+03-1.69452E+01-1.41059E+02-1.46505E+01-3.30380E+00-2.30424E+02
 -1       135-1.01860E+03-5.05926E+00-2.15013E+01-6.01123E+00 2.72583E+00-3.57920E+01
 -1       136-1.02863E+03-2.26451E+00-1.23621E+02-9.21004E+00 8.35973E+00-7.97486E+01
 -1       137-9.80811E+02-3.52077E+00-1.92372E+02-1.03701E+01-9.43800E-01-1.90736E+02
 -1       138-1.20553E+03-1.55721E+02-3.18136E+02 1.53932E+02-3.64106E+01-3.44051E+02
 -1       139-9.98459E+02-3.82054E+01-2.32129E+02 5.23762E+01-1.33513E+01-3.82515E+02
 -1       140-1.01858E+03 5.05268E+01-8.57507E+01-2.87900E+01-7.79879E+00-3.61482E+02
 -1       141-1.83929E+03-2.39481E+02-3.61734E+02 2.03543E+02 4.81467E+01-3.97376E+02
 -1       142-1.11779E+03 1.25349E+02 5.99062E+01-8.44251E+01-4.95511E+01-1.42319E+02
 -1       143-9.52369E+02 3.46678E+00-2.65656E+02-3.16099E+00 5.50707E+00-8.40247E+01
 -1       144-9.31700E+02-9.47872E+01-2.91946E+02 1.08579E+02-1.72125E+00-3.46936E+02
 -1       145-1.34423E+03 4.23930E+01 9.79696E+01-3.72445E+00-4.04557E+00-1.94416E+01
 -1       146-1.75683E+03-9.80965E+01 3.80620E+01 5.05774E+01 2.56017E+00-1.57379E+02
 -1       147-1.02739E+03 3.11521E+01 1.51087E+01-1.66431E+01 6.42185E-01 8.43159E-01
 -1       148-1.02511E+03 3.06080E+01 3.85926E-01 1.74501E+01-2.04917E+00 5.89226E+00
 -1       149-1.64841E+03-1.37728E+01 1.62190E+02-4.67142E+01-4.73621E+00 3.31682E+01
 -1       150-2.00570E+03-4.76829E+02-1.74284E+02 8.55918E+00-1.68701E+00-2.62039E+02
 -1       151-2.17875E+03-4.08088E+02-2.57116E+02-2.22847E+02-6.92665E+01-2.61077E+02
 -1       152-1.83956E+03-3.83609E+02-2.30797E+02 1.30938E+01-9.50516E+00-2.76958E+02
 -1       153-2.12211E+03-5.50892E+02-4.06415E+02 2.29094E+01-2.32794E+00-4.33750E+02
 -1       154-1.54565E+03-3.62053E+01 5.61386E+01-2.37416E+00-1.39093E+01-1.04566E+02
 -1       155-1.47541E+03 2.34358E+01 1.64252E+02 2.56836E+01-2.02591E+01 6.85194E+01
 -1       156-2.14569E+03-4.18756E+02-2.18473E+02 1.98893E+02 6.99902E+01-2.99363E+02
 -1       157-1.24294E+03 1.09280E+02 8.29955E+01 3.70409E+01 4.75026E+01 2.16059E+01
 -1       158-1.38179E+03 3.57672E+01 4.53405E+01-3.52255E+01-2.22209E+01-2.31328E+01
 -1       159-1.20753E+03 8.88078E+00 1.39877E+01-3.84535E+01 1.18816E+01-3.10486E+01
 -1       160-1.07903E+03 1.62313E+01 3.14483E+00-2.41174E+01 8.94157E+00-1.85755E+01
 -1       161-1.08215E+03 4.87337E+01 4.35917E+01-1.90701E+01 1.69230E+00-3.77738E+00
 -1       162-9.89856E+02 1.70844E+01 9.24460E+00-6.94667E+00-8.19678E-01 1.76103E+01
 -1       163-9.97232E+02 3.47535E+01 1.91528E+01-1.08903E+01-2.84737E+00 1.76411E+01
 -1       164-1.03824E+03 5.14732E+01 3.27089E+01-1.77067E+00-3.82801E+00 1.92671E+01
 -1       165-9.94368E+02 3.88285E+01 2.79436E+00 1.09851E+01 1.94428E-02 2.50527E+01
 -1       166-1.09059E+03 5.66602E+01 2.79429E+01 1.19245E+01-5.16831E+00 3.10758E+00
 -1       167-1.09530E+03 1.48489E+01 1.32981E+01 2.21995E+01-8.63128E+00-2.63933E+01
 -1       168-1.22454E+03 2.32599E+01 3.54843E+01 4.02942E+01-1.37111E+01-2.72046E+00
 -1       169-9.87686E+02 1.43483E+01 8.76342E+00 5.23575E+00-6.70857E-01 1.78592E+01
 -1       170-7.37061E+02-2.80874E+01-4.42785E+02-5.25509E+00-4.06188E+00-5.63130E+01
 -1       171-9.77131E+02-1.33503E+01-4.02881E+02-3.47757E+00 1.22719E+00 4.43538E+00
 -1       172-9.50232E+02-9.94303E+00-4.23186E+02 1.09712E+01-3.86225E-01-3.87132E-01
 -1       173-2.69249E+02-3.53511E+01-4.66937E+02 4.69210E+01-5.75839E+00-6.77171E+01
 -1       174-3.13548E+02-5.08126E+01-4.76248E+02-5.68955E+01 1.46770E+00-5.15447E+00
 -1       175-5.56541E+02-3.01203E+01-4.30490E+02 2.48105E+01 5.38113E-01-3.59404E+01
 -1       176 2.73982E+01 3.34593E+01-3.09716E+02 6.24795E+01-1.21688E+00-1.84564E+02
 -1       177-5.56291E+02-3.79387E+01-4.38244E+02 3.66013E+01 1.08554E+00-5.53622E+01
 -1       178-7.68618E+02-2.57637E+01-4.34371E+02 6.44891E+00 2.13497E+00-3.95588E+01
 -1       179-8.74638E+02-1.17416E+01-4.08459E+02-7.30678E+00 2.74520E+00-2.10467E+01
 -1       180-1.01059E+03-7.50668E+00-4.14176E+02-3.10588E+00 9.84872E-01 1.81897E+01
 -1       181-8.89823E+02-2.07152E+01-3.98713E+02 5.77937E+00-1.57236E+00-1.51215E+01
 -1       182-8.62938E+02-1.55949E+01-4.29451E+02-2.39339E+00-1.68325E+00-1.76202E+01
 -1       183-8.79779E+02-3.88352E+01-4.50958E+02 1.02633E+00-1.00204E+01-3.84311E+01
 -1       184-7.14935E+02-1.89719E+01-4.22908E+02-9.22351E+00-1.38103E+01-3.59786E+01
 -1       185-1.00846E+03-7.26335E+00-4.13099E+02 9.30234E+00-3.84873E+00 1.91936E+01
 -1       186-1.00181E+03 6.68671E+00-4.12631E+02 9.21915E-01 6.76229E+00 4.72013E+00
 -1       187-9.32975E+02-9.79995E+00-4.10133E+02-2.73059E+00-6.59237E+00-2.01277E+01
 -1       188 9.64822E+01 3.52037E+01-2.77555E+02 6.45580E+01-1.20431E+01-1.99595E+02
 -1       189-1.84695E+02 2.20130E+01-3.33987E+02-8.31811E+00 2.46181E+01-1.60642E+02
 -1       190-5.68565E+02-3.60779E+01-4.09045E+02-2.33764E+01 4.20695E+00-1.54021E+01
 -1       191-5.42594E+02-4.75572E+01-4.88204E+02-4.44967E+01-7.62735E+00 1.85086E+01
 -1       192 2.42754E+01 4.04138E+01-2.83712E+02-6.19816E+01-1.53964E+00-1.75913E+02
 -1       193 1.48366E+02 7.55822E+01-2.34332E+02-5.15507E+01 4.14617E+00-2.05788E+02
 -1       194-9.99422E+02-5.02213E-02-4.02712E+02-4.69502E+00-7.48541E-01 8.32293E+00
 -1       195-9.19237E+02-4.55879E+01-2.69959E+02 9.70500E+00-8.54100E+00-3.66185E+02
 -1       196-1.11814E+03 1.40258E+01-1.22781E+02 1.60050E+01 3.74228E+00-2.22251E+02
 -1       197-1.28230E+03-1.56384E+02-2.83745E+02-7.53973E+01 7.66927E+00-4.16440E+02
 -1       198-1.14413E+03-1.28990E+02-2.60770E+02-6.16025E+01-9.13562E+00-3.84656E+02
 -1       199-1.20748E+03 1.19548E+00-9.14851E+01 1.10131E+01 2.34893E+01-2.80347E+02
 -1       200-1.05831E+03 1.96564E+01-1.60872E+02 2.07519E+01 1.09736E+01-2.97687E+02
 -1       201-1.18657E+03-1.42166E+02-2.03298E+02-4.75786E+01-1.56161E+01-3.46898E+02
 -1       202-1.12669E+03 1.98922E+01-6.17626E+00-1.55842E+01 6.32027E+00-7.32317E+01
 -1       203-1.04533E+03 1.43851E+01-2.16407E+01-1.23013E+01 4.95621E+00-5.40027E+01
 -1       204-1.09822E+03-7.55902E+00-9.99077E+01-6.75186E+00 6.90566E+00-1.47087E+02
 -1       205-1.09857E+03 7.61935E+00-6.27031E+01-7.61258E+00 2.11571E+00-8.77477E+01
 -1       206-1.23950E+03 1.74497E+01-2.97403E+01 2.41110E+00 1.54878E+00-1.27551E+02
 -1       207-1.02639E+03 1.54093E+01-1.14642E+02-6.65065E+00 8.07397E+00-7.20172E+01
 -1       208-1.02718E+03 1.08201E+01-4.25979E+01-9.71917E+00 5.27626E+00-5.09234E+01
 -1       209-9.24964E+02-1.41870E+01-3.85880E+02-6.36405E+00-4.33880E-01-4.27848E+01
 -1       210-9.86416E+02-1.81559E+00-3.81922E+02-9.26878E+00 9.10693E-01-1.11584E+01
 -1       211-9.79591E+02 7.06350E+00-3.25500E+02 9.05275E+00 1.24245E+00-2.90015E+01
 -1       212-9.86538E+02-3.64443E+00-3.91804E+02 1.22083E+01-2.25017E+00-5.56518E+00
 -1       213-6.32008E+02-1.63093E+01-3.61616E+02-2.20152E+01 1.25224E+01-1.95989E+02
 -1       214-4.57264E+02 2.83923E-01-3.49326E+02-4.61924E+01 1.42102E+01-1.99497E+02
 -1       215-1.47577E+03-2.45098E+02-1.64861E+02-1.09596E+02-1.40851E+01-2.51481E+02
 -1       216-1.45494E+03-2.21256E+02-1.93669E+02-6.18524E+01-5.57172E+00-2.63017E+02
 -1       217-9.90127E+02 7.88892E+00-2.74583E+02-8.28356E+00 1.56888E+00-7.88581E+01
 -1       218-9.68219E+02 4.89017E+00-3.47889E+02-4.24882E+00 3.33535E+00-6.33496E+01
 -1       219-1.01155E+03 5.32390E+00-1.89904E+02-1.35855E+01 1.02995E+00-1.70460E+02
 -1       220-1.06574E+03-1.23536E+01-1.62424E+02-1.13782E+01-1.42044E+00-2.60547E+02
 -1       221-1.04465E+03 1.94869E+01-1.45137E+02 6.86531E+00 2.83037E+00-1.25697E+02
 -1       222-9.27289E+02-2.40345E+00-3.33488E+02-7.84574E+00 5.48375E-01-7.37734E+01
 -1       223-9.67420E+02 8.84635E+00-2.78323E+02 1.27129E+01 1.98249E+00-1.38077E+02
 -1       224-9.14535E+02-1.16214E+01-2.96540E+02-4.20786E-01-8.55402E-01-1.92167E+02
 -1       225-8.10967E+02-3.09202E+00-3.11506E+02 2.95199E+00 6.23619E+00-2.18448E+02
 -1       226-8.31574E+02-6.12976E+01-2.72380E+02-2.35917E+01 8.05437E+00-3.20174E+02
 -1       227-9.94958E+02-4.33004E+01-2.57154E+02-6.11057E+00-8.27292E-01-3.41093E+02
 -1       228-7.81302E+02-3.29904E+01-3.49957E+02-1.36177E+00-3.52141E+00-2.08675E+02
 -1       229-1.20089E+03-1.45377E+02-1.25264E+02 4.80782E+00 2.12489E+01-2.54281E+02
 -1       230-1.03808E+03-1.17669E+02-2.23522E+02 1.66161E+01 1.71451E+01-3.43678E+02
 -1       231-8.74160E+02 2.16589E+00-2.83866E+02 1.89696E+00-7.62612E+00-2.32206E+02
 -1       232-9.80351E+02-9.29396E+00-2.30918E+02 2.03617E+00-4.97533E+00-2.00496E+02
 -1       233-9.45363E+02-6.95046E+00-2.37669E+02-1.91838E+01-1.06511E+01-3.70223E+02
 -1       234-9.56075E+02-9.12794E+01-2.16089E+02-1.27636E+01 1.41126E+01-3.65203E+02
 -1       235-1.16381E+03-1.31801E+00-6.71576E+01-2.24097E+01-1.27954E+00-1.99795E+02
 -1       236-1.22019E+03-3.71726E+01-1.31282E+02-1.17347E+01-1.76631E+01-2.61342E+02
 -1       237-9.19747E+02-1.98708E+02-3.12098E+02 1.44363E+01 1.75636E+01-3.84090E+02
 -1       238-1.05513E+03-4.06859E+01-2.30574E+02 1.19935E+01-4.91768E+00-3.27220E+02
 -1       239-1.02415E+03 1.63632E+01-2.00140E+01 1.10812E+01-7.94772E+00-6.57068E-01
 -1       240-1.05329E+03 1.79566E+01-5.85024E+01-6.13439E-01 3.86726E+00-6.18739E+01
 -1       241-1.05368E+03 1.57847E+01-7.35651E+01 5.82992E+00-7.55422E+00-8.86517E+01
 -1       242-1.09072E+03 1.78044E+01-6.07626E+01 1.39352E+01 2.36781E-01-9.08309E+01
 -1       243-1.03121E+03 7.63061E+00-4.70123E+01 9.21222E+00-4.82945E+00-5.58097E+01
 -1       244-1.03748E+03 7.67019E+00-1.65157E+02 7.52131E+00-5.98868E+00-1.26311E+02
 -1       245-1.09712E+03 7.72166E+00-1.00572E+02 1.79447E+01-6.84215E+00-1.56011E+02
 -1       246-1.04253E+03 1.47170E+01-3.07069E+01 1.28310E+01-4.91173E+00-5.30195E+01
 -1       247-1.17379E+03-4.98354E+00-5.62315E+01 3.32716E+01-1.30127E+01-1.31198E+02
 -1       248-4.72800E+02-2.55115E+00-3.60669E+02 3.86752E+01-1.54410E+01-2.16179E+02
 -1       249-8.26246E+02-2.05699E+01-2.93559E+02 2.48389E+01-3.24484E+01-3.47402E+02
 -1       250-5.90491E+02-2.97095E+01-3.44799E+02 2.03878E+01-5.33809E+00-2.29587E+02
 -1       251-7.54931E+02-1.13442E+01-3.35978E+02 1.33690E+01-6.96919E+00-2.01608E+02
 -1       252-6.35886E+02-6.12133E+01-2.01379E+02 6.62507E+01-1.80012E+01-3.48308E+02
 -1       253-9.85992E+02-1.37442E+02-2.97642E+02 1.05315E+02-1.21873E+01-3.67667E+02
 -1       254-7.68532E+02-1.31916E+02-2.28180E+02 4.91685E+01-4.55615E+00-3.59031E+02
 -1       255-4.42600E+02-1.57495E+02-3.66014E+02 7.14876E+01-5.91433E+00-2.14556E+02
 -1       256-4.15488E+02-3.37416E+01-2.01423E+02 8.15356E+00 2.75372E-01-3.25531E+02
 -1       257-1.05516E+03 8.02121E+00-1.83559E+02 2.51875E+01-6.02285E+00-3.75096E+02
 -1       258-9.84540E+02 1.47173E+01-2.22872E+02 9.83171E+00-2.13305E+00-1.89550E+02
 -1       259-7.39788E+02-1.59991E+02-2.69103E+02-2.74252E+01-2.10225E+00-3.41461E+02
 -1       260-1.28971E+03-2.13090E+02-3.54264E+02 9.29774E+01-2.43497E+01-3.89637E+02
 -1       261-1.53709E+03-3.31373E+02-2.08607E+02 1.08889E+02 4.33812E+00-2.96152E+02
 -1       262-1.01810E+03 2.15684E+01-7.68580E+00-7.00509E+00 2.64614E+00-3.50123E+00
 -1       263-9.24996E+02 1.95444E+00-3.72173E+02 8.12087E+00-1.77361E+00-6.06797E+01
 -1       264-4.24571E+02-1.35997E+02-3.47818E+02-5.67940E+01-4.01783E+00-2.12138E+02
 -1       265-1.53849E+03-2.82877E+01-4.29681E+01-1.14352E+01 4.88046E+01-1.93625E+02
 -1       266-6.09326E+02-6.99868E+01-2.27073E+02-5.64581E+01 9.52604E+00-3.64727E+02
 -1       267-9.46589E+02-2.26726E+00-3.69011E+02-3.20724E+00 4.40936E+00-5.28806E+01
 -1       268-1.55890E+03-4.13207E+01-6.92069E+01 4.44955E+01-2.29688E+01-2.58256E+02
 -1       269-9.59442E+02 3.62734E+00-3.51601E+02-2.77574E-01-5.58105E+00-5.83508E+01
 -1       270-1.02344E+03 2.62233E+01-6.97278E+01-7.91103E+00 4.08513E+00-2.88364E+01
 -1       271-1.30147E+03-2.47442E+02-2.02510E+02 4.52834E+01 2.74321E+01-3.14688E+02
 -1       272-1.28403E+03-7.11747E+01-1.55263E+02 3.79906E+01-1.01442E+01-3.05250E+02
 -1       273-1.40555E+03-1.87698E+01-9.28920E+00 1.78043E+01 3.21081E+01-1.62365E+02
 -1       274-8.81241E+02 1.52535E+01-2.94927E+02 1.26503E+01 6.27900E+00-1.72520E+02
 -1       275-9.72049E+02 9.04364E+00-2.72993E+02 1.34641E+00-4.22284E+00-7.63154E+01
 -1       276-8.02130E+02-1.41473E+02-2.59686E+02-3.74913E+01 2.27706E+01-3.51628E+02
 -1       277-8.59098E+02-1.04182E+01-3.84766E+02-2.21799E+00 3.38490E+00-8.74685E+01
 -1       278-1.28940E+03-1.57976E+01-8.88382E+01 5.84006E+00-4.30565E+00-2.60945E+02
 -1       279-5.34330E+02-8.63683E+01-3.10527E+02-1.82402E+01-6.63733E+00-2.26650E+02
 -1       280-1.06424E+03-1.75521E+02-2.82208E+02 3.36799E+01-5.28886E+00-3.79793E+02
 -3
    1PSTEP                        12           4           1          
  100CL  104 1.000000000         280                     0    4           1
 -4  ERROR       1    1
 -5  STR(%)      1    1    0    0
 -1         1 1.37781E+01
 -1         2 2.90345E+01
 -1         3 1.34679E+01
 -1         4 2.96942E+01
 -1         5 2.72694E+00
 -1         6 4.21191E+00
 -1         7 2.45808E+00
 -1         8 4.08973E+00
 -1         9 1.00388E+01
 -1        10 1.19084E+01
 -1        11 1.95366E+01
 -1        12 1.49910E+01
 -1        13 1.43845E+01
 -1        14 1.42294E+01
 -1        15 1.04276E+01
 -1        16 1.19478E+01
 -1        17 2.00609E+01
 -1        18 2.96942E+01
 -1        19 2.93644E+01
 -1        20 2.96942E+01
 -1        21 2.72176E+00
 -1        22 2.72435E+00
 -1        23 3.46684E+00
 -1        24 3.22392E+00
 -1        25 2.97543E+00
 -1        26 2.84100E+00
 -1        27 1.75904E+00
 -1        28 2.10856E+00
 -1        29 2.92439E+00
 -1        30 2.57032E+00
 -1        31 3.39111E+00
 -1        32 3.33002E+00
 -1        33 1.37781E+01
 -1        34 1.37781E+01
 -1        35 8.25252E+00
 -1        36 9.20581E+00
 -1        37 1.91201E+01
 -1        38 6.70886E+00
 -1        39 1.34679E+01
 -1        40 1.34679E+01
 -1        41 7.96300E+00
 -1        42 1.01782E+01
 -1        43 1.99362E+01
 -1        44 7.13395E+00
 -1        45 1.49910E+01
 -1        46 2.90345E+01
 -1        47 1.08999E+01
 -1        48 2.96942E+01
 -1        49 1.49910E+01
 -1        50 2.90345E+01
 -1        51 1.95366E+01
 -1        52 1.25149E+01
 -1        53 2.20127E+01
 -1        54 1.04694E+01
 -1        55 1.23390E+01
 -1        56 1.29455E+01
 -1        57 1.29455E+01
 -1        58 1.49910E+01
 -1        59 1.49910E+01
 -1        60 1.42294E+01
 -1        61 1.49910E+01
 -1        62 2.93644E+01
 -1        63 2.23426E+01
 -1        64 2.00609E+01
 -1        65 2.96942E+01
 -1        66 2.23426E+01
 -1        67 1.27093E+01
 -1        68 2.96942E+01
 -1        69 1.27093E+01
 -1        70 5.07406E+00
 -1        71 1.80857E+00
 -1        72 3.56858E+00
 -1        73 1.55610E+00
 -1        74 2.39140E+00
 -1        75 3.06945E+00
 -1        76 3.82916E+00
 -1        77 2.66381E+00
 -1        78 3.82219E+00
 -1        79 4.32132E+00
 -1        80 3.41655E+00
 -1        81 2.39001E+00
 -1        82 2.00709E+00
 -1        83 1.65757E+00
 -1        84 3.31508E+00
 -1        85 4.14899E+00
 -1        86 2.80766E+00
 -1        87 2.55917E+00
 -1        88 2.55658E+00
 -1        89 3.73273E+00
 -1        90 3.89791E+00
 -1        91 2.18945E+00
 -1        92 3.01024E+00
 -1        93 3.44131E+00
 -1        94 2.26517E+00
 -1        95 1.05136E+01
 -1        96 4.21191E+00
 -1        97 2.72694E+00
 -1        98 1.37781E+01
 -1        99 1.08159E+01
 -1       100 1.37781E+01
 -1       101 1.19084E+01
 -1       102 1.02762E+01
 -1       103 1.21459E+01
 -1       104 1.06647E+01
 -1       105 1.04273E+01
 -1       106 1.99252E+01
 -1       107 7.36276E+00
 -1       108 6.70886E+00
 -1       109 9.85971E+00
 -1       110 6.61769E+00
 -1       111 3.46684E+00
 -1       112 4.21191E+00
 -1       113 6.62028E+00
 -1       114 2.72435E+00
 -1       115 1.21459E+01
 -1       116 8.25252E+00
 -1       117 2.72694E+00
 -1       118 1.37781E+01
 -1       119 1.00108E+01
 -1       120 9.26243E+00
 -1       121 2.61911E+00
 -1       122 1.34679E+01
 -1       123 5.07406E+00
 -1       124 1.21615E+01
 -1       125 7.62611E+00
 -1       126 7.16824E+00
 -1       127 9.72030E+00
 -1       128 4.58189E+00
 -1       129 1.11698E+01
 -1       130 1.07119E+01
 -1       131 2.09278E+01
 -1       132 8.04351E+00
 -1       133 1.13652E+01
 -1       134 5.94077E+00
 -1       135 2.53859E+00
 -1       136 2.18908E+00
 -1       137 5.51074E+00
 -1       138 1.19478E+01
 -1       139 9.84501E+00
 -1       140 1.13652E+01
 -1       141 1.34679E+01
 -1       142 1.34679E+01
 -1       143 3.41655E+00
 -1       144 1.12945E+01
 -1       145 1.08999E+01
 -1       146 1.49910E+01
 -1       147 3.20276E+00
 -1       148 3.22392E+00
 -1       149 1.37781E+01
 -1       150 1.43845E+01
 -1       151 1.37781E+01
 -1       152 1.29455E+01
 -1       153 1.49910E+01
 -1       154 1.29455E+01
 -1       155 1.23390E+01
 -1       156 1.42294E+01
 -1       157 1.37781E+01
 -1       158 1.42294E+01
 -1       159 1.21839E+01
 -1       160 8.33534E+00
 -1       161 7.05134E+00
 -1       162 2.83042E+00
 -1       163 3.21334E+00
 -1       164 7.06192E+00
 -1       165 3.22392E+00
 -1       166 7.06192E+00
 -1       167 8.50101E+00
 -1       168 1.23390E+01
 -1       169 2.97543E+00
 -1       170 1.41808E+01
 -1       171 4.08973E+00
 -1       172 4.58262E+00
 -1       173 2.96942E+01
 -1       174 2.90345E+01
 -1       175 1.99362E+01
 -1       176 2.96942E+01
 -1       177 2.19375E+01
 -1       178 1.21795E+01
 -1       179 7.13395E+00
 -1       180 4.08973E+00
 -1       181 9.13528E+00
 -1       182 6.89422E+00
 -1       183 9.38172E+00
 -1       184 1.16933E+01
 -1       185 4.39726E+00
 -1       186 3.57647E+00
 -1       187 8.37557E+00
 -1       188 2.96942E+01
 -1       189 2.19375E+01
 -1       190 1.91201E+01
 -1       191 2.16077E+01
 -1       192 2.90345E+01
 -1       193 2.93644E+01
 -1       194 3.33002E+00
 -1       195 1.41808E+01
 -1       196 1.05136E+01
 -1       197 1.23390E+01
 -1       198 1.07068E+01
 -1       199 1.21459E+01
 -1       200 1.05136E+01
 -1       201 1.07068E+01
 -1       202 6.75952E+00
 -1       203 2.91094E+00
 -1       204 6.56636E+00
 -1       205 6.85819E+00
 -1       206 1.07068E+01
 -1       207 3.84658E+00
 -1       208 2.08761E+00
 -1       209 8.87470E+00
 -1       210 3.82916E+00
 -1       211 4.82834E+00
 -1       212 3.19559E+00
 -1       213 1.24983E+01
 -1       214 1.99252E+01
 -1       215 1.23390E+01
 -1       216 1.08999E+01
 -1       217 5.07406E+00
 -1       218 4.32132E+00
 -1       219 7.16824E+00
 -1       220 9.88802E+00
 -1       221 7.79384E+00
 -1       222 9.62744E+00
 -1       223 7.54812E+00
 -1       224 1.23472E+01
 -1       225 1.23472E+01
 -1       226 1.24983E+01
 -1       227 1.23472E+01
 -1       228 1.41808E+01
 -1       229 1.29455E+01
 -1       230 1.27523E+01
 -1       231 9.62744E+00
 -1       232 9.62744E+00
 -1       233 1.17216E+01
 -1       234 1.27523E+01
 -1       235 1.00812E+01
 -1       236 1.25404E+01
 -1       237 1.45859E+01
 -1       238 1.23472E+01
 -1       239 2.80766E+00
 -1       240 6.86877E+00
 -1       241 6.45251E+00
 -1       242 6.86877E+00
 -1       243 2.55917E+00
 -1       244 6.61769E+00
 -1       245 6.62028E+00
 -1       246 2.97543E+00
 -1       247 1.21459E+01
 -1       248 2.09278E+01
 -1       249 1.31711E+01
 -1       250 2.19375E+01
 -1       251 1.21795E+01
 -1       252 2.09278E+01
 -1       253 1.23042E+01
 -1       254 2.19375E+01
 -1       255 2.96942E+01
 -1       256 2.19375E+01
 -1       257 1.38244E+01
 -1       258 7.36276E+00
 -1       259 2.16077E+01
 -1       260 1.42294E+01
 -1       261 1.49910E+01
 -1       262 2.37943E+00
 -1       263 4.39726E+00
 -1       264 2.90345E+01
 -1       265 1.37781E+01
 -1       266 1.99252E+01
 -1       267 4.58189E+00
 -1       268 1.42294E+01
 -1       269 3.01024E+00
 -1       270 4.13841E+00
 -1       271 1.49910E+01
 -1       272 1.45859E+01
 -1       273 1.23390E+01
 -1       274 7.54812E+00
 -1       275 4.64298E+00
 -1       276 1.29034E+01
 -1       277 9.62744E+00
 -1       278 1.21267E+01
 -1       279 2.16077E+01
 -1       280 1.42294E+01
 -3
 9999
