    1C
    1UUSER                                                              
    1UDATE              24.september.2026                               
    1UTIME              20:14:43                                        
    1UHOST                                                              
    1UPGM               CalculiX                                        
    1UVERSION           Version 2.22                             
    1UCOMPILETIME       Mon Aug  5 19:15:25 CEST 2024                    
    1UDIR                                                               
    1UDBN                                                               
    1UMAT    1MECHANICALMATERIAL                                        
    2C                           280                                     1
 -1         1 0.00000E+00 0.00000E+00 0.00000E+00
 -1         2 0.00000E+00 0.00000E+00 1.00000E+01
 -1         3 0.00000E+00 1.00000E+01 0.00000E+00
 -1         4 0.00000E+00 1.00000E+01 1.00000E+01
 -1         5 1.00000E+01 0.00000E+00 0.00000E+00
 -1         6 1.00000E+01 0.00000E+00 1.00000E+01
 -1         7 1.00000E+01 1.00000E+01 0.00000E+00
 -1         8 1.00000E+01 1.00000E+01 1.00000E+01
 -1         9 0.00000E+00 0.00000E+00 5.00000E+00
 -1        10 0.00000E+00 0.00000E+00 2.50000E+00
 -1        11 0.00000E+00 0.00000E+00 7.50000E+00
 -1        12 0.00000E+00 5.00000E+00 0.00000E+00
 -1        13 0.00000E+00 2.50000E+00 0.00000E+00
 -1        14 0.00000E+00 7.50000E+00 0.00000E+00
 -1        15 0.00000E+00 1.00000E+01 5.00000E+00
 -1        16 0.00000E+00 1.00000E+01 2.50000E+00
 -1        17 0.00000E+00 1.00000E+01 7.50000E+00
 -1        18 0.00000E+00 5.00000E+00 1.00000E+01
 -1        19 0.00000E+00 2.50000E+00 1.00000E+01
 -1        20 0.00000E+00 7.50000E+00 1.00000E+01
 -1        21 1.00000E+01 0.00000E+00 5.00000E+00
 -1        22 1.00000E+01 0.00000E+00 2.50000E+00
 -1        23 1.00000E+01 0.00000E+00 7.50000E+00
 -1        24 1.00000E+01 5.00000E+00 0.00000E+00
 -1        25 1.00000E+01 2.50000E+00 0.00000E+00
 -1        26 1.00000E+01 7.50000E+00 0.00000E+00
 -1        27 1.00000E+01 1.00000E+01 5.00000E+00
 -1        28 1.00000E+01 1.00000E+01 2.50000E+00
 -1        29 1.00000E+01 1.00000E+01 7.50000E+00
 -1        30 1.00000E+01 5.00000E+00 1.00000E+01
 -1        31 1.00000E+01 2.50000E+00 1.00000E+01
 -1        32 1.00000E+01 7.50000E+00 1.00000E+01
 -1        33 5.00000E+00 0.00000E+00 0.00000E+00
 -1        34 2.50000E+00 0.00000E+00 0.00000E+00
 -1        35 7.50000E+00 0.00000E+00 0.00000E+00
 -1        36 5.00000E+00 0.00000E+00 1.00000E+01
 -1        37 2.50000E+00 0.00000E+00 1.00000E+01
 -1        38 7.50000E+00 0.00000E+00 1.00000E+01
 -1        39 5.00000E+00 1.00000E+01 0.00000E+00
 -1        40 2.50000E+00 1.00000E+01 0.00000E+00
 -1        41 7.50000E+00 1.00000E+01 0.00000E+00
 -1        42 5.00000E+00 1.00000E+01 1.00000E+01
 -1        43 2.50000E+00 1.00000E+01 1.00000E+01
 -1        44 7.50000E+00 1.00000E+01 1.00000E+01
 -1        45 0.00000E+00 5.00000E+00 5.00000E+00
 -1        46 0.00000E+00 2.50000E+00 7.50000E+00
 -1        47 0.00000E+00 2.50000E+00 2.50000E+00
 -1        48 0.00000E+00 7.50000E+00 7.50000E+00
 -1        49 0.00000E+00 7.50000E+00 2.50000E+00
 -1        50 0.00000E+00 1.25000E+00 8.75000E+00
 -1        51 0.00000E+00 1.25000E+00 6.25000E+00
 -1        52 0.00000E+00 2.50000E+00 5.00000E+00
 -1        53 0.00000E+00 3.75000E+00 6.25000E+00
 -1        54 0.00000E+00 1.25000E+00 3.75000E+00
 -1        55 0.00000E+00 1.25000E+00 1.25000E+00
 -1        56 0.00000E+00 3.75000E+00 3.75000E+00
 -1        57 0.00000E+00 3.75000E+00 1.25000E+00
 -1        58 0.00000E+00 5.00000E+00 2.50000E+00
 -1        59 0.00000E+00 6.25000E+00 1.25000E+00
 -1        60 0.00000E+00 8.75000E+00 1.25000E+00
 -1        61 0.00000E+00 6.25000E+00 3.75000E+00
 -1        62 0.00000E+00 3.75000E+00 8.75000E+00
 -1        63 0.00000E+00 5.00000E+00 7.50000E+00
 -1        64 0.00000E+00 8.75000E+00 6.25000E+00
 -1        65 0.00000E+00 8.75000E+00 8.75000E+00
 -1        66 0.00000E+00 6.25000E+00 6.25000E+00
 -1        67 0.00000E+00 7.50000E+00 5.00000E+00
 -1        68 0.00000E+00 6.25000E+00 8.75000E+00
 -1        69 0.00000E+00 8.75000E+00 3.75000E+00
 -1        70 1.00000E+01 5.00000E+00 5.00000E+00
 -1        71 1.00000E+01 2.50000E+00 7.50000E+00
 -1        72 1.00000E+01 7.50000E+00 7.50000E+00
 -1        73 1.00000E+01 7.50000E+00 2.50000E+00
 -1        74 1.00000E+01 2.50000E+00 2.50000E+00
 -1        75 1.00000E+01 6.25000E+00 8.75000E+00
 -1        76 1.00000E+01 8.75000E+00 8.75000E+00
 -1        77 1.00000E+01 8.75000E+00 6.25000E+00
 -1        78 1.00000E+01 5.00000E+00 7.50000E+00
 -1        79 1.00000E+01 6.25000E+00 6.25000E+00
 -1        80 1.00000E+01 7.50000E+00 5.00000E+00
 -1        81 1.00000E+01 6.25000E+00 1.25000E+00
 -1        82 1.00000E+01 8.75000E+00 1.25000E+00
 -1        83 1.00000E+01 8.75000E+00 3.75000E+00
 -1        84 1.00000E+01 6.25000E+00 3.75000E+00
 -1        85 1.00000E+01 5.00000E+00 2.50000E+00
 -1        86 1.00000E+01 3.75000E+00 1.25000E+00
 -1        87 1.00000E+01 1.25000E+00 1.25000E+00
 -1        88 1.00000E+01 1.25000E+00 3.75000E+00
 -1        89 1.00000E+01 3.75000E+00 3.75000E+00
 -1        90 1.00000E+01 2.50000E+00 5.00000E+00
 -1        91 1.00000E+01 3.75000E+00 8.75000E+00
 -1        92 1.00000E+01 1.25000E+00 8.75000E+00
 -1        93 1.00000E+01 3.75000E+00 6.25000E+00
 -1        94 1.00000E+01 1.25000E+00 6.25000E+00
 -1        95 5.00000E+00 0.00000E+00 5.00000E+00
 -1        96 7.50000E+00 0.00000E+00 7.50000E+00
 -1        97 7.50000E+00 0.00000E+00 2.50000E+00
 -1        98 2.50000E+00 0.00000E+00 2.50000E+00
 -1        99 2.50000E+00 0.00000E+00 7.50000E+00
 -1       100 1.25000E+00 0.00000E+00 1.25000E+00
 -1       101 1.25000E+00 0.00000E+00 3.75000E+00
 -1       102 2.50000E+00 0.00000E+00 5.00000E+00
 -1       103 3.75000E+00 0.00000E+00 3.75000E+00
 -1       104 3.75000E+00 0.00000E+00 6.25000E+00
 -1       105 1.25000E+00 0.00000E+00 6.25000E+00
 -1       106 1.25000E+00 0.00000E+00 8.75000E+00
 -1       107 6.25000E+00 0.00000E+00 6.25000E+00
 -1       108 6.25000E+00 0.00000E+00 8.75000E+00
 -1       109 5.00000E+00 0.00000E+00 7.50000E+00
 -1       110 7.50000E+00 0.00000E+00 5.00000E+00
 -1       111 8.75000E+00 0.00000E+00 6.25000E+00
 -1       112 8.75000E+00 0.00000E+00 8.75000E+00
 -1       113 6.25000E+00 0.00000E+00 3.75000E+00
 -1       114 8.75000E+00 0.00000E+00 3.75000E+00
 -1       115 5.00000E+00 0.00000E+00 2.50000E+00
 -1       116 6.25000E+00 0.00000E+00 1.25000E+00
 -1       117 8.75000E+00 0.00000E+00 1.25000E+00
 -1       118 3.75000E+00 0.00000E+00 1.25000E+00
 -1       119 3.75000E+00 0.00000E+00 8.75000E+00
 -1       120 5.00000E+00 1.00000E+01 5.00000E+00
 -1       121 7.50000E+00 1.00000E+01 2.50000E+00
 -1       122 2.50000E+00 1.00000E+01 2.50000E+00
 -1       123 7.50000E+00 1.00000E+01 7.50000E+00
 -1       124 2.50000E+00 1.00000E+01 7.50000E+00
 -1       125 6.25000E+00 1.00000E+01 8.75000E+00
 -1       126 6.25000E+00 1.00000E+01 6.25000E+00
 -1       127 5.00000E+00 1.00000E+01 7.50000E+00
 -1       128 8.75000E+00 1.00000E+01 8.75000E+00
 -1       129 3.75000E+00 1.00000E+01 8.75000E+00
 -1       130 3.75000E+00 1.00000E+01 6.25000E+00
 -1       131 1.25000E+00 1.00000E+01 8.75000E+00
 -1       132 6.25000E+00 1.00000E+01 1.25000E+00
 -1       133 5.00000E+00 1.00000E+01 2.50000E+00
 -1       134 6.25000E+00 1.00000E+01 3.75000E+00
 -1       135 8.75000E+00 1.00000E+01 1.25000E+00
 -1       136 8.75000E+00 1.00000E+01 3.75000E+00
 -1       137 7.50000E+00 1.00000E+01 5.00000E+00
 -1       138 1.25000E+00 1.00000E+01 3.75000E+00
 -1       139 2.50000E+00 1.00000E+01 5.00000E+00
 -1       140 3.75000E+00 1.00000E+01 3.75000E+00
 -1       141 1.25000E+00 1.00000E+01 1.25000E+00
 -1       142 3.75000E+00 1.00000E+01 1.25000E+00
 -1       143 8.75000E+00 1.00000E+01 6.25000E+00
 -1       144 1.25000E+00 1.00000E+01 6.25000E+00
 -1       145 5.00000E+00 5.00000E+00 0.00000E+00
 -1       146 2.50000E+00 7.50000E+00 0.00000E+00
 -1       147 7.50000E+00 7.50000E+00 0.00000E+00
 -1       148 7.50000E+00 2.50000E+00 0.00000E+00
 -1       149 2.50000E+00 2.50000E+00 0.00000E+00
 -1       150 1.25000E+00 3.75000E+00 0.00000E+00
 -1       151 1.25000E+00 1.25000E+00 0.00000E+00
 -1       152 2.50000E+00 5.00000E+00 0.00000E+00
 -1       153 1.25000E+00 6.25000E+00 0.00000E+00
 -1       154 3.75000E+00 6.25000E+00 0.00000E+00
 -1       155 3.75000E+00 3.75000E+00 0.00000E+00
 -1       156 1.25000E+00 8.75000E+00 0.00000E+00
 -1       157 3.75000E+00 1.25000E+00 0.00000E+00
 -1       158 3.75000E+00 8.75000E+00 0.00000E+00
 -1       159 5.00000E+00 7.50000E+00 0.00000E+00
 -1       160 6.25000E+00 8.75000E+00 0.00000E+00
 -1       161 6.25000E+00 6.25000E+00 0.00000E+00
 -1       162 8.75000E+00 8.75000E+00 0.00000E+00
 -1       163 8.75000E+00 6.25000E+00 0.00000E+00
 -1       164 7.50000E+00 5.00000E+00 0.00000E+00
 -1       165 8.75000E+00 3.75000E+00 0.00000E+00
 -1       166 6.25000E+00 3.75000E+00 0.00000E+00
 -1       167 6.25000E+00 1.25000E+00 0.00000E+00
 -1       168 5.00000E+00 2.50000E+00 0.00000E+00
 -1       169 8.75000E+00 1.25000E+00 0.00000E+00
 -1       170 5.00000E+00 5.00000E+00 1.00000E+01
 -1       171 7.50000E+00 7.50000E+00 1.00000E+01
 -1       172 7.50000E+00 2.50000E+00 1.00000E+01
 -1       173 2.50000E+00 7.50000E+00 1.00000E+01
 -1       174 2.50000E+00 2.50000E+00 1.00000E+01
 -1       175 3.75000E+00 8.75000E+00 1.00000E+01
 -1       176 1.25000E+00 8.75000E+00 1.00000E+01
 -1       177 3.75000E+00 6.25000E+00 1.00000E+01
 -1       178 5.00000E+00 7.50000E+00 1.00000E+01
 -1       179 6.25000E+00 8.75000E+00 1.00000E+01
 -1       180 8.75000E+00 8.75000E+00 1.00000E+01
 -1       181 6.25000E+00 6.25000E+00 1.00000E+01
 -1       182 6.25000E+00 1.25000E+00 1.00000E+01
 -1       183 6.25000E+00 3.75000E+00 1.00000E+01
 -1       184 5.00000E+00 2.50000E+00 1.00000E+01
 -1       185 8.75000E+00 1.25000E+00 1.00000E+01
 -1       186 8.75000E+00 3.75000E+00 1.00000E+01
 -1       187 7.50000E+00 5.00000E+00 1.00000E+01
 -1       188 1.25000E+00 6.25000E+00 1.00000E+01
 -1       189 2.50000E+00 5.00000E+00 1.00000E+01
 -1       190 3.75000E+00 1.25000E+00 1.00000E+01
 -1       191 3.75000E+00 3.75000E+00 1.00000E+01
 -1       192 1.25000E+00 1.25000E+00 1.00000E+01
 -1       193 1.25000E+00 3.75000E+00 1.00000E+01
 -1       194 8.75000E+00 6.25000E+00 1.00000E+01
 -1       195 3.75000E+00 6.25000E+00 6.25000E+00
 -1       196 6.25000E+00 3.75000E+00 3.75000E+00
 -1       197 1.25000E+00 1.25000E+00 2.50000E+00
 -1       198 2.50000E+00 1.25000E+00 3.75000E+00
 -1       199 4.37500E+00 1.87500E+00 3.12500E+00
 -1       200 5.62500E+00 1.87500E+00 4.37500E+00
 -1       201 3.12500E+00 3.12500E+00 3.12500E+00
 -1       202 6.25000E+00 7.50000E+00 1.25000E+00
 -1       203 7.50000E+00 8.75000E+00 1.25000E+00
 -1       204 6.87500E+00 6.87500E+00 3.12500E+00
 -1       205 6.87500E+00 5.62500E+00 1.87500E+00
 -1       206 5.62500E+00 4.37500E+00 1.87500E+00
 -1       207 8.75000E+00 7.50000E+00 3.75000E+00
 -1       208 8.75000E+00 8.75000E+00 2.50000E+00
 -1       209 7.50000E+00 6.25000E+00 8.75000E+00
 -1       210 8.75000E+00 7.50000E+00 8.75000E+00
 -1       211 8.75000E+00 3.75000E+00 7.50000E+00
 -1       212 8.75000E+00 2.50000E+00 8.75000E+00
 -1       213 3.75000E+00 2.50000E+00 8.75000E+00
 -1       214 2.50000E+00 1.25000E+00 8.75000E+00
 -1       215 1.25000E+00 2.50000E+00 1.25000E+00
 -1       216 2.50000E+00 3.75000E+00 1.25000E+00
 -1       217 8.75000E+00 7.50000E+00 6.25000E+00
 -1       218 8.75000E+00 8.75000E+00 7.50000E+00
 -1       219 7.50000E+00 7.50000E+00 5.00000E+00
 -1       220 5.62500E+00 6.87500E+00 4.37500E+00
 -1       221 8.12500E+00 4.37500E+00 4.37500E+00
 -1       222 7.50000E+00 5.00000E+00 7.50000E+00
 -1       223 6.87500E+00 3.12500E+00 6.87500E+00
 -1       224 5.62500E+00 4.37500E+00 6.87500E+00
 -1       225 5.00000E+00 2.50000E+00 7.50000E+00
 -1       226 3.12500E+00 3.12500E+00 6.87500E+00
 -1       227 4.37500E+00 3.12500E+00 5.62500E+00
 -1       228 4.37500E+00 5.62500E+00 8.12500E+00
 -1       229 2.50000E+00 5.00000E+00 2.50000E+00
 -1       230 3.12500E+00 4.37500E+00 4.37500E+00
 -1       231 5.62500E+00 8.12500E+00 6.87500E+00
 -1       232 6.87500E+00 5.62500E+00 5.62500E+00
 -1       233 4.37500E+00 8.12500E+00 5.62500E+00
 -1       234 2.50000E+00 2.50000E+00 5.00000E+00
 -1       235 5.00000E+00 7.50000E+00 2.50000E+00
 -1       236 4.37500E+00 5.62500E+00 3.12500E+00
 -1       237 1.87500E+00 5.62500E+00 5.62500E+00
 -1       238 5.00000E+00 5.00000E+00 5.00000E+00
 -1       239 8.75000E+00 2.50000E+00 1.25000E+00
 -1       240 8.12500E+00 4.37500E+00 1.87500E+00
 -1       241 8.12500E+00 3.12500E+00 3.12500E+00
 -1       242 6.87500E+00 3.12500E+00 1.87500E+00
 -1       243 8.75000E+00 1.25000E+00 2.50000E+00
 -1       244 8.12500E+00 1.87500E+00 4.37500E+00
 -1       245 6.87500E+00 1.87500E+00 3.12500E+00
 -1       246 7.50000E+00 1.25000E+00 1.25000E+00
 -1       247 5.62500E+00 1.87500E+00 1.87500E+00
 -1       248 2.50000E+00 8.75000E+00 8.75000E+00
 -1       249 3.12500E+00 8.12500E+00 6.87500E+00
 -1       250 3.12500E+00 6.87500E+00 8.12500E+00
 -1       251 4.37500E+00 8.12500E+00 8.12500E+00
 -1       252 1.25000E+00 8.75000E+00 7.50000E+00
 -1       253 1.87500E+00 8.12500E+00 5.62500E+00
 -1       254 1.87500E+00 6.87500E+00 6.87500E+00
 -1       255 1.25000E+00 7.50000E+00 8.75000E+00
 -1       256 1.87500E+00 5.62500E+00 8.12500E+00
 -1       257 3.12500E+00 8.12500E+00 4.37500E+00
 -1       258 6.87500E+00 1.87500E+00 5.62500E+00
 -1       259 1.87500E+00 4.37500E+00 6.87500E+00
 -1       260 1.25000E+00 8.75000E+00 2.50000E+00
 -1       261 1.25000E+00 7.50000E+00 1.25000E+00
 -1       262 8.75000E+00 7.50000E+00 1.25000E+00
 -1       263 7.50000E+00 1.25000E+00 8.75000E+00
 -1       264 1.25000E+00 2.50000E+00 8.75000E+00
 -1       265 2.50000E+00 1.25000E+00 1.25000E+00
 -1       266 1.25000E+00 1.25000E+00 7.50000E+00
 -1       267 7.50000E+00 8.75000E+00 8.75000E+00
 -1       268 2.50000E+00 8.75000E+00 1.25000E+00
 -1       269 8.75000E+00 1.25000E+00 7.50000E+00
 -1       270 8.75000E+00 6.25000E+00 2.50000E+00
 -1       271 1.25000E+00 6.25000E+00 2.50000E+00
 -1       272 3.12500E+00 6.87500E+00 3.12500E+00
 -1       273 3.75000E+00 2.50000E+00 1.25000E+00
 -1       274 6.25000E+00 1.25000E+00 7.50000E+00
 -1       275 8.75000E+00 2.50000E+00 6.25000E+00
 -1       276 1.25000E+00 2.50000E+00 6.25000E+00
 -1       277 6.25000E+00 7.50000E+00 8.75000E+00
 -1       278 3.75000E+00 8.75000E+00 2.50000E+00
 -1       279 2.50000E+00 3.75000E+00 8.75000E+00
 -1       280 1.25000E+00 7.50000E+00 3.75000E+00
 -3
    3C                           129                                     1
 -1         1    6    0    1
 -2        95        98        47       196       103       197       198       200       199       201
 -1         2    6    0    1
 -2       147       121       145       196       203       202       161       205       204       206
 -1         3    6    0    1
 -2        73        70        27       121        84        80        83       208       207       136
 -1         4    6    0    1
 -2        72       170        30       171       209       187        75       210       181       194
 -1         5    6    0    1
 -2         9        98        47        95       101       197        54       102       103       198
 -1         6    6    0    1
 -2       172        70        30        71       211        78       186       212        93        91
 -1         7    6    0    1
 -2       170        99        36       174       213       119       184       191       214       190
 -1         8    6    0    1
 -2        12        47       149       145        57       215       150       152       216       155
 -1         9    6    0    1
 -2        70        27       123        72        80       143       217        79        77       218
 -1        10    6    0    1
 -2        39       147       121       145       160       203       132       159       161       202
 -1        11    6    0    1
 -2        70       120       121       196       219       134       207       221       220       204
 -1        12    6    0    1
 -2        70       172       170       196       211       183       222       221       223       224
 -1        13    6    0    1
 -2        95        99       170       195       104       213       225       227       226       228
 -1        14    6    0    1
 -2       145        45        47       196       229        56       216       206       230       201
 -1        15    6    0    1
 -2        70       123       120       195       217       126       219       232       231       233
 -1        16    6    0    1
 -2        47        45        95       196        56       234       198       201       230       200
 -1        17    6    0    1
 -2       121       120       145       196       134       235       202       204       220       206
 -1        18    6    0    1
 -2       145        39       120       121       159       133       235       202       132       134
 -1        19    6    0    1
 -2        70       120        27       121       219       137        80       207       134       136
 -1        20    6    0    1
 -2         9        47        45        95        54        56        52       102       198       234
 -1        21    6    0    1
 -2        70        27       120       123        80       137       219       217       143       126
 -1        22    6    0    1
 -2        45        47        12       145        56        57        58       229       216       152
 -1        23    6    0    1
 -2       170        95        36        99       225       109       184       213       104       119
 -1        24    6    0    1
 -2       195        45       145       196       237       229       236       238       230       206
 -1        25    6    0    1
 -2        95        45       195       196       234       237       227       200       230       238
 -1        26    6    0    1
 -2       170        95       195       196       225       227       228       224       200       238
 -1        27    6    0    1
 -2        70       170       195       196       222       228       232       221       224       238
 -1        28    6    0    1
 -2       195       120        70       196       233       219       232       238       220       221
 -1        29    6    0    1
 -2       145       120       195       196       235       233       236       206       220       238
 -1        30    6    0    1
 -2        74        24       148       196        86       165       239       241       240       242
 -1        31    6    0    1
 -2        21        74        97       196        88       243       114       244       241       245
 -1        32    6    0    1
 -2       148        33        97       196       167       116       246       242       247       245
 -1        33    6    0    1
 -2       173       124        42       195       248       129       175       250       249       251
 -1        34    6    0    1
 -2        48        15       124       195        64       144       252       254       253       249
 -1        35    6    0    1
 -2        18        48       173       195        68       255       188       256       254       250
 -1        36    6    0    1
 -2        74        70        24       196        89        85        86       241       221       240
 -1        37    6    0    1
 -2       170        18       173       195       189       188       177       228       256       250
 -1        38    6    0    1
 -2        70        74        21       196        89        88        90       221       241       244
 -1        39    6    0    1
 -2       120       123        42       195       126       125       127       233       231       251
 -1        40    6    0    1
 -2       170       173        42       195       177       175       178       228       250       251
 -1        41    6    0    1
 -2        42       124       120       195       129       130       127       251       249       233
 -1        42    6    0    1
 -2        15       122       120       195       138       140       139       253       257       233
 -1        43    6    0    1
 -2       124        15       120       195       144       139       130       249       253       233
 -1        44    6    0    1
 -2        15        48        45       195        64        66        67       253       254       237
 -1        45    6    0    1
 -2        24       147       145       196       163       161       164       240       205       206
 -1        46    6    0    1
 -2        95        97        33       196       113       116       115       200       245       247
 -1        47    6    0    1
 -2        33        98        95       196       118       103       115       247       199       200
 -1        48    6    0    1
 -2        95        96        21       196       107       111       110       200       258       244
 -1        49    6    0    1
 -2        97        95        21       196       113       110       114       245       200       244
 -1        50    6    0    1
 -2       145        33       148       196       168       167       166       206       247       242
 -1        51    6    0    1
 -2        24       145       148       196       164       166       165       240       206       242
 -1        52    6    0    1
 -2        18        45        48       195        63        66        68       256       237       254
 -1        53    6    0    1
 -2        45        18        46       195        63        62        53       237       256       259
 -1        54    6    0    1
 -2        48       124       173       195       252       248       255       254       249       250
 -1        55    6    0    1
 -2       148        97        74       196       246       243       239       242       245       241
 -1        56    6    0    1
 -2        74        24         5       148        86        25        87       239       165       169
 -1        57    6    0    1
 -2         3        49       122        15        60       260       141        16        69       138
 -1        58    6    0    1
 -2       146        12        49         3       153        59       261       156        14        60
 -1        59    6    0    1
 -2        15       124         4        48       144       131        17        64       252        65
 -1        60    6    0    1
 -2       149         1        47        12       151        55       215       150        13        57
 -1        61    6    0    1
 -2       147         7        73        24       162        82       262       163        26        81
 -1        62    6    0    1
 -2        36       172         6        96       182       185        38       108       263       112
 -1        63    6    0    1
 -2        98        47         1         9       197        55       100       101        54        10
 -1        64    6    0    1
 -2         2       174        46        18       192       264        50        19       193        62
 -1        65    6    0    1
 -2         1       149        98        33       151       265       100        34       157       118
 -1        66    6    0    1
 -2        48       173         4        18       255       176        65        68       188        20
 -1        67    6    0    1
 -2        30        72       171         8        75       210       194        32        76       180
 -1        68    6    0    1
 -2        97        21         5        74       114        22       117       243        88        87
 -1        69    6    0    1
 -2         9        46         2        99        51        50        11       105       266       106
 -1        70    6    0    1
 -2         8       123       171        42       128       267       180        44       125       179
 -1        71    6    0    1
 -2        97         5        33       148       117        35       116       246       169       167
 -1        72    6    0    1
 -2        99       174         2        36       214       192       106       119       190        37
 -1        73    6    0    1
 -2       173       124         4        42       248       131       176       175       129        43
 -1        74    6    0    1
 -2         3       122       146        39       141       268       156        40       142       158
 -1        75    6    0    1
 -2         8        72       123        27        76       218       128        29        77       143
 -1        76    6    0    1
 -2        71       172         6        30       212       185        92        91       186        31
 -1        77    6    0    1
 -2       147       121         7        39       203       135       162       160       132        41
 -1        78    6    0    1
 -2        73       121        27         7       208       136        83        82       135        28
 -1        79    6    0    1
 -2        71         6        96        21        92       112       269        94        23       111
 -1        80    6    0    1
 -2       146        49       122         3       261       260       268       156        60       141
 -1        81    6    0    1
 -2         2        46       174        99        50       264       192       106       266       214
 -1        82    6    0    1
 -2       123       171        72         8       267       210       218       128       180        76
 -1        83    6    0    1
 -2         7        73       121       147        82       208       135       162       262       203
 -1        84    6    0    1
 -2       173         4       124        48       176       131       248       255        65       252
 -1        85    6    0    1
 -2        96       172         6        71       263       185       112       269       212        92
 -1        86    6    0    1
 -2        74         5        97       148        87       117       243       239       169       246
 -1        87    6    0    1
 -2         1        98       149        47       100       265       151        55       197       215
 -1        88    6    0    1
 -2       147       121        70        73       203       207       270       262       208        84
 -1        89    6    0    1
 -2       121       147        70       196       203       270       207       204       205       221
 -1        90    6    0    1
 -2       147        70        24        73       270        85       163       262        84        81
 -1        91    6    0    1
 -2        70       147        24       196       270       163        85       221       205       240
 -1        92    6    0    1
 -2       146       195        45       145       272       237       271       154       236       229
 -1        93    6    0    1
 -2        12        45       146        49        58       271       153        59        61       261
 -1        94    6    0    1
 -2       146        45        12       145       271        58       153       154       229       152
 -1        95    6    0    1
 -2        98        47       145       149       197       216       273       265       215       155
 -1        96    6    0    1
 -2       145        47        98       196       216       197       273       206       201       199
 -1        97    6    0    1
 -2        33        98       145       149       118       273       168       157       265       155
 -1        98    6    0    1
 -2       145        98        33       196       273       118       168       206       199       247
 -1        99    6    0    1
 -2        95       196       172        96       200       223       274       107       258       263
 -1       100    6    0    1
 -2       172       196        95       170       223       200       274       183       224       225
 -1       101    6    0    1
 -2        36        95       172        96       109       274       182       108       107       263
 -1       102    6    0    1
 -2       172        95        36       170       274       109       182       183       225       184
 -1       103    6    0    1
 -2        96        70       172        71       275       211       263       269        93       212
 -1       104    6    0    1
 -2       172        70        96       196       211       275       263       223       221       258
 -1       105    6    0    1
 -2        96        21        70        71       111        90       275       269        94        93
 -1       106    6    0    1
 -2        70        21        96       196        90       111       275       221       244       258
 -1       107    6    0    1
 -2        45       195        99        95       237       226       276       234       227       104
 -1       108    6    0    1
 -2        99       195        45        46       226       237       276       266       259        53
 -1       109    6    0    1
 -2         9        45        99        95        52       276       105       102       234       104
 -1       110    6    0    1
 -2        99        45         9        46       276        52       105       266        53        51
 -1       111    6    0    1
 -2       123       170        72       171       277       209       218       267       181       210
 -1       112    6    0    1
 -2        42       170       123       171       178       277       125       179       181       267
 -1       113    6    0    1
 -2       170        42       123       195       178       125       277       228       251       231
 -1       114    6    0    1
 -2       170        70       123        72       222       217       277       209        79       218
 -1       115    6    0    1
 -2       123        70       170       195       217       222       277       231       232       228
 -1       116    6    0    1
 -2       120       146       195       122       278       272       233       140       268       257
 -1       117    6    0    1
 -2       146       120       195       145       278       233       272       154       235       236
 -1       118    6    0    1
 -2        39       146       120       122       158       278       133       142       268       140
 -1       119    6    0    1
 -2       146        39       120       145       158       133       278       154       159       235
 -1       120    6    0    1
 -2        46        99       170       174       266       213       279       264       214       191
 -1       121    6    0    1
 -2       170        99        46       195       213       266       279       228       226       259
 -1       122    6    0    1
 -2        18        46       170       174        62       279       189       193       264       191
 -1       123    6    0    1
 -2       170        46        18       195       279        62       189       228       259       256
 -1       124    6    0    1
 -2        70        30       170       172        78       187       222       211       186       183
 -1       125    6    0    1
 -2       170        30        70        72       187        78       222       209        75        79
 -1       126    6    0    1
 -2       122        45       146       195       280       271       268       257       237       272
 -1       127    6    0    1
 -2       146        45       122        49       271       280       268       261        61       260
 -1       128    6    0    1
 -2       122        15        45       195       138        67       280       257       253       237
 -1       129    6    0    1
 -2        45        15       122        49        67       138       280        61        69       260
 -3
    1PSTEP                         1           1           1          
    1PGM                1.000000E+00                                  
    1PGK                1.163144E+11                                  
    1PHID                         -1                                  
    1PSUBC                         0                                  
    1PMODE                         1                                  
  100CL  101 54279.63761         280                     2    1MODAL      1
 -4  DISP        4    1
 -5  D1          1    2    1    0
 -5  D2          1    2    2    0
 -5  D3          1    2    3    0
 -5  ALL         1    2    0    0    1ALL
 -1         1 0.00000E+00 0.00000E+00 0.00000E+00
 -1         2 0.00000E+00 0.00000E+00 0.00000E+00
 -1         3 0.00000E+00 0.00000E+00 0.00000E+00
 -1         4 0.00000E+00 0.00000E+00 0.00000E+00
 -1         5 3.05883E+02 2.06422E+02 5.64081E+02
 -1         6-1.41902E+02 2.05934E+02 5.63291E+02
 -1         7 1.42865E+02 2.03888E+02 5.62855E+02
 -1         8-3.06054E+02 2.06865E+02 5.62014E+02
 -1         9 0.00000E+00 0.00000E+00 0.00000E+00
 -1        10 0.00000E+00 0.00000E+00 0.00000E+00
 -1        11 0.00000E+00 0.00000E+00 0.00000E+00
 -1        12 0.00000E+00 0.00000E+00 0.00000E+00
 -1        13 0.00000E+00 0.00000E+00 0.00000E+00
 -1        14 0.00000E+00 0.00000E+00 0.00000E+00
 -1        15 0.00000E+00 0.00000E+00 0.00000E+00
 -1        16 0.00000E+00 0.00000E+00 0.00000E+00
 -1        17 0.00000E+00 0.00000E+00 0.00000E+00
 -1        18 0.00000E+00 0.00000E+00 0.00000E+00
 -1        19 0.00000E+00 0.00000E+00 0.00000E+00
 -1        20 0.00000E+00 0.00000E+00 0.00000E+00
 -1        21 8.56494E+01 2.07653E+02 5.49730E+02
 -1        22 1.87245E+02 2.04574E+02 5.55668E+02
 -1        23-1.75186E+01 2.08949E+02 5.54499E+02
 -1        24 2.34553E+02 1.99452E+02 5.69345E+02
 -1        25 2.69871E+02 2.03971E+02 5.65924E+02
 -1        26 1.95213E+02 2.00059E+02 5.66573E+02
 -1        27-8.68791E+01 2.06920E+02 5.47616E+02
 -1        28 1.69758E+01 2.08309E+02 5.53810E+02
 -1        29-1.88289E+02 2.04691E+02 5.53707E+02
 -1        30-2.36437E+02 2.00217E+02 5.66857E+02
 -1        31-1.96216E+02 2.01985E+02 5.66897E+02
 -1        32-2.70109E+02 2.04143E+02 5.63869E+02
 -1        33 2.62516E+02 1.26620E+02 2.78953E+02
 -1        34 1.75298E+02 8.51107E+01 1.36814E+02
 -1        35 3.01051E+02 1.67411E+02 4.29392E+02
 -1        36-1.22803E+02 6.88151E+01 2.57106E+02
 -1        37-8.19917E+01 2.42612E+00 1.07078E+02
 -1        38-1.39825E+02 1.42372E+02 4.20032E+02
 -1        39 1.24140E+02 6.87263E+01 2.56843E+02
 -1        40 8.14897E+01 3.02287E+00 1.05197E+02
 -1        41 1.40832E+02 1.41571E+02 4.18992E+02
 -1        42-2.64781E+02 1.26194E+02 2.79557E+02
 -1        43-1.76489E+02 8.56690E+01 1.35926E+02
 -1        44-3.01376E+02 1.68340E+02 4.28670E+02
 -1        45 0.00000E+00 0.00000E+00 0.00000E+00
 -1        46 0.00000E+00 0.00000E+00 0.00000E+00
 -1        47 0.00000E+00 0.00000E+00 0.00000E+00
 -1        48 0.00000E+00 0.00000E+00 0.00000E+00
 -1        49 0.00000E+00 0.00000E+00 0.00000E+00
 -1        50 0.00000E+00 0.00000E+00 0.00000E+00
 -1        51 0.00000E+00 0.00000E+00 0.00000E+00
 -1        52 0.00000E+00 0.00000E+00 0.00000E+00
 -1        53 0.00000E+00 0.00000E+00 0.00000E+00
 -1        54 0.00000E+00 0.00000E+00 0.00000E+00
 -1        55 0.00000E+00 0.00000E+00 0.00000E+00
 -1        56 0.00000E+00 0.00000E+00 0.00000E+00
 -1        57 0.00000E+00 0.00000E+00 0.00000E+00
 -1        58 0.00000E+00 0.00000E+00 0.00000E+00
 -1        59 0.00000E+00 0.00000E+00 0.00000E+00
 -1        60 0.00000E+00 0.00000E+00 0.00000E+00
 -1        61 0.00000E+00 0.00000E+00 0.00000E+00
 -1        62 0.00000E+00 0.00000E+00 0.00000E+00
 -1        63 0.00000E+00 0.00000E+00 0.00000E+00
 -1        64 0.00000E+00 0.00000E+00 0.00000E+00
 -1        65 0.00000E+00 0.00000E+00 0.00000E+00
 -1        66 0.00000E+00 0.00000E+00 0.00000E+00
 -1        67 0.00000E+00 0.00000E+00 0.00000E+00
 -1        68 0.00000E+00 0.00000E+00 0.00000E+00
 -1        69 0.00000E+00 0.00000E+00 0.00000E+00
 -1        70 2.25699E+00 2.04320E+02 5.58143E+02
 -1        71-6.83362E+01 2.04450E+02 5.59273E+02
 -1        72-1.47186E+02 2.03625E+02 5.59231E+02
 -1        73 6.78292E+01 2.03743E+02 5.58551E+02
 -1        74 1.46003E+02 2.03861E+02 5.58809E+02
 -1        75-1.89968E+02 2.01861E+02 5.64295E+02
 -1        76-2.25419E+02 2.05281E+02 5.60956E+02
 -1        77-1.14044E+02 2.05571E+02 5.51585E+02
 -1        78-1.09760E+02 2.02672E+02 5.62907E+02
 -1        79-7.12009E+01 2.03080E+02 5.58328E+02
 -1        80-3.98274E+01 2.05784E+02 5.53229E+02
 -1        81 1.51077E+02 2.00405E+02 5.65458E+02
 -1        82 1.04684E+02 2.04652E+02 5.61863E+02
 -1        83-1.19525E+01 2.06606E+02 5.51404E+02
 -1        84 3.35069E+01 2.03475E+02 5.56873E+02
 -1        85 1.08076E+02 2.02161E+02 5.63084E+02
 -1        86 1.87115E+02 2.01922E+02 5.65750E+02
 -1        87 2.24904E+02 2.04951E+02 5.62327E+02
 -1        88 1.12758E+02 2.06041E+02 5.52861E+02
 -1        89 7.25742E+01 2.03443E+02 5.57054E+02
 -1        90 3.98577E+01 2.06098E+02 5.53768E+02
 -1        91-1.52783E+02 2.01556E+02 5.65260E+02
 -1        92-1.04835E+02 2.06061E+02 5.62345E+02
 -1        93-3.25619E+01 2.03694E+02 5.57604E+02
 -1        94 1.11233E+01 2.06783E+02 5.52139E+02
 -1        95 7.25672E+01 1.04084E+02 2.50804E+02
 -1        96-1.23785E+01 1.51348E+02 4.16496E+02
 -1        97 1.78473E+02 1.63443E+02 4.22190E+02
 -1        98 8.89166E+01 6.71728E+01 1.07262E+02
 -1        99 1.59810E+00 2.77085E+01 9.54810E+01
 -1       100 6.21843E+01 4.72169E+01 4.74753E+01
 -1       101 3.50967E+01 3.35540E+01 4.04916E+01
 -1       102 4.14881E+01 4.76537E+01 9.80699E+01
 -1       103 8.91370E+01 8.56514E+01 1.74008E+02
 -1       104 3.23374E+01 6.42485E+01 1.67822E+02
 -1       105 1.33283E+01 1.63042E+01 3.81310E+01
 -1       106-1.27736E+01 1.27940E-01 3.57974E+01
 -1       107 3.79502E+01 1.26179E+02 3.34795E+02
 -1       108-6.44044E+01 1.12903E+02 3.37833E+02
 -1       109-2.69069E+00 8.58610E+01 2.50362E+02
 -1       110 8.41074E+01 1.58054E+02 4.15349E+02
 -1       111 3.68948E+01 1.81886E+02 4.87996E+02
 -1       112-7.43963E+01 1.78368E+02 4.93323E+02
 -1       113 1.20167E+02 1.36587E+02 3.38793E+02
 -1       114 1.32875E+02 1.84616E+02 4.89892E+02
 -1       115 1.49738E+02 1.17258E+02 2.61197E+02
 -1       116 2.22371E+02 1.44504E+02 3.49981E+02
 -1       117 2.41448E+02 1.86225E+02 4.97554E+02
 -1       118 1.67926E+02 9.98844E+01 1.93753E+02
 -1       119-4.63929E+01 4.41671E+01 1.73115E+02
 -1       120-7.23332E+01 1.02041E+02 2.51376E+02
 -1       121 1.13453E+01 1.51460E+02 4.15401E+02
 -1       122-2.04482E+00 2.78998E+01 9.44778E+01
 -1       123-1.79191E+02 1.64371E+02 4.21201E+02
 -1       124-9.15454E+01 7.05303E+01 1.06682E+02
 -1       125-2.23450E+02 1.45758E+02 3.49472E+02
 -1       126-1.20632E+02 1.35685E+02 3.38597E+02
 -1       127-1.49985E+02 1.17447E+02 2.61757E+02
 -1       128-2.42054E+02 1.86640E+02 4.96170E+02
 -1       129-1.68067E+02 1.01760E+02 1.92870E+02
 -1       130-8.96196E+01 8.50095E+01 1.73095E+02
 -1       131-6.31504E+01 4.72476E+01 4.68815E+01
 -1       132 6.55049E+01 1.12136E+02 3.36822E+02
 -1       133 2.62045E+00 8.67143E+01 2.50354E+02
 -1       134-3.87888E+01 1.26187E+02 3.34249E+02
 -1       135 7.46549E+01 1.77602E+02 4.92503E+02
 -1       136-3.85384E+01 1.81585E+02 4.86808E+02
 -1       137-8.37631E+01 1.57904E+02 4.15638E+02
 -1       138-1.31774E+01 1.57088E+01 3.82892E+01
 -1       139-4.57706E+01 5.06746E+01 9.73967E+01
 -1       140-3.23531E+01 6.44560E+01 1.66634E+02
 -1       141 1.23635E+01 5.16076E-02 3.53088E+01
 -1       142 4.47473E+01 4.27847E+01 1.71129E+02
 -1       143-1.33841E+02 1.84385E+02 4.88384E+02
 -1       144-3.62763E+01 3.51804E+01 4.19948E+01
 -1       145 1.99103E+02 9.05867E+01 2.84754E+02
 -1       146 1.07654E+02 1.98613E+01 1.23417E+02
 -1       147 1.92820E+02 1.45222E+02 4.28354E+02
 -1       148 2.63133E+02 1.60118E+02 4.33131E+02
 -1       149 1.44469E+02 5.07858E+01 1.38545E+02
 -1       150 7.37592E+01 1.69226E+01 7.34975E+01
 -1       151 8.29136E+01 3.07018E+01 7.38189E+01
 -1       152 1.13172E+02 3.62639E+01 1.30085E+02
 -1       153 6.10242E+01 7.72006E+00 6.50588E+01
 -1       154 1.55084E+02 5.31002E+01 2.01672E+02
 -1       155 1.79332E+02 6.95118E+01 2.09049E+02
 -1       156 5.43060E+01-9.67227E-01 5.53835E+01
 -1       157 2.07794E+02 9.45881E+01 2.09098E+02
 -1       158 1.28601E+02 3.82137E+01 1.88157E+02
 -1       159 1.71425E+02 7.76477E+01 2.72858E+02
 -1       160 1.63787E+02 1.08790E+02 3.46360E+02
 -1       161 2.02265E+02 1.17145E+02 3.56859E+02
 -1       162 1.71285E+02 1.74338E+02 4.96979E+02
 -1       163 2.15483E+02 1.75253E+02 5.01876E+02
 -1       164 2.28855E+02 1.51000E+02 4.32256E+02
 -1       165 2.50678E+02 1.80072E+02 5.03299E+02
 -1       166 2.33044E+02 1.27764E+02 3.60064E+02
 -1       167 2.67602E+02 1.41464E+02 3.58263E+02
 -1       168 2.25788E+02 1.08509E+02 2.86063E+02
 -1       169 2.86447E+02 1.86172E+02 5.00749E+02
 -1       170-1.98821E+02 9.27783E+01 2.85210E+02
 -1       171-2.62775E+02 1.61379E+02 4.33433E+02
 -1       172-1.94610E+02 1.45833E+02 4.29795E+02
 -1       173-1.45886E+02 5.36547E+01 1.41417E+02
 -1       174-1.12739E+02 2.16016E+01 1.23882E+02
 -1       175-2.08426E+02 9.49448E+01 2.10242E+02
 -1       176-8.33805E+01 3.09550E+01 7.28941E+01
 -1       177-1.79530E+02 7.12042E+01 2.10103E+02
 -1       178-2.27923E+02 1.08043E+02 2.85479E+02
 -1       179-2.68651E+02 1.42379E+02 3.58782E+02
 -1       180-2.86630E+02 1.87016E+02 4.99624E+02
 -1       181-2.33428E+02 1.29708E+02 3.62334E+02
 -1       182-1.63285E+02 1.09035E+02 3.46194E+02
 -1       183-2.03263E+02 1.18029E+02 3.58193E+02
 -1       184-1.71043E+02 7.85795E+01 2.74522E+02
 -1       185-1.71371E+02 1.75728E+02 4.97946E+02
 -1       186-2.17324E+02 1.76253E+02 5.01209E+02
 -1       187-2.27580E+02 1.52184E+02 4.34099E+02
 -1       188-7.41066E+01 1.94528E+01 7.25827E+01
 -1       189-1.17751E+02 3.33059E+01 1.33375E+02
 -1       190-1.30622E+02 3.80276E+01 1.87419E+02
 -1       191-1.58899E+02 5.41246E+01 2.00645E+02
 -1       192-5.54707E+01-1.12595E+00 5.69637E+01
 -1       193-6.73850E+01 1.01786E+01 6.89446E+01
 -1       194-2.50904E+02 1.81159E+02 5.01532E+02
 -1       195-3.55690E+01 6.93683E+01 1.83040E+02
 -1       196 5.62473E+01 1.27531E+02 3.47795E+02
 -1       197 3.40700E+01 2.88398E+01 4.87989E+01
 -1       198 4.51908E+01 5.03258E+01 1.06937E+02
 -1       199 8.46213E+01 9.18119E+01 2.22637E+02
 -1       200 6.05359E+01 1.16683E+02 3.01814E+02
 -1       201 5.02351E+01 5.81312E+01 1.47967E+02
 -1       202 1.17024E+02 1.17095E+02 3.48234E+02
 -1       203 1.00320E+02 1.47242E+02 4.22334E+02
 -1       204 4.41403E+01 1.37529E+02 3.84896E+02
 -1       205 1.18761E+02 1.37287E+02 3.89987E+02
 -1       206 1.21221E+02 1.11367E+02 3.13974E+02
 -1       207 1.12012E+01 1.81130E+02 4.92684E+02
 -1       208 4.16068E+01 1.79855E+02 4.92557E+02
 -1       209-1.78918E+02 1.56348E+02 4.31112E+02
 -1       210-2.03688E+02 1.83139E+02 4.98800E+02
 -1       211-8.88918E+01 1.79536E+02 4.97587E+02
 -1       212-1.29411E+02 1.78173E+02 4.98681E+02
 -1       213-8.49413E+01 5.10286E+01 1.86968E+02
 -1       214-4.88922E+01 2.02294E+01 1.08414E+02
 -1       215 4.33268E+01 2.56763E+01 5.68067E+01
 -1       216 8.03503E+01 4.34023E+01 1.22634E+02
 -1       217-8.99976E+01 1.81713E+02 4.92689E+02
 -1       218-1.64331E+02 1.84437E+02 4.93910E+02
 -1       219-3.81470E+01 1.55548E+02 4.19814E+02
 -1       220-4.53627E+00 1.10710E+02 3.02674E+02
 -1       221 3.28491E+01 1.68094E+02 4.60328E+02
 -1       222-1.03352E+02 1.53267E+02 4.26955E+02
 -1       223-4.51584E+01 1.38287E+02 3.84996E+02
 -1       224-5.66350E+01 1.10260E+02 3.07345E+02
 -1       225-5.14633E+01 8.88116E+01 2.62857E+02
 -1       226-2.36488E+01 4.76135E+01 1.44297E+02
 -1       227 2.96743E+00 8.04857E+01 2.20555E+02
 -1       228-1.00774E+02 8.32706E+01 2.31792E+02
 -1       229 4.24793E+01 3.96730E+01 1.13347E+02
 -1       230 1.63754E+01 5.40768E+01 1.45903E+02
 -1       231-1.03594E+02 1.20330E+02 3.06589E+02
 -1       232-3.26532E+01 1.40184E+02 3.84278E+02
 -1       233-5.04525E+01 8.69577E+01 2.19111E+02
 -1       234 1.58460E+01 4.09089E+01 1.08771E+02
 -1       235 5.10690E+01 8.88488E+01 2.62822E+02
 -1       236 4.53139E+01 7.81537E+01 2.24247E+02
 -1       237-6.83203E+00 2.83525E+01 7.70012E+01
 -1       238-4.69636E-01 9.58614E+01 2.63093E+02
 -1       239 2.02528E+02 1.82974E+02 5.00302E+02
 -1       240 1.41915E+02 1.67129E+02 4.65839E+02
 -1       241 1.02687E+02 1.69690E+02 4.62243E+02
 -1       242 1.50302E+02 1.44345E+02 3.92156E+02
 -1       243 1.63046E+02 1.84074E+02 4.95131E+02
 -1       244 7.29380E+01 1.70510E+02 4.57249E+02
 -1       245 1.14869E+02 1.46764E+02 3.85686E+02
 -1       246 2.15003E+02 1.62764E+02 4.28486E+02
 -1       247 1.52826E+02 1.22485E+02 3.10791E+02
 -1       248-1.05531E+02 6.48531E+01 1.23765E+02
 -1       249-6.24204E+01 6.54915E+01 1.44721E+02
 -1       250-8.34680E+01 6.01264E+01 1.55405E+02
 -1       251-1.29838E+02 9.73082E+01 2.32465E+02
 -1       252-3.31786E+01 2.75798E+01 4.85132E+01
 -1       253-2.16634E+01 3.18585E+01 7.47266E+01
 -1       254-2.85975E+01 3.26064E+01 7.75691E+01
 -1       255-4.27338E+01 2.48534E+01 5.29065E+01
 -1       256-4.16749E+01 3.04047E+01 7.98315E+01
 -1       257-1.67833E+01 5.30583E+01 1.38593E+02
 -1       258 2.46446E+01 1.40953E+02 3.81485E+02
 -1       259-2.04693E+01 2.58105E+01 7.88256E+01
 -1       260 6.57219E+00 8.96906E+00 4.10733E+01
 -1       261 3.03421E+01 6.27399E+00 4.68539E+01
 -1       262 1.28097E+02 1.77160E+02 4.98156E+02
 -1       263-9.97805E+01 1.47938E+02 4.22908E+02
 -1       264-2.94788E+01 7.70196E+00 5.06521E+01
 -1       265 1.04302E+02 6.32925E+01 1.24097E+02
 -1       266-6.42076E+00 9.73463E+00 4.22396E+01
 -1       267-2.15311E+02 1.63688E+02 4.28391E+02
 -1       268 4.79345E+01 2.00776E+01 1.06718E+02
 -1       269-4.21874E+01 1.80336E+02 4.93173E+02
 -1       270 8.76668E+01 1.78649E+02 4.97411E+02
 -1       271 1.70077E+01 1.50630E+01 4.66234E+01
 -1       272 2.36345E+01 4.74520E+01 1.43699E+02
 -1       273 1.29603E+02 8.03159E+01 1.98013E+02
 -1       274-3.57216E+01 1.20140E+02 3.41078E+02
 -1       275-1.09781E+01 1.81213E+02 4.92930E+02
 -1       276-2.19433E+00 1.45026E+01 4.64737E+01
 -1       277-1.82596E+02 1.34168E+02 3.55918E+02
 -1       278 2.25057E+01 5.58996E+01 1.75503E+02
 -1       279-6.79552E+01 3.29451E+01 1.18038E+02
 -1       280 8.90507E-01 1.49719E+01 4.48536E+01
 -3
    1PSTEP                         2           1           1          
    1PGM                1.000000E+00                                  
    1PGK                1.163144E+11                                  
    1PHID                         -1                                  
    1PSUBC                         0                                  
    1PMODE                         1                                  
  100CL  101 54279.63761         280                     2    1MODAL      1
 -4  STRESS      6    1
 -5  SXX         1    4    1    1
 -5  SYY         1    4    2    2
 -5  SZZ         1    4    3    3
 -5  SXY         1    4    1    2
 -5  SYZ         1    4    2    3
 -5  SZX         1    4    3    1
 -1         1 1.82079E+07 5.90684E+06 5.46327E+06 2.91550E+06 7.63425E+05 3.23080E+06
 -1         2-8.48951E+06-3.11521E+06-2.16089E+06-1.10997E+06 3.43756E+05 1.80774E+06
 -1         3 8.44302E+06 3.07257E+06 2.23678E+06-1.10115E+06-3.32169E+05 1.69874E+06
 -1         4-1.83116E+07-5.91404E+06-5.54997E+06 2.85780E+06-6.70077E+05 3.12118E+06
 -1         5-3.58520E+05-1.66731E+05-3.90525E+05-1.16253E+05 3.32308E+04-3.04829E+05
 -1         6 1.63025E+05-7.20921E+04 3.89871E+05-9.70175E+04 4.70379E+04-2.88646E+05
 -1         7-1.79283E+05 1.23047E+05-3.34293E+05-8.65646E+04 1.50823E+04-2.95277E+05
 -1         8 3.84659E+05 1.77290E+05 3.84052E+05-1.37221E+05-2.27941E+04-3.09453E+05
 -1         9 5.12954E+06 1.86027E+06 2.12813E+06 1.36963E+06-6.92378E+04 1.95509E+06
 -1        10 1.13771E+07 4.87591E+06 4.87591E+06 2.90365E+06 6.76416E-01 2.11295E+06
 -1        11-5.26146E+04-2.25502E+04-2.25484E+04 1.58633E+05 9.43746E-01 1.61154E+06
 -1        12 1.40927E+07 5.78801E+06 5.46221E+06 5.46248E+05-4.25497E+04 3.89068E+06
 -1        13 1.81866E+07 7.79428E+06 7.79428E+06 1.36808E+06-5.71535E-01 4.80268E+06
 -1        14 1.32467E+07 5.67718E+06 5.67719E+06-1.95561E+05 6.50935E-01 3.61437E+06
 -1        15-4.76107E+06-1.42542E+06-1.78621E+06 1.20459E+06 1.23081E+05 2.05935E+06
 -1        16 4.49108E+04 1.92481E+04 1.92464E+04 1.11413E+05-1.19255E+00 1.62208E+06
 -1        17-1.15562E+07-4.95266E+06-4.95265E+06 2.90231E+06-6.57136E-01 2.18676E+06
 -1        18-1.27034E+07-4.91329E+06-3.99407E+06 8.04060E+05-9.57273E+04 3.15563E+06
 -1        19-1.43200E+07-6.13714E+06-6.13714E+06-1.07583E+05-9.44429E-01 3.93641E+06
 -1        20-1.82093E+07-7.80402E+06-7.80403E+06 1.45109E+06-1.69831E-01 4.60109E+06
 -1        21-1.72565E+05-1.09357E+05-1.61991E+05-9.27654E+04 1.40553E+05 6.19628E+05
 -1        22-2.32628E+05-1.18444E+05-6.79347E+05-9.19485E+04 1.21268E+05 1.66851E+05
 -1        23 9.55601E+04-8.37217E+04 5.45975E+05-1.20943E+04 1.02370E+05 1.71988E+05
 -1        24-2.32173E+05-3.91212E+05-3.64758E+05 2.31165E+05 5.80964E+04-3.67763E+05
 -1        25-3.41559E+05-4.84850E+05-3.45326E+05 8.74488E+04 5.04682E+04-2.56253E+05
 -1        26-2.13423E+05 2.02942E+04-3.10470E+05 6.11096E+04 4.11880E+04-1.70822E+05
 -1        27 3.71009E+04 7.67865E+04 4.43683E+04-7.91347E+04-1.89902E+05 5.68971E+05
 -1        28-8.79346E+04 4.68495E+04-6.21866E+05-1.79301E+04-1.11142E+05 1.46544E+05
 -1        29 2.01066E+05 1.17266E+05 6.71383E+05-8.33730E+04-1.12285E+05 1.45685E+05
 -1        30 1.28921E+05 2.44436E+05 2.42733E+05 2.51756E+05-8.95375E+04-1.82158E+05
 -1        31 1.30367E+05-1.18118E+05 2.38166E+05 5.07446E+04-6.01984E+04-1.33777E+05
 -1        32 2.84303E+05 4.37856E+05 2.88823E+05 6.30293E+04-3.85486E+04-1.41038E+05
 -1        33 4.53445E+06-3.20296E+05-3.94637E+05-1.67988E+05-7.92458E+04 4.46452E+05
 -1        34 1.08286E+07 6.75061E+05 4.18253E+05 5.66193E+05 2.36385E+05 8.90026E+05
 -1        35 1.70690E+06-8.35046E+03-8.41410E+04-4.42056E+04 3.88727E+04 1.66997E+05
 -1        36-1.88958E+06 2.48349E+05 1.89181E+05 5.88067E+05-1.15308E+05 5.68712E+05
 -1        37-5.07516E+06-5.00232E+05-4.34332E+04 1.06566E+04 1.70051E+04 7.10736E+05
 -1        38-7.50547E+05-6.59915E+04 1.10701E+05 1.80283E+05-2.62047E+04 1.94266E+05
 -1        39 2.22834E+06-1.48977E+05-8.84116E+04 5.65695E+05-6.69320E+04 5.79472E+05
 -1        40 5.08559E+06 3.90713E+05 9.45424E+03 3.85315E+04-2.30275E+05 6.04260E+05
 -1        41 7.23482E+05 4.97386E+04-1.34898E+05 1.66915E+05-5.91251E+04 2.09661E+05
 -1        42-4.63898E+06 3.94981E+05 3.89336E+05-2.19097E+05-3.03792E+04 3.25239E+05
 -1        43-1.07912E+07-4.10935E+05-2.55927E+05 4.75521E+05-1.93084E+05 7.78446E+05
 -1        44-1.58348E+06 4.33037E+04 1.81436E+05-1.46926E+03-7.59158E+04 1.50022E+05
 -1        45-3.49270E+05-1.50471E+05-1.20812E+05 1.00489E+06-1.52174E+05 2.76700E+06
 -1        46-2.93844E+06-9.65155E+05-1.16701E+06 3.60465E+05 9.38165E+04 2.77702E+06
 -1        47 5.63658E+06 2.16251E+06 2.35038E+06 1.57881E+06 1.30978E+05 3.14640E+06
 -1        48-4.73449E+06-2.14615E+06-2.34445E+06 1.35844E+06 6.15140E+04 2.70905E+06
 -1        49 2.32991E+06 1.06428E+06 1.09582E+06 2.78214E+05 4.38899E+04 2.13362E+06
 -1        50-4.99791E+06-2.01361E+06-1.69338E+06-3.40883E+05 1.55334E+05 2.24948E+06
 -1        51 1.31568E+06 5.63863E+05 5.63863E+05 7.49813E+05 7.23082E-01 2.00798E+06
 -1        52 2.13469E+06 8.47090E+05 6.88937E+05 1.09688E+06-2.68275E+04 2.42279E+06
 -1        53-1.59194E+06-5.70704E+05-5.88045E+05 7.62152E+05 5.54007E+04 2.62146E+06
 -1        54 5.33983E+06 2.01916E+06 2.42865E+06 1.54326E+06-3.47846E+04 2.37439E+06
 -1        55 1.09294E+07 4.18301E+06 4.03481E+06 2.28282E+06 3.09693E+05 3.17720E+06
 -1        56 2.89666E+06 1.18867E+06 1.15961E+06 1.17697E+06 3.62356E+04 2.90260E+06
 -1        57 9.78571E+06 4.08970E+06 3.85008E+06 1.10178E+06-1.20617E+05 3.55912E+06
 -1        58 5.68940E+06 2.29360E+06 2.39491E+06 8.13341E+05-1.13648E+04 3.09801E+06
 -1        59 8.08530E+06 3.46514E+06 3.46514E+06 2.50050E+05 1.21725E+00 3.08946E+06
 -1        60 5.28861E+06 2.15751E+06 1.93022E+06-4.05360E+05-1.19909E+05 2.03232E+06
 -1        61 3.00873E+05 1.48307E+05 3.19269E+05 8.11834E+05 5.64512E+04 2.32134E+06
 -1        62-8.03514E+06-3.03422E+06-2.90138E+06 7.51112E+05-2.56223E+05 3.13374E+06
 -1        63-4.41140E+06-1.89060E+06-1.89060E+06 9.87600E+05-1.33497E-01 2.67947E+06
 -1        64-4.78818E+06-1.81873E+06-2.08928E+06 1.41620E+06 5.28107E+04 2.37213E+06
 -1        65-1.08072E+07-4.20697E+06-4.15656E+06 2.13583E+06-2.42252E+05 2.96225E+06
 -1        66-2.53361E+06-1.08584E+06-1.08584E+06 1.07793E+06-2.58769E-01 2.58665E+06
 -1        67-1.81033E+06-7.20014E+05-5.89714E+05 1.03989E+06 4.41539E+03 2.42490E+06
 -1        68-8.25721E+06-3.47368E+06-3.17175E+06 1.01214E+06 1.16361E+05 2.90505E+06
 -1        69-1.20245E+06-5.15334E+05-5.15335E+05 6.60178E+05-1.11450E+00 1.97681E+06
 -1        70 2.45982E+05 2.92826E+04 2.59328E+04 1.79984E+05-6.28388E+04 5.32152E+05
 -1        71 9.68726E+03-1.26941E+05 8.29040E+05-1.38356E+04 9.50616E+04 2.06350E+04
 -1        72 1.22249E+05 4.90344E+05 8.28336E+05 5.32176E+04-1.35878E+05 2.16126E+05
 -1        73-1.75071E+04 1.32430E+05-8.56147E+05 5.82829E+03-3.53339E+04 3.76817E+04
 -1        74-4.09061E+03-4.90470E+05-9.77835E+05 1.25649E+04 1.52821E+05 8.13969E+04
 -1        75 1.17112E+05 4.32780E+05 5.33206E+05 1.85657E+05-1.06466E+05 4.61287E+04
 -1        76 9.71479E+04 3.66563E+05 6.63209E+05-2.39528E+04-6.95241E+04-4.40162E+04
 -1        77 1.27090E+05 3.60663E+05 6.57743E+05-3.23037E+04-2.13906E+05 2.88551E+05
 -1        78 2.59219E+05 1.17607E+05 4.61605E+05 1.15019E+05-9.85313E+04 2.12768E+05
 -1        79 3.64098E+05 3.64711E+05 6.28651E+05 1.09368E+05-1.71320E+05 3.85298E+05
 -1        80 1.21402E+05 1.66045E+05 8.53291E+04 4.81157E+04-2.30303E+05 4.38761E+05
 -1        81 1.63185E+04-5.86375E+04-6.89383E+05 9.51373E+04 5.04282E+03-3.54556E+04
 -1        82-5.38074E+04 1.52011E+05-6.64053E+05-3.81016E+04 2.50234E+03-1.09402E+05
 -1        83-9.63715E+04 8.39953E+04-5.69679E+05 1.74128E+04-1.30154E+05 2.45471E+05
 -1        84-8.14527E+04 2.45855E+04-4.83868E+05 2.92764E+04-7.45493E+04 2.28863E+05
 -1        85-4.25777E+04-2.09704E+05-5.23779E+05 1.68485E+05 4.02959E+04 1.67543E+05
 -1        86-8.34410E+04-5.06108E+05-7.32071E+05 1.12489E+05 1.45765E+05-1.51826E+05
 -1        87-6.12461E+04-3.54285E+05-7.68427E+05-3.90874E+04 4.71094E+04-7.41682E+04
 -1        88-1.94937E+05-3.61134E+05-6.96831E+05-4.62041E+04 1.56162E+05 3.38175E+05
 -1        89-6.23915E+04-3.52673E+05-6.47018E+05 1.27676E+05 2.48387E+05 3.35076E+05
 -1        90-2.20841E+03-1.17875E+05 5.37534E+04 7.59995E+04 1.44646E+05 4.38357E+05
 -1        91-6.11503E+04-6.94723E+04 5.10466E+05 6.57778E+04-2.97443E+04-2.14679E+04
 -1        92 4.07383E+04-1.23315E+05 6.80959E+05-5.77172E+04 6.27438E+04-1.07407E+05
 -1        93 1.37948E+04-9.92433E+03 5.05333E+05 4.54506E+04 9.94479E+04 1.67832E+05
 -1        94 1.46349E+05-1.07906E+05 5.09143E+05 1.59380E+04 1.20810E+05 2.64847E+05
 -1        95 1.57497E+06-1.62599E+05-2.56078E+04 2.68405E+05-1.46205E+05 3.41863E+06
 -1        96-6.30350E+05-1.15543E+05 9.29308E+04 1.39824E+05 1.67368E+04 1.47894E+06
 -1        97 1.31326E+06 1.85281E+04-2.64810E+05-5.61792E+04 3.88282E+04 1.35147E+06
 -1        98 6.31667E+06-4.12570E+05 1.03926E+05 3.61766E+04-3.56736E+05 2.64319E+06
 -1        99-3.94838E+05 8.20135E+04 1.02748E+05 4.15991E+05-2.23172E+05 2.55563E+06
 -1       100 1.16580E+07 1.88322E+06 2.20772E+06 1.39021E+06 3.08506E+05 2.73773E+06
 -1       101 5.13365E+06-1.91135E+05 1.16029E+06 6.20807E+05-1.22439E+05 2.30310E+06
 -1       102 3.22467E+06 3.34743E+05 7.38612E+05 7.37998E+05-1.12720E+05 2.80347E+06
 -1       103 3.76660E+06-4.40156E+05-2.21649E+05 1.12428E+05-2.16666E+05 2.85760E+06
 -1       104 1.12084E+06 1.12220E+05 3.70982E+05 3.53336E+05-1.64661E+05 2.97123E+06
 -1       105 2.62924E+06 1.02816E+06 8.48246E+05 8.41488E+05-1.65388E+05 2.28805E+06
 -1       106-3.63170E+06-9.49822E+05-5.34883E+05-2.38764E+05 9.44892E+04 1.98610E+06
 -1       107-4.84677E+04-1.50169E+05-1.16045E+05 1.11061E+05-3.31903E+04 2.49411E+06
 -1       108-1.26943E+06-8.48016E+04 9.62852E+04 1.89406E+05-7.43047E+04 1.21036E+06
 -1       109-7.51198E+05-9.81427E+04-2.75191E+03 2.64030E+05-8.56156E+04 2.26021E+06
 -1       110 4.78458E+05-3.78526E+04-1.11555E+05 6.02936E+04 3.97980E+04 2.05203E+06
 -1       111-3.05192E+05-4.88499E+04 1.08461E+05 3.42392E+04 8.48978E+04 1.04158E+06
 -1       112-3.33344E+05-7.16354E+04 1.97178E+05 4.35201E+04 4.52203E+04 5.51575E+05
 -1       113 1.58508E+06 6.78145E+04-1.25701E+04 7.22190E+04-2.26481E+04 2.42246E+06
 -1       114 4.90575E+05-3.68321E+04-3.85173E+05-5.44473E+04 8.13061E+04 1.03131E+06
 -1       115 3.20573E+06-1.75809E+03-1.64748E+05 3.54091E+04-3.07226E+04 2.10997E+06
 -1       116 2.82203E+06-8.58106E+04-2.50017E+05 9.92612E+03-1.11440E+04 1.10907E+06
 -1       117 4.73356E+05-1.10731E+04-3.05421E+05-9.61152E+04 4.77434E+04 4.93363E+05
 -1       118 5.60116E+06-1.98688E+05-2.54411E+05-2.00910E+05-2.69561E+05 1.42663E+06
 -1       119-1.27958E+06 3.08565E+05 2.57284E+05 6.38078E+05-2.30832E+05 1.49179E+06
 -1       120-1.52105E+06 4.36923E+04 9.64595E+04 2.71290E+05 1.28507E+05 3.45738E+06
 -1       121 4.31069E+05 1.44990E+05-1.76624E+05 9.65875E+04-1.73801E+04 1.37676E+06
 -1       122 8.94510E+02-1.78400E+05-8.80011E+04 5.06826E+05 3.18565E+05 2.54479E+06
 -1       123-1.41394E+06 4.92509E+04 3.24203E+05-6.32940E+04-1.10957E+03 1.31778E+06
 -1       124-6.25044E+06 6.10488E+05-2.34903E+05 5.42582E+04 2.69003E+05 2.72082E+06
 -1       125-2.90340E+06 1.66468E+05 2.23123E+05-4.39134E+04-9.38810E+04 9.64673E+05
 -1       126-1.63881E+06-7.28962E+04 5.57680E+04 1.25195E+05 8.85638E+04 2.34682E+06
 -1       127-3.32099E+06 1.16552E+05 1.65893E+05-5.10537E+04-5.09505E+04 2.11137E+06
 -1       128-4.99123E+05-5.83010E+03 3.11130E+05-1.19386E+05-3.55174E+04 4.78473E+05
 -1       129-5.36442E+06 5.09279E+05 4.11023E+05-3.23816E+05 1.85663E+05 1.44004E+06
 -1       130-3.19562E+06 2.53639E+05 3.47922E+05 1.09172E+05 1.98000E+05 3.03573E+06
 -1       131-1.17764E+07-1.72347E+06-2.33167E+06 1.40484E+06-2.74392E+05 2.69866E+06
 -1       132 1.36864E+06 1.54369E+05-5.27666E+04 2.31418E+05-1.47930E+04 1.08945E+06
 -1       133 1.92885E+05 4.89090E+04-1.46118E+05 2.72037E+05 8.13435E+03 2.24777E+06
 -1       134-1.50095E+05 2.75535E+05 1.69272E+05 2.01126E+05 8.83848E+04 2.41375E+06
 -1       135 2.97699E+05 1.10309E+05-1.91079E+05 1.46133E+04-2.59546E+04 4.93524E+05
 -1       136 3.25721E+05 6.04652E+04-1.61071E+05 3.58223E+04-1.14238E+05 1.01550E+06
 -1       137-5.42511E+05 3.99186E+04 9.11583E+04 1.33537E+05 4.05495E+04 2.03821E+06
 -1       138-2.45914E+06-7.53175E+05-6.18085E+05 8.06507E+05 2.45695E+05 2.31523E+06
 -1       139-3.12354E+06-1.19654E+05-6.47821E+05 4.42962E+05 1.80236E+05 2.77145E+06
 -1       140-1.11551E+06-7.74471E+04-3.03902E+05 2.63279E+05 2.18840E+05 3.02918E+06
 -1       141 3.54748E+06 8.96115E+05 6.07268E+05-2.84510E+05-3.92548E+04 1.93228E+06
 -1       142 1.29521E+06-5.97630E+05-2.53569E+05 5.47249E+05 1.32728E+05 1.53161E+06
 -1       143-6.02896E+05 1.57605E+04 2.67262E+05-4.15283E+04-4.11844E+04 9.55336E+05
 -1       144-5.57779E+06-1.31621E+05-1.39695E+06 7.01137E+05 1.61475E+05 2.31318E+06
 -1       145 4.55320E+06-8.09825E+04-4.51558E+05 1.30412E+06-2.45301E+04 5.92209E+05
 -1       146 7.15158E+06 6.60035E+05 4.92425E+04 7.50341E+05-6.32027E+04 1.25619E+06
 -1       147 6.30575E+05-1.91488E+05-1.38792E+05 6.20693E+05 7.49539E+03 1.92887E+05
 -1       148 1.31257E+06-2.99294E+05 2.86984E+04 3.93830E+05 2.81999E+04 3.71731E+04
 -1       149 9.24660E+06 2.33163E+05-8.98159E+05 1.10545E+06-3.51972E+04-1.57724E+04
 -1       150 1.13186E+07 2.84133E+06 9.53219E+05 7.09778E+05-2.45661E+04 1.62034E+06
 -1       151 1.40001E+07 2.75889E+06 1.82140E+06 1.91608E+06 4.10575E+05 1.72789E+06
 -1       152 9.12777E+06 2.36217E+06 1.51690E+06 9.60799E+05-1.54430E+04 1.89007E+06
 -1       153 1.09350E+07 3.08955E+06 2.51123E+06 7.27214E+05-8.28092E+04 2.62692E+06
 -1       154 6.10449E+06 5.37498E+05 1.67758E+04 1.14673E+06 5.20005E+04 1.05999E+06
 -1       155 6.71698E+06-7.17987E+04-9.25867E+05 9.02905E+05 2.65089E+04-1.41018E+05
 -1       156 8.20030E+06 1.83747E+06 6.56444E+05-1.50317E+05-2.11417E+05 1.31100E+06
 -1       157 6.27944E+06-6.22763E+05-4.99485E+05 3.39371E+05-2.89036E+05 4.28687E+04
 -1       158 4.63122E+06 3.19122E+04 9.86476E+04 7.78070E+05 9.98158E+03 6.43234E+05
 -1       159 2.87236E+06-5.51669E+04-1.41550E+05 1.04500E+06-5.65863E+04 5.37628E+05
 -1       160 1.34172E+06-1.12345E+05-1.11994E+05 5.97293E+05-5.06424E+04 3.17996E+05
 -1       161 1.80336E+06-3.15168E+05-3.44738E+05 1.00757E+06-1.23799E+04 2.77875E+05
 -1       162 1.07386E+05-5.50563E+04-7.61307E+04 2.36376E+05 1.11402E+04-5.23546E+04
 -1       163 2.21540E+05-2.03018E+05-2.00923E+05 4.35877E+05 5.45090E+04-4.17741E+04
 -1       164 1.24155E+06-3.40908E+05-2.47239E+05 7.26608E+05 4.72866E+04 4.88903E+04
 -1       165 4.57748E+05-4.14662E+05-6.21102E+04 3.04946E+05 2.68508E+04-1.71341E+05
 -1       166 2.43170E+06-3.06836E+05-1.41508E+05 7.73991E+05 2.57413E+04 2.13329E+05
 -1       167 2.95119E+06-1.92816E+05-1.45874E+05 2.73360E+05-1.67426E+03 3.42677E+05
 -1       168 4.62810E+06-1.11233E+05-1.94437E+05 5.68096E+05 3.90718E+04 3.10816E+05
 -1       169 3.73824E+05-2.25015E+05-5.94869E+04 1.63139E+05 3.84552E+04-1.11084E+05
 -1       170-4.25574E+06 1.05364E+05 3.40932E+05 1.33241E+06 9.92860E+04 6.18204E+05
 -1       171-1.25805E+06 3.24450E+05-1.89910E+04 3.94168E+05 1.46958E+03-2.02792E+04
 -1       172-9.07814E+05 1.20955E+05 2.46547E+05 5.39178E+05 1.54955E+04 1.51919E+05
 -1       173-9.64545E+06-4.65047E+05 7.27955E+05 1.23422E+06 1.07995E+05 4.84150E+05
 -1       174-7.03877E+06-2.78927E+05 4.48899E+05 7.40382E+05 1.06452E+05 1.64696E+05
 -1       175-6.62666E+06 3.32833E+05 4.89783E+05 3.81225E+05 1.25379E+05 1.40966E+05
 -1       176-1.40584E+07-2.83820E+06-1.58571E+06 1.95655E+06-3.21745E+05 1.78626E+06
 -1       177-6.48113E+06 7.40246E+04 3.26752E+05 1.03214E+06 5.83198E+04 4.47889E+05
 -1       178-4.38218E+06 9.85581E+04 2.55273E+05 5.93086E+05-3.82657E+04 3.88277E+05
 -1       179-2.75116E+06 2.15234E+05 8.51730E+04 3.18467E+05-4.90657E+04 2.68002E+05
 -1       180-3.66274E+05 2.49318E+05 1.13670E+05 1.25624E+05 5.34444E+01-1.45807E+05
 -1       181-2.43287E+06 1.86619E+05-5.50675E+04 7.35019E+05 3.11912E+04 1.94628E+05
 -1       182-1.31929E+06 1.15744E+05 2.65874E+05 5.45711E+05 2.22047E+04 3.50697E+05
 -1       183-2.03663E+06 3.93947E+05 5.00001E+05 9.45238E+05 1.54675E+05 4.48656E+05
 -1       184-3.46501E+06-4.46660E+04 1.21043E+05 1.07179E+06 1.11872E+05 4.60483E+05
 -1       185-1.12100E+05 7.24950E+04 1.44145E+05 1.83517E+05 2.15702E+04-8.02046E+04
 -1       186-1.82310E+05 1.14127E+05 1.30376E+05 4.34793E+05-1.05364E+05 2.59924E+04
 -1       187-1.38923E+06 2.67561E+05 1.17149E+05 7.31161E+05 7.03837E+04 2.58884E+05
 -1       188-1.13292E+07-2.73382E+06-9.87724E+05 7.20371E+05 1.26834E+05 1.65773E+06
 -1       189-8.72978E+06-1.95403E+06-6.35985E+05 1.13394E+06-1.45531E+05 1.35125E+06
 -1       190-4.05804E+06 2.78340E+05-5.42946E+04 7.57260E+05-1.43988E+05 3.24919E+05
 -1       191-5.69770E+06-1.03036E+05 7.94866E+05 1.28657E+06 1.68607E+05-9.37628E+04
 -1       192-8.40151E+06-1.76246E+06-8.27422E+05-2.58717E+05 2.34993E+05 1.10380E+06
 -1       193-1.07081E+07-2.85969E+06-1.56631E+06 8.42140E+05-1.38394E+03 1.78057E+06
 -1       194-5.13851E+05 3.83434E+05 7.20058E+03 3.47834E+05 1.44735E+04-4.01515E+04
 -1       195-2.15447E+06-1.17689E+04-2.71816E+04 1.21443E+06 1.09958E+05 3.32432E+06
 -1       196 1.28423E+06-1.13006E+05-1.54343E+05 8.28321E+05-3.55010E+04 2.41547E+06
 -1       197 5.88965E+06 7.09772E+05 1.27900E+06 8.12579E+05-9.24108E+04 2.89283E+06
 -1       198 3.70086E+06 6.97662E+05 7.07050E+05 8.65243E+05-9.54186E+03 3.06578E+06
 -1       199 3.47699E+06-2.50974E+05-2.67008E+05 5.54180E+05-2.31910E+05 2.57509E+06
 -1       200 1.46972E+06-1.18408E+05 4.97087E+04 5.33761E+05-1.06091E+05 3.01231E+06
 -1       201 3.10028E+06 5.45342E+05 4.04216E+05 1.12966E+06 6.23265E+04 2.84702E+06
 -1       202 1.55649E+06-1.24226E+05-3.38346E+05 7.29987E+05-3.42028E+04 9.93917E+05
 -1       203 5.01095E+05-4.23590E+04-2.19697E+05 3.48558E+05-2.04620E+04 7.56583E+05
 -1       204 6.93374E+05 4.68493E+04-1.53640E+05 5.74266E+05-4.26223E+04 1.67357E+06
 -1       205 1.16996E+06-1.08965E+05-9.84472E+04 7.71094E+05-2.49693E+04 1.09383E+06
 -1       206 2.90425E+06-4.55337E+04-2.69222E+05 1.12225E+06-4.21946E+04 1.54607E+06
 -1       207 1.83766E+05 7.70529E+04-2.95956E+05 1.57117E+05-7.04221E+04 9.10554E+05
 -1       208 2.78036E+05 1.14064E+05-5.19838E+05 9.62690E+04-3.22846E+04 6.71403E+05
 -1       209-1.50863E+06 2.87438E+05 3.68268E+05 6.04930E+05-2.32059E+04 4.88682E+05
 -1       210-6.21357E+05 3.63292E+05 3.51979E+05 2.46399E+05-3.17784E+04 1.57750E+05
 -1       211-3.18401E+05-7.13455E+03 2.85938E+05 3.01250E+05-2.84418E+04 4.17968E+05
 -1       212-2.50008E+05-2.18833E+04 4.38225E+05 2.18527E+05 2.28599E+04 1.54296E+05
 -1       213-3.47986E+06-2.23961E+05-2.39344E+04 9.28316E+05-9.41118E+04 1.62600E+06
 -1       214-4.02850E+06-1.79648E+05-8.46953E+04 6.08082E+05-1.72515E+05 1.57079E+06
 -1       215 7.36350E+06 1.21884E+06 7.12233E+05 1.36559E+06 4.32521E+04 1.71069E+06
 -1       216 5.99639E+06 1.12813E+06 1.00815E+06 1.37195E+06-2.84309E+04 1.96245E+06
 -1       217-3.22081E+05 2.12998E+05 3.88513E+05 1.64678E+05-3.11321E+04 9.63106E+05
 -1       218-5.67744E+05 2.43289E+05 5.94755E+05-1.53743E+03-4.95049E+04 7.50348E+05
 -1       219-3.91832E+05 8.69415E+04-3.20957E+04 3.51295E+05-6.00365E+03 1.82960E+06
 -1       220 2.29343E+04 4.61023E+04 3.32940E+04 7.40924E+05 4.84691E+04 2.68736E+06
 -1       221 5.15786E+05-1.40117E+05-2.54705E+05 4.93008E+05-3.22060E+04 1.42851E+06
 -1       222-1.24372E+06 1.45902E+05 3.77098E+05 7.24947E+05-2.96766E+04 8.38458E+05
 -1       223-4.57080E+05-6.19328E+04 2.85432E+04 6.04414E+05-6.61037E+03 1.52266E+06
 -1       224-1.29250E+06 1.00931E+05 2.00483E+05 1.02332E+06 4.78940E+04 1.98257E+06
 -1       225-1.71418E+06-6.56621E+04 7.33038E+04 8.54647E+05-4.22447E+04 2.15438E+06
 -1       226-1.36824E+06-1.29918E+05-8.69172E+04 9.47399E+05-9.89752E+04 2.67553E+06
 -1       227 1.04280E+05 5.60460E+04 1.66728E+05 9.67462E+05-4.76086E+03 3.15320E+06
 -1       228-3.55716E+06-3.14504E+02 8.07054E+04 1.30006E+06 9.25505E+04 1.98523E+06
 -1       229 2.82643E+06 5.32060E+04-7.16886E+04 1.14314E+06-1.76152E+05 2.04707E+06
 -1       230 8.20496E+05-2.36830E+04 8.26558E+04 9.34334E+05-1.86850E+05 2.92625E+06
 -1       231-2.35204E+06-1.19754E+05-1.71543E+04 4.84555E+05 8.49168E+04 2.24650E+06
 -1       232-6.68092E+05 7.52666E+04 2.42263E+04 6.77833E+05 5.31224E+04 1.97658E+06
 -1       233-1.76761E+06 3.57778E+04 1.94822E+05 6.98029E+05 1.29064E+05 3.46824E+06
 -1       234 9.83996E+05-1.09638E+05-1.42935E+05 7.53251E+05-1.30757E+05 3.05772E+06
 -1       235 1.25259E+06-3.14042E+04-1.94705E+05 8.45479E+05 1.26599E+04 2.09911E+06
 -1       236 1.81231E+06 1.86003E+05 1.32251E+04 1.24646E+06 1.30127E+05 2.49253E+06
 -1       237-1.06869E+06-7.07767E+04-1.45963E+05 1.08274E+06-9.59083E+04 3.03327E+06
 -1       238 2.60518E+04 1.88445E+05 2.69216E+05 1.06116E+06 1.14686E+05 3.16180E+06
 -1       239 7.05507E+05-3.16735E+05-3.47211E+05 1.89417E+05 8.10114E+04 9.34374E+04
 -1       240 7.14521E+05-1.82002E+05-1.51272E+05 5.40375E+05-2.77240E+04 7.63327E+05
 -1       241 7.76664E+05-2.60953E+05-5.21408E+05 3.84756E+05 7.98418E+04 1.04966E+06
 -1       242 1.58601E+06-1.36651E+05-3.79461E+04 5.91490E+05 1.00606E+04 1.07649E+06
 -1       243 6.68301E+05-1.74023E+05-5.78596E+05-2.20753E+04 6.11819E+04 6.92096E+05
 -1       244 5.34477E+05-8.80623E+04-1.51709E+05 2.63842E+05 4.88074E+04 1.43242E+06
 -1       245 1.49930E+06-3.07088E+04-1.32821E+05 3.11619E+05 5.08040E+04 1.75359E+06
 -1       246 1.27461E+06-1.54118E+05-1.63890E+05 1.83160E+05 5.92092E+04 6.90605E+05
 -1       247 3.15055E+06-6.27477E+04-1.66076E+05 3.96062E+05 4.11358E+04 1.49510E+06
 -1       248-8.32069E+06-8.84038E+04 2.95868E+04 6.89056E+05 3.16317E+05 1.71708E+06
 -1       249-4.28774E+06 1.49284E+04-5.03386E+04 6.66131E+05 1.99539E+05 3.02515E+06
 -1       250-5.93574E+06-2.58901E+05 8.23655E+04 1.25831E+06 7.19341E+04 1.95037E+06
 -1       251-4.31828E+06-1.64402E+05-9.27929E+04 4.98262E+05 5.65906E+04 1.82855E+06
 -1       252-5.62824E+06-5.77779E+05-1.44635E+06 6.90468E+05 1.94089E+05 2.77107E+06
 -1       253-3.07355E+06-4.61580E+05-7.58362E+05 1.02966E+06 1.44146E+05 2.82166E+06
 -1       254-3.41337E+06-1.04198E+06-1.17664E+06 1.27489E+06 6.13950E+04 3.00490E+06
 -1       255-7.21415E+06-1.28052E+06-5.06486E+05 1.33227E+06 9.93252E+04 1.64561E+06
 -1       256-6.20364E+06-1.73833E+06-1.29492E+06 1.08764E+06 4.10727E+04 2.76295E+06
 -1       257-1.13008E+06-6.63782E+04-2.14895E+05 7.80024E+05 1.81208E+05 3.11290E+06
 -1       258 1.70690E+05-1.25492E+05-8.85789E+04 4.19664E+05 5.21970E+03 2.05070E+06
 -1       259-2.43638E+06-3.28442E+05-3.65730E+05 1.01058E+06 3.93975E+04 2.74655E+06
 -1       260 1.27835E+06 5.16235E+05 6.66764E+05 4.66239E+05 1.88893E+05 2.38018E+06
 -1       261 5.15486E+06 9.31137E+05 4.26799E+05 4.79612E+05-6.12093E+04 1.77287E+06
 -1       262 2.91092E+05 3.70505E+04-4.04499E+05 2.82975E+05-8.57078E+03 1.99245E+05
 -1       263-8.14619E+05-4.57115E+04 1.75500E+05 3.21063E+05 1.66038E+04 8.04025E+05
 -1       264-4.96950E+06-5.95877E+05-3.59996E+05 4.87104E+05 1.21074E+05 1.64021E+06
 -1       265 8.20334E+06 1.48073E+05 5.33795E+04 5.60791E+05-3.72103E+05 1.52937E+06
 -1       266-1.58991E+06-3.61630E+05-4.75151E+05 3.87620E+05-1.45488E+04 2.62424E+06
 -1       267-1.30557E+06 2.03893E+05 1.84276E+05 1.45046E+05-6.26373E+04 6.18016E+05
 -1       268 3.65739E+06 1.83433E+05 4.93259E+04 5.90198E+05 1.38256E+05 1.91330E+06
 -1       269-2.96985E+05-9.21867E+04 4.98042E+05 1.31849E+05 5.95082E+04 7.17423E+05
 -1       270 3.30378E+05-4.41816E+04-2.37313E+05 3.84256E+05-2.04122E+04 5.06958E+05
 -1       271 3.32859E+06 2.88819E+05 1.83305E+05 8.63849E+05-1.81450E+05 2.22104E+06
 -1       272 1.79140E+06 1.78508E+05-1.74539E+04 8.97631E+05 6.31248E+04 2.60285E+06
 -1       273 5.93401E+06 1.59750E+04-1.80648E+05 6.46362E+05-2.98478E+05 1.43423E+06
 -1       274-6.02667E+05-1.65470E+05-2.33473E+04 4.38003E+05-4.97468E+04 1.81143E+06
 -1       275-1.90025E+05-6.25032E+04 2.26656E+05 2.37068E+05 5.09354E+04 9.31736E+05
 -1       276-3.72383E+05-2.54338E+05-3.29893E+05 7.02965E+05-1.13462E+05 2.65845E+06
 -1       277-2.55452E+06 1.19892E+05 3.32684E+05 5.53847E+05-3.74605E+04 9.41326E+05
 -1       278 1.67982E+06 1.77794E+04-1.24764E+05 5.68134E+05 5.71804E+04 2.33602E+06
 -1       279-4.73110E+06-6.78211E+05-5.46947E+05 8.38883E+05 1.34421E+05 1.76716E+06
 -1       280-5.93652E+04-1.32422E+04 1.70619E+05 9.07794E+05 1.79912E+05 2.67006E+06
 -3
    1PSTEP                         3           1           1          
    1PGM                1.000000E+00                                  
    1PGK                1.163144E+11                                  
    1PHID                         -1                                  
    1PSUBC                         0                                  
    1PMODE                         1                                  
  100CL  101 54279.63761         280                     2    1MODAL      1
 -4  ERROR       1    1
 -5  STR(%)      1    1    0    0
 -1         1 1.72011E+01
 -1         2 2.52758E+01
 -1         3 2.48449E+01
 -1         4 1.72966E+01
 -1         5 2.70418E+01
 -1         6 2.57128E+01
 -1         7 2.56643E+01
 -1         8 3.38184E+01
 -1         9 2.52758E+01
 -1        10 2.12384E+01
 -1        11 2.52758E+01
 -1        12 2.19695E+01
 -1        13 1.95853E+01
 -1        14 2.34072E+01
 -1        15 2.48449E+01
 -1        16 2.48449E+01
 -1        17 2.10707E+01
 -1        18 1.60028E+01
 -1        19 2.06393E+01
 -1        20 1.66497E+01
 -1        21 2.70418E+01
 -1        22 2.70418E+01
 -1        23 2.63773E+01
 -1        24 2.54377E+01
 -1        25 2.62397E+01
 -1        26 2.55510E+01
 -1        27 2.80315E+01
 -1        28 2.68479E+01
 -1        29 3.09249E+01
 -1        30 3.38184E+01
 -1        31 2.97656E+01
 -1        32 3.38184E+01
 -1        33 2.62606E+01
 -1        34 2.17308E+01
 -1        35 2.66512E+01
 -1        36 2.51421E+01
 -1        37 2.52090E+01
 -1        38 2.54275E+01
 -1        39 2.51137E+01
 -1        40 2.49793E+01
 -1        41 2.53890E+01
 -1        42 2.60669E+01
 -1        43 2.16817E+01
 -1        44 2.99426E+01
 -1        45 2.19695E+01
 -1        46 2.52758E+01
 -1        47 1.72564E+01
 -1        48 1.42095E+01
 -1        49 2.48449E+01
 -1        50 2.52758E+01
 -1        51 2.52758E+01
 -1        52 2.36227E+01
 -1        53 2.36227E+01
 -1        54 2.12661E+01
 -1        55 1.72287E+01
 -1        56 1.96129E+01
 -1        57 1.96129E+01
 -1        58 2.19695E+01
 -1        59 2.34072E+01
 -1        60 2.48449E+01
 -1        61 2.34072E+01
 -1        62 2.06393E+01
 -1        63 1.89862E+01
 -1        64 1.95272E+01
 -1        65 1.57530E+01
 -1        66 1.80895E+01
 -1        67 2.34072E+01
 -1        68 1.51061E+01
 -1        69 2.48449E+01
 -1        70 2.71050E+01
 -1        71 2.58012E+01
 -1        72 3.38184E+01
 -1        73 2.71050E+01
 -1        74 2.70418E+01
 -1        75 3.38184E+01
 -1        76 3.38184E+01
 -1        77 3.09249E+01
 -1        78 3.04617E+01
 -1        79 3.04617E+01
 -1        80 2.75682E+01
 -1        81 2.62714E+01
 -1        82 2.63846E+01
 -1        83 2.75682E+01
 -1        84 2.71050E+01
 -1        85 2.62714E+01
 -1        86 2.62397E+01
 -1        87 2.70418E+01
 -1        88 2.70418E+01
 -1        89 2.70734E+01
 -1        90 2.70734E+01
 -1        91 2.98098E+01
 -1        92 2.57570E+01
 -1        93 2.64531E+01
 -1        94 2.64215E+01
 -1        95 2.11673E+01
 -1        96 2.58012E+01
 -1        97 2.70418E+01
 -1        98 1.72011E+01
 -1        99 2.52758E+01
 -1       100 1.72011E+01
 -1       101 2.12384E+01
 -1       102 2.32216E+01
 -1       103 1.91842E+01
 -1       104 2.32216E+01
 -1       105 2.52758E+01
 -1       106 2.52758E+01
 -1       107 2.34842E+01
 -1       108 2.54716E+01
 -1       109 2.31547E+01
 -1       110 2.41045E+01
 -1       111 2.64215E+01
 -1       112 2.57570E+01
 -1       113 2.41045E+01
 -1       114 2.70418E+01
 -1       115 2.37139E+01
 -1       116 2.66512E+01
 -1       117 2.70418E+01
 -1       118 2.17308E+01
 -1       119 2.52090E+01
 -1       120 2.10231E+01
 -1       121 2.71050E+01
 -1       122 2.48449E+01
 -1       123 2.80315E+01
 -1       124 1.72966E+01
 -1       125 2.70492E+01
 -1       126 2.45273E+01
 -1       127 2.35450E+01
 -1       128 3.09249E+01
 -1       129 2.16817E+01
 -1       130 1.91598E+01
 -1       131 1.72966E+01
 -1       132 2.61094E+01
 -1       133 2.30684E+01
 -1       134 2.40640E+01
 -1       135 2.63846E+01
 -1       136 2.75682E+01
 -1       137 2.45273E+01
 -1       138 2.48449E+01
 -1       139 2.29340E+01
 -1       140 2.29340E+01
 -1       141 2.48449E+01
 -1       142 2.49793E+01
 -1       143 2.80315E+01
 -1       144 2.10707E+01
 -1       145 2.16865E+01
 -1       146 2.19695E+01
 -1       147 2.51137E+01
 -1       148 2.62606E+01
 -1       149 1.72011E+01
 -1       150 1.95853E+01
 -1       151 1.72011E+01
 -1       152 2.18280E+01
 -1       153 2.19695E+01
 -1       154 2.18280E+01
 -1       155 1.94438E+01
 -1       156 2.34072E+01
 -1       157 2.17308E+01
 -1       158 2.35416E+01
 -1       159 2.34001E+01
 -1       160 2.51137E+01
 -1       161 2.34001E+01
 -1       162 2.53890E+01
 -1       163 2.52757E+01
 -1       164 2.35621E+01
 -1       165 2.58492E+01
 -1       166 2.39735E+01
 -1       167 2.62606E+01
 -1       168 2.39735E+01
 -1       169 2.66512E+01
 -1       170 2.55958E+01
 -1       171 3.38184E+01
 -1       172 2.51421E+01
 -1       173 1.72966E+01
 -1       174 1.60028E+01
 -1       175 2.16817E+01
 -1       176 1.72966E+01
 -1       177 2.14462E+01
 -1       178 2.58313E+01
 -1       179 2.99426E+01
 -1       180 3.38184E+01
 -1       181 2.97071E+01
 -1       182 2.51421E+01
 -1       183 2.53690E+01
 -1       184 2.53690E+01
 -1       185 2.54275E+01
 -1       186 2.94802E+01
 -1       187 2.97071E+01
 -1       188 1.66497E+01
 -1       189 2.07993E+01
 -1       190 2.05725E+01
 -1       191 2.07993E+01
 -1       192 2.06393E+01
 -1       193 1.60028E+01
 -1       194 3.38184E+01
 -1       195 1.94107E+01
 -1       196 2.54377E+01
 -1       197 1.72287E+01
 -1       198 1.92118E+01
 -1       199 2.13194E+01
 -1       200 2.33025E+01
 -1       201 2.13471E+01
 -1       202 2.43957E+01
 -1       203 2.61094E+01
 -1       204 2.62714E+01
 -1       205 2.52757E+01
 -1       206 2.35621E+01
 -1       207 2.71050E+01
 -1       208 2.71050E+01
 -1       209 2.97071E+01
 -1       210 3.38184E+01
 -1       211 2.61235E+01
 -1       212 2.54716E+01
 -1       213 2.54358E+01
 -1       214 2.06393E+01
 -1       215 1.72287E+01
 -1       216 1.94714E+01
 -1       217 2.75682E+01
 -1       218 3.09249E+01
 -1       219 2.40640E+01
 -1       220 2.32304E+01
 -1       221 2.62714E+01
 -1       222 2.63504E+01
 -1       223 2.52899E+01
 -1       224 2.55168E+01
 -1       225 2.33815E+01
 -1       226 2.23433E+01
 -1       227 2.02890E+01
 -1       228 2.25032E+01
 -1       229 2.18280E+01
 -1       230 2.37036E+01
 -1       231 2.37211E+01
 -1       232 2.32578E+01
 -1       233 2.02169E+01
 -1       234 2.15684E+01
 -1       235 2.13548E+01
 -1       236 2.05486E+01
 -1       237 2.06901E+01
 -1       238 2.24242E+01
 -1       239 2.66512E+01
 -1       240 2.54377E+01
 -1       241 2.62397E+01
 -1       242 2.58492E+01
 -1       243 2.70418E+01
 -1       244 2.62397E+01
 -1       245 2.62397E+01
 -1       246 2.66512E+01
 -1       247 2.58492E+01
 -1       248 1.72966E+01
 -1       249 1.83536E+01
 -1       250 1.83536E+01
 -1       251 2.27388E+01
 -1       252 1.57530E+01
 -1       253 2.21278E+01
 -1       254 1.68101E+01
 -1       255 1.57530E+01
 -1       256 1.77068E+01
 -1       257 2.21278E+01
 -1       258 2.56195E+01
 -1       259 2.23433E+01
 -1       260 2.48449E+01
 -1       261 2.34072E+01
 -1       262 2.61094E+01
 -1       263 2.54716E+01
 -1       264 2.06393E+01
 -1       265 1.72011E+01
 -1       266 2.52758E+01
 -1       267 3.09249E+01
 -1       268 2.34072E+01
 -1       269 2.58012E+01
 -1       270 2.61094E+01
 -1       271 2.19695E+01
 -1       272 2.06901E+01
 -1       273 1.94438E+01
 -1       274 2.31547E+01
 -1       275 2.64531E+01
 -1       276 2.36227E+01
 -1       277 2.68136E+01
 -1       278 2.14963E+01
 -1       279 2.54358E+01
 -1       280 2.34072E+01
 -3
    1PSTEP                         4           1           1          
    1PGM                1.000000E+00                                  
    1PGK                1.164766E+11                                  
    1PHID                         -1                                  
    1PSUBC                         0                                  
    1PMODE                         2                                  
  100CL  102 54317.45420         280                     2    2MODAL      1
 -4  DISP        4    1
 -5  D1          1    2    1    0
 -5  D2          1    2    2    0
 -5  D3          1    2    3    0
 -5  ALL         1    2    0    0    1ALL
 -1         1 0.00000E+00 0.00000E+00 0.00000E+00
 -1         2 0.00000E+00 0.00000E+00 0.00000E+00
 -1         3 0.00000E+00 0.00000E+00 0.00000E+00
 -1         4 0.00000E+00 0.00000E+00 0.00000E+00
 -1         5-1.42818E+02-5.63007E+02 2.04243E+02
 -1         6-3.06938E+02-5.64269E+02 2.06617E+02
 -1         7 3.06795E+02-5.63486E+02 2.06688E+02
 -1         8 1.42028E+02-5.62730E+02 2.05511E+02
 -1         9 0.00000E+00 0.00000E+00 0.00000E+00
 -1        10 0.00000E+00 0.00000E+00 0.00000E+00
 -1        11 0.00000E+00 0.00000E+00 0.00000E+00
 -1        12 0.00000E+00 0.00000E+00 0.00000E+00
 -1        13 0.00000E+00 0.00000E+00 0.00000E+00
 -1        14 0.00000E+00 0.00000E+00 0.00000E+00
 -1        15 0.00000E+00 0.00000E+00 0.00000E+00
 -1        16 0.00000E+00 0.00000E+00 0.00000E+00
 -1        17 0.00000E+00 0.00000E+00 0.00000E+00
 -1        18 0.00000E+00 0.00000E+00 0.00000E+00
 -1        19 0.00000E+00 0.00000E+00 0.00000E+00
 -1        20 0.00000E+00 0.00000E+00 0.00000E+00
 -1        21-2.35282E+02-5.70097E+02 2.00999E+02
 -1        22-1.95722E+02-5.67551E+02 2.00277E+02
 -1        23-2.70730E+02-5.66095E+02 2.04225E+02
 -1        24 8.61977E+01-5.49703E+02 2.08517E+02
 -1        25-1.74854E+01-5.53954E+02 2.08835E+02
 -1        26 1.88169E+02-5.55278E+02 2.05172E+02
 -1        27 2.36165E+02-5.66858E+02 2.00479E+02
 -1        28 2.71318E+02-5.65242E+02 2.04022E+02
 -1        29 1.96212E+02-5.66585E+02 2.01711E+02
 -1        30-8.45024E+01-5.47708E+02 2.05840E+02
 -1        31-1.86989E+02-5.55533E+02 2.04161E+02
 -1        32 1.73743E+01-5.54111E+02 2.08372E+02
 -1        33-1.24227E+02-2.56694E+02 6.80418E+01
 -1        34-8.17955E+01-1.05060E+02 3.19579E+00
 -1        35-1.40735E+02-4.19615E+02 1.41846E+02
 -1        36-2.66036E+02-2.78403E+02 1.26491E+02
 -1        37-1.76397E+02-1.35886E+02 8.52485E+01
 -1        38-3.02374E+02-4.28843E+02 1.67760E+02
 -1        39 2.65615E+02-2.77744E+02 1.26921E+02
 -1        40 1.76538E+02-1.35496E+02 8.58309E+01
 -1        41 3.02285E+02-4.28678E+02 1.67996E+02
 -1        42 1.22989E+02-2.58905E+02 7.08495E+01
 -1        43 8.22061E+01-1.05762E+02 2.32945E+00
 -1        44 1.40215E+02-4.19507E+02 1.41834E+02
 -1        45 0.00000E+00 0.00000E+00 0.00000E+00
 -1        46 0.00000E+00 0.00000E+00 0.00000E+00
 -1        47 0.00000E+00 0.00000E+00 0.00000E+00
 -1        48 0.00000E+00 0.00000E+00 0.00000E+00
 -1        49 0.00000E+00 0.00000E+00 0.00000E+00
 -1        50 0.00000E+00 0.00000E+00 0.00000E+00
 -1        51 0.00000E+00 0.00000E+00 0.00000E+00
 -1        52 0.00000E+00 0.00000E+00 0.00000E+00
 -1        53 0.00000E+00 0.00000E+00 0.00000E+00
 -1        54 0.00000E+00 0.00000E+00 0.00000E+00
 -1        55 0.00000E+00 0.00000E+00 0.00000E+00
 -1        56 0.00000E+00 0.00000E+00 0.00000E+00
 -1        57 0.00000E+00 0.00000E+00 0.00000E+00
 -1        58 0.00000E+00 0.00000E+00 0.00000E+00
 -1        59 0.00000E+00 0.00000E+00 0.00000E+00
 -1        60 0.00000E+00 0.00000E+00 0.00000E+00
 -1        61 0.00000E+00 0.00000E+00 0.00000E+00
 -1        62 0.00000E+00 0.00000E+00 0.00000E+00
 -1        63 0.00000E+00 0.00000E+00 0.00000E+00
 -1        64 0.00000E+00 0.00000E+00 0.00000E+00
 -1        65 0.00000E+00 0.00000E+00 0.00000E+00
 -1        66 0.00000E+00 0.00000E+00 0.00000E+00
 -1        67 0.00000E+00 0.00000E+00 0.00000E+00
 -1        68 0.00000E+00 0.00000E+00 0.00000E+00
 -1        69 0.00000E+00 0.00000E+00 0.00000E+00
 -1        70-1.03663E+00-5.58412E+02 2.03386E+02
 -1        71-1.46206E+02-5.59316E+02 2.03990E+02
 -1        72 6.85917E+01-5.59005E+02 2.05006E+02
 -1        73 1.46836E+02-5.58992E+02 2.04331E+02
 -1        74-6.80295E+01-5.58736E+02 2.03660E+02
 -1        75-1.07768E+01-5.51604E+02 2.05950E+02
 -1        76 1.04976E+02-5.61904E+02 2.06071E+02
 -1        77 1.52477E+02-5.64989E+02 2.01401E+02
 -1        78-4.04409E+01-5.52772E+02 2.04689E+02
 -1        79 3.28894E+01-5.57386E+02 2.04027E+02
 -1        80 1.09188E+02-5.63471E+02 2.02313E+02
 -1        81 1.13241E+02-5.52242E+02 2.06721E+02
 -1        82 2.25877E+02-5.61948E+02 2.05302E+02
 -1        83 1.89691E+02-5.64901E+02 2.02412E+02
 -1        84 7.09579E+01-5.57580E+02 2.03537E+02
 -1        85 3.91650E+01-5.53383E+02 2.05185E+02
 -1        86 1.04153E+01-5.52169E+02 2.07101E+02
 -1        87-1.04966E+02-5.62210E+02 2.04922E+02
 -1        88-1.50100E+02-5.66362E+02 2.00799E+02
 -1        89-3.37505E+01-5.57096E+02 2.03083E+02
 -1        90-1.07937E+02-5.63203E+02 2.01571E+02
 -1        91-1.12618E+02-5.52134E+02 2.05242E+02
 -1        92-2.25399E+02-5.62619E+02 2.05053E+02
 -1        93-7.10703E+01-5.57457E+02 2.03413E+02
 -1        94-1.88590E+02-5.66102E+02 2.02078E+02
 -1        95-1.99122E+02-2.83609E+02 9.19103E+01
 -1        96-2.63249E+02-4.33079E+02 1.59983E+02
 -1        97-1.94559E+02-4.28051E+02 1.45124E+02
 -1        98-1.09970E+02-1.22360E+02 2.00608E+01
 -1        99-1.37617E+02-1.38337E+02 5.30755E+01
 -1       100-5.44221E+01-5.60545E+01-1.18331E+00
 -1       101-6.57425E+01-6.78408E+01 1.09580E+01
 -1       102-1.12666E+02-1.30003E+02 3.41972E+01
 -1       103-1.56785E+02-2.01165E+02 5.30162E+01
 -1       104-1.74826E+02-2.09098E+02 7.06776E+01
 -1       105-6.79639E+01-7.17073E+01 2.11460E+01
 -1       106-8.13885E+01-7.31917E+01 3.06585E+01
 -1       107-2.32992E+02-3.60082E+02 1.28002E+02
 -1       108-2.68963E+02-3.58215E+02 1.41633E+02
 -1       109-2.26766E+02-2.84389E+02 1.08900E+02
 -1       110-2.28996E+02-4.32009E+02 1.51262E+02
 -1       111-2.51402E+02-5.03611E+02 1.80712E+02
 -1       112-2.87290E+02-5.00677E+02 1.86467E+02
 -1       113-2.04261E+02-3.55063E+02 1.17025E+02
 -1       114-2.16572E+02-5.02540E+02 1.76000E+02
 -1       115-1.70593E+02-2.72161E+02 7.71835E+01
 -1       116-1.63898E+02-3.45667E+02 1.08631E+02
 -1       117-1.71734E+02-4.97320E+02 1.74686E+02
 -1       118-1.28663E+02-1.87945E+02 3.85538E+01
 -1       119-2.06889E+02-2.09167E+02 9.53550E+01
 -1       120 1.97280E+02-2.82616E+02 9.19812E+01
 -1       121 2.63978E+02-4.33329E+02 1.60559E+02
 -1       122 1.38535E+02-1.39821E+02 5.43718E+01
 -1       123 1.93742E+02-4.30455E+02 1.44775E+02
 -1       124 1.14406E+02-1.26859E+02 1.91635E+01
 -1       125 1.62482E+02-3.46999E+02 1.09407E+02
 -1       126 2.02100E+02-3.58067E+02 1.17087E+02
 -1       127 1.70968E+02-2.73808E+02 7.95576E+01
 -1       128 1.71126E+02-4.97544E+02 1.74925E+02
 -1       129 1.31111E+02-1.90016E+02 3.84931E+01
 -1       130 1.59552E+02-2.03988E+02 5.34787E+01
 -1       131 5.60317E+01-5.58043E+01-1.41452E+00
 -1       132 2.69033E+02-3.57427E+02 1.42025E+02
 -1       133 2.25605E+02-2.84630E+02 1.08709E+02
 -1       134 2.32279E+02-3.59957E+02 1.28590E+02
 -1       135 2.87473E+02-5.00470E+02 1.86639E+02
 -1       136 2.51958E+02-5.01821E+02 1.80667E+02
 -1       137 2.27757E+02-4.33045E+02 1.52109E+02
 -1       138 6.87449E+01-7.00438E+01 2.17716E+01
 -1       139 1.24292E+02-1.38638E+02 3.61155E+01
 -1       140 1.75608E+02-2.10305E+02 7.06914E+01
 -1       141 8.18377E+01-7.33838E+01 3.10985E+01
 -1       142 2.08183E+02-2.08928E+02 9.62340E+01
 -1       143 2.16992E+02-5.00975E+02 1.76233E+02
 -1       144 6.77995E+01-6.60235E+01 8.24470E+00
 -1       145 7.22005E+01-2.50490E+02 1.03184E+02
 -1       146 8.70479E+01-1.05977E+02 6.95782E+01
 -1       147 1.79490E+02-4.21161E+02 1.63475E+02
 -1       148-1.13379E+01-4.16053E+02 1.50602E+02
 -1       149 2.63604E+00-9.39623E+01 2.79772E+01
 -1       150 1.52473E+01-3.78937E+01 1.83771E+01
 -1       151-1.24755E+01-3.50393E+01 5.01178E-01
 -1       152 4.03014E+01-9.61055E+01 4.77661E+01
 -1       153 3.37855E+01-4.23620E+01 3.41745E+01
 -1       154 8.74494E+01-1.73245E+02 8.61954E+01
 -1       155 3.25105E+01-1.66002E+02 6.35531E+01
 -1       156 6.21713E+01-4.64149E+01 4.74836E+01
 -1       157-4.50870E+01-1.71190E+02 4.26169E+01
 -1       158 1.68465E+02-1.92849E+02 1.01327E+02
 -1       159 1.48651E+02-2.61249E+02 1.17302E+02
 -1       160 2.23150E+02-3.49070E+02 1.44643E+02
 -1       161 1.21174E+02-3.38070E+02 1.35575E+02
 -1       162 2.42430E+02-4.96904E+02 1.86590E+02
 -1       163 1.34026E+02-4.89253E+02 1.85505E+02
 -1       164 8.32752E+01-4.14623E+02 1.57493E+02
 -1       165 3.78095E+01-4.87728E+02 1.82458E+02
 -1       166 3.98686E+01-3.33844E+02 1.24209E+02
 -1       167-6.54408E+01-3.37579E+02 1.11947E+02
 -1       168-3.65215E+00-2.48973E+02 8.66331E+01
 -1       169-7.46490E+01-4.92890E+02 1.77543E+02
 -1       170-7.27510E+01-2.51397E+02 1.04879E+02
 -1       171 1.26994E+01-4.15666E+02 1.51471E+02
 -1       172-1.78571E+02-4.21404E+02 1.63333E+02
 -1       173-3.29900E+00-9.43289E+01 2.75424E+01
 -1       174-9.12238E+01-1.05156E+02 6.80770E+01
 -1       175 4.43223E+01-1.72514E+02 4.45159E+01
 -1       176 1.23430E+01-3.51217E+01-3.71297E-01
 -1       177-3.40869E+01-1.67080E+02 6.62952E+01
 -1       178 4.70435E+00-2.51648E+02 8.63902E+01
 -1       179 6.53625E+01-3.37896E+02 1.13781E+02
 -1       180 7.46437E+01-4.92702E+02 1.77918E+02
 -1       181-3.71500E+01-3.34940E+02 1.27129E+02
 -1       182-2.23411E+02-3.49226E+02 1.44507E+02
 -1       183-1.20337E+02-3.38626E+02 1.35746E+02
 -1       184-1.47725E+02-2.61646E+02 1.17378E+02
 -1       185-2.42070E+02-4.97233E+02 1.86255E+02
 -1       186-1.31712E+02-4.89420E+02 1.84229E+02
 -1       187-8.13421E+01-4.17092E+02 1.58783E+02
 -1       188-1.56116E+01-3.77789E+01 1.56631E+01
 -1       189-4.32505E+01-9.85930E+01 4.87521E+01
 -1       190-1.69101E+02-1.92546E+02 1.01913E+02
 -1       191-9.07575E+01-1.72603E+02 8.63845E+01
 -1       192-6.30010E+01-4.68879E+01 4.73187E+01
 -1       193-3.62037E+01-4.04131E+01 3.39663E+01
 -1       194-3.71792E+01-4.87726E+02 1.81964E+02
 -1       195 1.63265E+01-1.81583E+02 6.39310E+01
 -1       196-2.60749E+01-3.46711E+02 1.25646E+02
 -1       197-3.05521E+01-4.93746E+01 7.87694E+00
 -1       198-6.68123E+01-1.17984E+02 3.27003E+01
 -1       199-7.50725E+01-2.24042E+02 7.12764E+01
 -1       200-1.07399E+02-3.11696E+02 1.07647E+02
 -1       201-2.34895E+01-1.43503E+02 4.83487E+01
 -1       202 1.46023E+02-3.46455E+02 1.36487E+02
 -1       203 2.15618E+02-4.27922E+02 1.63204E+02
 -1       204 9.66244E+01-3.86711E+02 1.43837E+02
 -1       205 6.81767E+01-3.82225E+02 1.44240E+02
 -1       206 2.27540E+01-2.99596E+02 1.11560E+02
 -1       207 1.25655E+02-4.97586E+02 1.81190E+02
 -1       208 2.04438E+02-4.99785E+02 1.83154E+02
 -1       209-1.19737E+01-4.18684E+02 1.54862E+02
 -1       210 4.21948E+01-4.92756E+02 1.79893E+02
 -1       211-8.92495E+01-4.94075E+02 1.82002E+02
 -1       212-1.63248E+02-4.95069E+02 1.84213E+02
 -1       213-1.02147E+02-1.86972E+02 8.55919E+01
 -1       214-1.04485E+02-1.22882E+02 6.37940E+01
 -1       215-6.55229E+00-4.27018E+01 1.09591E+01
 -1       216 7.70097E+00-1.02483E+02 3.72337E+01
 -1       217 8.86149E+01-4.96712E+02 1.79664E+02
 -1       218 1.29405E+02-4.98498E+02 1.77947E+02
 -1       219 1.02298E+02-4.25962E+02 1.53863E+02
 -1       220 7.04866E+01-3.07848E+02 1.11238E+02
 -1       221-1.52365E+01-4.60131E+02 1.67749E+02
 -1       222-3.62637E+01-4.20692E+02 1.56346E+02
 -1       223-9.58438E+01-3.87138E+02 1.44079E+02
 -1       224-4.17930E+01-3.03067E+02 1.13707E+02
 -1       225-1.10672E+02-2.68843E+02 1.04962E+02
 -1       226-5.05891E+01-1.47135E+02 5.85671E+01
 -1       227-5.67637E+01-2.25102E+02 8.31315E+01
 -1       228-1.93759E+01-2.17201E+02 8.16119E+01
 -1       229 1.46470E+01-1.07730E+02 4.19466E+01
 -1       230-7.77042E+00-1.44747E+02 5.18580E+01
 -1       231 9.04591E+01-3.09021E+02 1.04387E+02
 -1       232 1.53013E+01-3.84259E+02 1.40019E+02
 -1       233 8.99175E+01-2.30596E+02 7.70134E+01
 -1       234-4.22490E+01-1.13484E+02 3.92576E+01
 -1       235 1.11277E+02-2.68199E+02 1.05412E+02
 -1       236 3.43749E+01-2.21921E+02 8.34279E+01
 -1       237 2.75617E+00-7.66690E+01 2.74668E+01
 -1       238 2.24737E-01-2.63199E+02 9.61574E+01
 -1       239-4.25716E+01-4.92590E+02 1.80257E+02
 -1       240 2.44657E+01-4.56300E+02 1.69363E+02
 -1       241-4.77485E+01-4.61040E+02 1.67040E+02
 -1       242-2.33686E+01-3.81802E+02 1.37928E+02
 -1       243-1.27852E+02-4.98763E+02 1.76980E+02
 -1       244-1.24409E+02-4.65402E+02 1.65883E+02
 -1       245-9.99808E+01-3.88406E+02 1.35260E+02
 -1       246-1.00400E+02-4.22440E+02 1.47270E+02
 -1       247-7.16564E+01-3.02343E+02 1.00573E+02
 -1       248 4.93703E+01-1.07776E+02 1.96362E+01
 -1       249 5.74974E+01-1.49534E+02 4.40079E+01
 -1       250 1.10271E+01-1.39323E+02 4.60592E+01
 -1       251 6.12418E+01-2.23459E+02 6.98710E+01
 -1       252 2.81328E+01-4.61219E+01 8.20876E+00
 -1       253 3.67534E+01-7.83070E+01 2.39201E+01
 -1       254 1.32508E+01-7.43793E+01 2.30663E+01
 -1       255 7.33632E+00-4.25259E+01 8.65558E+00
 -1       256-7.71104E+00-7.26170E+01 2.65217E+01
 -1       257 7.69491E+01-1.55684E+02 5.42717E+01
 -1       258-1.34754E+02-3.91165E+02 1.41116E+02
 -1       259-1.34152E+01-7.52567E+01 2.96502E+01
 -1       260 4.50742E+01-5.40389E+01 2.66071E+01
 -1       261 3.40218E+01-4.85926E+01 2.85357E+01
 -1       262 1.63684E+02-4.94629E+02 1.84708E+02
 -1       263-2.15546E+02-4.28364E+02 1.62933E+02
 -1       264-3.31599E+01-4.89526E+01 2.87386E+01
 -1       265-4.89632E+01-1.06653E+02 2.05063E+01
 -1       266-4.56690E+01-5.44775E+01 2.60586E+01
 -1       267 1.00173E+02-4.22690E+02 1.47541E+02
 -1       268 1.03981E+02-1.22834E+02 6.37226E+01
 -1       269-2.03374E+02-5.00358E+02 1.82878E+02
 -1       270 8.85732E+01-4.93382E+02 1.82625E+02
 -1       271 1.58176E+01-4.62062E+01 2.14861E+01
 -1       272 5.08694E+01-1.48001E+02 5.83294E+01
 -1       273-2.33623E+01-1.75224E+02 5.49469E+01
 -1       274-1.83546E+02-3.54254E+02 1.33635E+02
 -1       275-1.24032E+02-4.98379E+02 1.81033E+02
 -1       276-2.39049E+01-4.94155E+01 1.94029E+01
 -1       277 3.68996E+01-3.41126E+02 1.21261E+02
 -1       278 1.32214E+02-1.98686E+02 8.03374E+01
 -1       279-4.60221E+01-1.05849E+02 5.08277E+01
 -1       280 2.24909E+01-4.90903E+01 1.74557E+01
 -3
    1PSTEP                         5           1           1          
    1PGM                1.000000E+00                                  
    1PGK                1.164766E+11                                  
    1PHID                         -1                                  
    1PSUBC                         0                                  
    1PMODE                         2                                  
  100CL  102 54317.45420         280                     2    2MODAL      1
 -4  STRESS      6    1
 -5  SXX         1    4    1    1
 -5  SYY         1    4    2    2
 -5  SZZ         1    4    3    3
 -5  SXY         1    4    1    2
 -5  SYZ         1    4    2    3
 -5  SZX         1    4    3    1
 -1         1-8.43277E+06-2.19784E+06-3.12070E+06-1.74863E+06-3.60376E+05-1.05854E+06
 -1         2-1.82724E+07-5.51796E+06-5.86686E+06-3.19409E+06 7.51098E+05 2.88558E+06
 -1         3 1.83200E+07 5.46779E+06 5.86944E+06-3.15378E+06-7.37934E+05 2.89156E+06
 -1         4 8.53209E+06 2.26259E+06 3.07746E+06-1.66978E+06 3.05771E+05-1.12975E+06
 -1         5 1.60399E+05 3.75887E+05-1.15128E+05 3.02503E+05-1.92524E+04-1.12846E+05
 -1         6 3.68427E+05 3.76410E+05 1.65783E+05 3.03331E+05 2.03952E+04-1.27987E+05
 -1         7-3.62238E+05-4.09449E+05-1.93056E+05 3.02840E+05-5.39576E+04-1.21921E+05
 -1         8-1.82655E+05-3.49100E+05 5.54850E+04 2.70036E+05 2.50915E+04-5.86950E+04
 -1         9-1.40407E+07-5.53215E+06-5.76871E+06-3.96594E+06-4.20703E+03 8.86487E+05
 -1        10-1.40386E+07-6.01655E+06-6.01654E+06-3.85939E+06 9.74211E-01-1.57386E+04
 -1        11-1.73478E+07-7.43480E+06-7.43479E+06-4.66031E+06 1.96574E-01 1.55486E+06
 -1        12 5.11278E+06 2.09836E+06 2.14214E+06-2.02926E+06 6.27423E+04 1.52687E+06
 -1        13 3.13123E+05 1.34197E+05 1.34195E+05-1.59702E+06-9.06798E-01 3.00899E+05
 -1        14 1.12931E+07 4.83993E+06 4.83993E+06-2.20234E+06-8.22156E-01 2.88423E+06
 -1        15 1.29748E+07 4.08104E+06 4.79704E+06-3.12262E+06 4.73761E+04 8.47411E+05
 -1        16 1.75139E+07 7.50596E+06 7.50595E+06-4.52411E+06-5.02567E-01 1.58055E+06
 -1        17 1.43506E+07 6.15028E+06 6.15028E+06-3.59371E+06-1.06010E-01-1.69329E+05
 -1        18-4.60535E+06-1.70612E+06-1.36054E+06-2.10521E+06-3.80441E+04 1.03625E+06
 -1        19-1.15430E+07-4.94700E+06-4.94701E+06-2.13678E+06 4.61029E-01 2.90746E+06
 -1        20-3.48722E+05-1.49453E+05-1.49452E+05-1.58374E+06 6.51437E-01 9.35718E+04
 -1        21 1.60929E+05 3.95303E+05 3.70968E+05 4.05778E+05 4.04631E+04 2.15455E+05
 -1        22 2.42724E+05 3.46574E+05 4.70205E+04 2.58620E+05 3.26991E+04 2.14103E+04
 -1        23 3.55769E+05 3.36169E+05 4.32315E+05 2.12985E+05 2.85188E+04 6.31834E+04
 -1        24 2.63076E+04-1.02276E+05-1.71959E+05-6.12000E+05-1.28064E+05-1.92421E+05
 -1        25 3.66767E+04 5.03871E+05-1.30984E+05-1.40701E+05-1.11499E+05-9.66287E+04
 -1        26-2.99614E+05-6.87621E+05-1.54719E+05-1.75320E+05-9.70225E+04-1.29265E+05
 -1        27-1.27162E+05-2.44531E+05-2.54182E+05 2.22154E+05-5.56971E+04 2.08553E+05
 -1        28-2.69722E+05-2.81042E+05-4.13610E+05 1.66547E+05-3.55236E+04 6.95236E+04
 -1        29-1.35762E+05-2.71696E+05 7.90660E+04 1.17632E+05-4.48422E+04 5.56473E+04
 -1        30 5.81898E+02 9.52329E+04 9.80341E+04-5.69909E+05 1.26801E+05-1.11420E+05
 -1        31 2.11577E+05 7.64564E+05 1.28957E+05-1.21113E+05 8.45214E+04-9.09118E+04
 -1        32-5.24180E+04-5.93533E+05 7.69172E+04-1.53391E+05 1.35502E+05-6.67483E+04
 -1        33-2.12843E+06 1.77117E+05 1.24896E+05-7.00567E+05-5.91203E+03 5.54450E+05
 -1        34-5.10885E+06-5.75309E+04-4.08515E+05-6.27794E+05-2.86918E+05 1.08471E+05
 -1        35-7.30183E+05 9.99943E+04-5.51738E+04-2.15565E+05-9.22160E+03 1.96565E+05
 -1        36-4.48101E+06 3.18886E+05 3.46153E+05-2.62640E+05-1.50386E+04-2.82434E+05
 -1        37-1.09994E+07-5.20799E+05-6.72839E+05-8.11370E+05 3.70825E+05 5.03744E+05
 -1        38-1.58560E+06 1.34988E+05 3.32712E+04-1.25749E+05 5.54579E+04-5.89513E+04
 -1        39 4.33487E+06-3.71544E+05-3.94295E+05-2.49896E+05 1.11839E+05-2.72553E+05
 -1        40 1.09726E+07 5.03643E+05 6.56574E+05-8.37281E+05-2.41786E+05 5.87158E+05
 -1        41 1.60759E+06-1.01576E+05-3.04027E+04-1.15859E+05-2.11349E+04-5.71443E+04
 -1        42 2.13532E+06-1.37417E+05-1.82266E+05-6.31993E+05-6.44884E+03 5.43351E+05
 -1        43 5.00963E+06-7.43773E+03 3.07860E+05-6.20777E+05 9.66597E+04 4.46776E+04
 -1        44 7.32529E+05-1.17941E+05 2.11352E+04-1.93431E+05-3.94110E+04 2.09059E+05
 -1        45-2.60373E+05 8.37951E+04-4.37779E+04-2.77581E+06 3.29111E+04 1.00834E+06
 -1        46-5.18960E+06-2.20040E+06-2.18571E+06-2.61407E+06-1.75571E+05 1.49072E+06
 -1        47-2.50637E+06-1.23109E+06-9.30696E+05-2.64052E+06-8.72466E+04 4.96704E+05
 -1        48 2.20879E+06 1.28323E+06 8.28444E+05-2.40262E+06-3.00782E+04 5.13676E+05
 -1        49 5.03959E+06 2.36946E+06 2.32262E+06-2.57157E+06 1.00261E+05 1.44915E+06
 -1        50-1.13001E+07-4.29228E+06-4.36199E+06-3.05218E+06 2.77718E+05 2.30044E+06
 -1        51-9.65441E+06-4.13762E+06-4.13762E+06-3.50866E+06-7.76139E-01 1.27179E+06
 -1        52-5.62166E+06-2.40470E+06-2.39398E+06-3.15149E+06-2.28349E+04 9.46194E+05
 -1        53-1.66950E+06-9.50360E+05-8.54956E+05-2.47985E+06-1.00775E+05 9.48745E+05
 -1        54-8.56153E+06-3.46739E+06-3.51979E+06-3.29983E+06 9.45822E+04 6.37895E+05
 -1        55-5.22556E+06-1.85135E+06-2.14464E+06-2.20905E+06-1.30060E+05-2.79373E+05
 -1        56-1.37510E+06-4.96590E+05-5.93222E+05-2.79008E+06-2.39232E+04 9.05043E+05
 -1        57 1.33180E+06 4.15433E+05 5.96504E+05-2.22323E+06-3.48943E+04 9.70857E+05
 -1        58 1.90396E+06 1.03376E+06 8.81322E+05-2.41055E+06 3.71510E+04 1.21009E+06
 -1        59 5.23021E+06 2.24152E+06 2.24153E+06-2.33635E+06-2.06966E-01 1.71821E+06
 -1        60 1.14767E+07 4.37042E+06 4.46853E+06-3.01145E+06-2.68756E+05 2.25870E+06
 -1        61 6.54192E+05 5.46600E+05 4.04090E+05-2.39079E+06 1.04982E+05 9.05739E+05
 -1        62-4.96922E+06-2.05913E+06-1.68169E+06-2.32445E+06-1.39605E+05 1.37613E+06
 -1        63-1.88362E+06-8.07266E+05-8.07266E+05-2.39976E+06 4.24759E-01 9.03498E+05
 -1        64 6.90139E+06 2.66254E+06 2.76863E+06-2.61992E+06-1.30396E+05 6.59358E+05
 -1        65 5.03565E+06 1.89959E+06 2.00859E+06-2.06466E+06 1.09875E+05-3.12372E+05
 -1        66 1.12626E+06 4.82686E+05 4.82687E+05-2.47206E+06 9.50570E-02 7.61737E+05
 -1        67 4.61795E+06 1.99108E+06 2.01897E+06-2.79816E+06 9.89812E+04 7.57057E+05
 -1        68-8.09121E+05-2.07181E+05-3.43319E+05-2.24151E+06 3.85094E+04 6.28461E+05
 -1        69 9.59561E+06 4.11242E+06 4.11241E+06-3.33365E+06 3.14106E-01 1.30416E+06
 -1        70-1.34572E+05-2.48949E+04-2.17867E+04-5.97546E+05 3.43348E+04 2.10033E+05
 -1        71 2.92258E+04 1.03220E+06 5.15681E+05-5.83759E+04 1.31228E+05 1.01555E+04
 -1        72 1.72250E+05-7.91676E+05 1.19734E+05 6.38545E+02 1.03005E+05 9.12776E+04
 -1        73-2.89784E+04-9.79076E+05-5.44234E+05-3.52592E+04-1.54890E+05 4.86556E+04
 -1        74-9.01832E+02 8.82329E+05-1.87143E+05-9.24705E+04-6.72079E+04 5.16414E+04
 -1        75 6.58698E+04-6.22513E+05 5.97035E+04-2.74943E+05 1.55196E+05 3.20516E+04
 -1        76-6.55746E+04-6.66870E+05 7.03775E+04 9.41804E+04 4.63874E+04-3.20469E+04
 -1        77 2.86689E+04-5.08749E+05 5.22719E+04 1.29281E+04-2.71716E+04 6.62409E+04
 -1        78 8.72171E+04 2.97320E+05 2.13493E+05-4.28486E+05 1.93354E+05 1.03166E+05
 -1        79 9.07105E+04-5.06138E+05-4.51043E+03-2.53192E+05 1.90005E+05 1.09997E+05
 -1        80-2.56427E+05-4.66971E+05-1.74067E+05-2.59655E+05-3.86335E+04 1.49055E+05
 -1        81-1.75963E+05-7.04027E+05-4.35473E+05-2.69798E+05-1.48455E+05-5.28910E+04
 -1        82-9.71558E+04-7.72246E+05-3.94797E+05 1.00925E+05-8.09723E+04-1.80526E+04
 -1        83-4.16827E+03-5.80714E+05-4.02467E+05 4.88502E+04-9.67918E+04 1.27830E+05
 -1        84-1.04225E+05-6.35086E+05-3.84731E+05-2.21414E+05-2.03617E+05 1.29715E+05
 -1        85-2.83791E+04-2.26701E+05-2.81735E+05-4.39876E+05-1.53155E+05 4.41677E+04
 -1        86 1.91854E+05 5.09718E+05-1.45549E+05-3.42898E+05-7.47192E+04-6.79662E+04
 -1        87 2.82983E+04 7.15161E+05-1.86883E+05 6.79574E+04-2.22490E+04-1.28522E+04
 -1        88-5.98043E+04 6.62646E+05 6.68347E+04 1.61565E+05-5.75184E+04 1.34152E+05
 -1        89 2.43269E+04 5.47089E+05-8.57686E+04-3.43217E+05-1.17028E+05 1.19848E+05
 -1        90 5.22931E+04 5.76213E+05 3.10418E+05-1.63040E+05 6.63628E+04 1.55427E+05
 -1        91 6.90106E+04 7.77122E+05 3.07653E+05-2.42752E+05 1.37935E+05-4.66039E+04
 -1        92 1.06189E+05 7.74627E+05 3.72751E+05 9.45271E+04 5.11772E+04-3.91408E+04
 -1        93 1.07706E+05 6.30285E+05 3.65286E+05-2.54372E+05 1.96804E+05 1.04521E+05
 -1        94 9.89272E+04 8.16407E+05 5.01334E+05 6.18149E+04 9.18229E+04 9.97627E+04
 -1        95-4.67290E+06 3.96324E+05 8.57386E+04-6.59978E+05-7.86053E+04 1.17135E+06
 -1        96-1.35618E+06 8.13774E+04 3.35982E+05-1.39780E+05 1.75673E+03 4.21040E+05
 -1        97-5.75148E+05-1.16405E+04 1.59346E+05-8.83845E+04 3.19891E+02 6.32163E+05
 -1        98-6.72161E+06 2.70721E+05-3.27622E+05-5.94382E+05 5.38068E+04 8.52930E+05
 -1        99-9.65120E+06 1.75203E+05-7.40050E+05-1.20762E+06-1.11915E+05 1.21126E+06
 -1       100-8.19936E+06-7.04000E+05-1.75958E+06-1.21905E+06-2.12120E+05-2.47635E+05
 -1       101-1.01705E+07-1.29818E+06-2.54539E+06-1.85236E+06-1.37367E+04 8.76988E+05
 -1       102-9.15795E+06-1.57647E+06-2.40065E+06-1.87362E+06-1.58961E+04 1.06354E+06
 -1       103-6.14185E+06 5.64164E+05-2.83934E+05-3.08004E+05 2.61133E+04 1.32784E+06
 -1       104-7.16371E+06 5.74205E+04-3.82887E+05-1.09339E+06-1.87716E+05 1.04233E+06
 -1       105-1.19252E+07-2.43117E+06-3.33670E+06-2.73653E+06-5.37267E+04 9.46662E+05
 -1       106-1.37345E+07-1.64392E+06-2.81047E+06-1.99383E+06 3.31994E+05 1.79238E+06
 -1       107-2.44086E+06 2.96884E+05 3.22226E+05-2.87986E+05-2.20481E+04 7.60301E+05
 -1       108-2.83461E+06 7.99206E+04 2.32741E+05-2.60693E+05 1.14193E+03 2.25817E+05
 -1       109-4.43179E+06 1.08524E+05 8.62182E+04-4.94295E+05-3.17109E+03 5.21351E+05
 -1       110-1.25889E+06 2.62994E+05 3.62067E+05-1.76772E+04-3.13031E+04 7.79323E+05
 -1       111-5.47004E+05 2.25053E+05 3.61496E+05 8.35127E+04-2.55433E+03 2.99636E+05
 -1       112-4.25665E+05 3.72783E+04 2.36770E+05 1.02455E+05 2.50708E+04 1.50089E+05
 -1       113-1.85989E+06 2.20213E+05 3.78291E+05-2.39361E+05-8.37742E+04 1.04722E+06
 -1       114-1.65226E+05 6.71261E+04 2.10765E+05 1.83382E+05 3.34718E+04 4.69419E+05
 -1       115-3.21025E+06 6.54622E+04 1.12975E+04-5.82662E+05-1.12421E+05 1.04943E+06
 -1       116-1.37812E+06 8.41820E+04 5.25440E+04-4.24037E+05 1.89866E+04 5.84029E+05
 -1       117-7.60725E+04 6.77317E+04 2.95873E+04 6.37858E+04-1.15274E+04 1.98878E+05
 -1       118-4.39722E+06-1.52599E+04-8.45533E+04-6.68587E+05 3.18622E+04 7.11885E+05
 -1       119-7.14325E+06 9.28619E+04 1.06785E+05-3.45540E+05-1.97428E+05 2.23436E+05
 -1       120 3.92230E+06-2.26790E+05-1.21619E+05-5.79403E+05-8.37469E+03 1.18671E+06
 -1       121 1.56662E+06-1.81588E+05-2.84617E+05-1.43355E+05-1.32520E+04 4.37405E+05
 -1       122 9.89730E+06-2.50643E+04 9.83641E+05-1.28323E+06 1.21299E+05 1.11553E+06
 -1       123 9.85640E+05-2.64611E+05-1.08589E+05-7.91751E+04 2.35001E+03 5.93292E+05
 -1       124 7.36609E+06-4.60738E+05 4.74816E+05-6.47568E+05 6.65400E+04 6.82773E+05
 -1       125 1.44160E+06-2.57566E+05-7.53807E+04-3.55210E+05 3.51379E+04 5.24875E+05
 -1       126 2.16405E+06-2.96806E+05-2.85226E+05-2.98515E+05 4.61213E+04 9.41188E+05
 -1       127 2.64264E+06-2.09578E+05-1.15342E+05-4.38341E+05-4.30602E+04 1.06370E+06
 -1       128 1.64672E+05-1.07596E+05-5.15500E+04 6.41577E+04 2.21732E+04 2.22348E+05
 -1       129 4.15198E+06-1.54272E+05-9.16448E+04-5.01068E+05 2.16597E+03 7.25640E+05
 -1       130 5.22897E+06-2.09424E+05 1.23800E+05-3.62168E+05 8.10842E+04 1.18002E+06
 -1       131 8.47593E+06 5.93045E+05 1.80584E+06-1.16653E+06 1.72657E+05-2.99208E+05
 -1       132 2.89414E+06-2.17071E+05-1.89979E+05-2.77813E+05-1.88967E+04 2.06515E+05
 -1       133 4.67859E+06-1.46881E+05-3.80504E+04-3.62351E+05-2.06769E+04 4.94690E+05
 -1       134 2.65003E+06-2.68765E+05-2.62403E+05-4.83886E+05-4.96811E+04 7.62683E+05
 -1       135 4.19113E+05-8.74569E+04-2.49091E+05 1.08139E+05-4.43059E+04 1.67896E+05
 -1       136 5.30851E+05-8.51297E+04-3.13545E+05 7.73878E+03 1.68489E+04 2.94364E+05
 -1       137 1.43417E+06-1.46673E+05-2.57363E+05-2.54936E+05-2.56783E+04 7.45305E+05
 -1       138 1.16192E+07 2.07679E+06 3.07425E+06-2.41831E+06 1.54807E+05 8.87041E+05
 -1       139 8.44458E+06 2.78607E+05 1.56613E+06-1.12617E+06 5.12146E+04 1.26318E+06
 -1       140 6.50474E+06-1.15621E+05 1.56037E+05-6.23782E+05 1.31733E+04 1.14476E+06
 -1       141 1.38461E+07 1.60676E+06 2.90025E+06-1.98246E+06-2.98652E+05 1.79773E+06
 -1       142 6.59593E+06-4.51020E+05-3.99236E+05-8.72551E+04 3.36655E+05 9.45583E+04
 -1       143 2.03408E+05-1.61385E+05-2.03259E+05 1.41621E+04-1.03622E+05 4.45913E+05
 -1       144 1.04796E+07 1.16372E+06 2.51769E+06-1.62550E+06-4.09138E+04 8.79083E+05
 -1       145 1.97742E+06 2.68570E+03-9.15240E+04-3.40962E+06 1.49025E+05 2.32763E+05
 -1       146 6.61223E+06 4.54071E+05-1.12015E+05-2.70146E+06 2.00045E+05 4.87587E+05
 -1       147 1.34568E+06-2.85690E+05 3.45609E+04-1.39243E+06-8.69484E+03-1.21323E+04
 -1       148-6.74058E+05 1.30168E+05-9.54082E+03-1.41455E+06-2.60932E+04 8.60404E+04
 -1       149-4.78006E+04 1.06720E+05 4.08032E+05-2.46961E+06 2.48502E+05 3.04711E+05
 -1       150 2.64547E+06 8.09050E+05 1.09943E+06-2.29589E+06 6.39311E+04 7.16243E+05
 -1       151-3.57902E+06-5.88224E+05-8.61037E+05-1.88676E+06-9.78051E+04-3.38853E+05
 -1       152 3.39939E+06 9.67013E+05 7.37584E+05-2.80660E+06 1.11713E+05 6.36812E+05
 -1       153 5.61708E+06 1.47273E+06 7.94588E+05-2.30786E+06 2.05193E+05 1.11571E+06
 -1       154 3.80943E+06-1.02612E+05-1.93312E+05-2.94707E+06 2.28393E+05 4.10745E+05
 -1       155 1.27052E+06 3.44461E+05 7.63667E+03-3.10880E+06 1.21064E+05 1.09330E+05
 -1       156 1.15935E+07 2.21160E+06 1.63268E+06-2.59920E+06-3.07300E+05 1.50275E+06
 -1       157-1.27645E+06 3.52321E+05 7.03924E+05-1.51490E+06 1.06875E+05 5.13308E+05
 -1       158 5.51286E+06-2.44718E+05-4.46813E+05-1.31223E+06 2.37407E+05-2.06571E+05
 -1       159 3.48794E+06-3.39356E+04 3.28339E+04-2.04696E+06 5.24582E+04 1.32323E+05
 -1       160 2.79882E+06-2.10918E+05 1.14411E+04-1.06867E+06 5.56273E+04 2.86811E+04
 -1       161 1.63240E+06-1.14983E+05-6.18064E+04-2.37299E+06 4.22289E+04 1.12247E+05
 -1       162 5.16843E+05-2.99587E+05 2.51219E+04-5.14842E+05-5.27973E+04-9.54402E+04
 -1       163 5.80725E+05-3.12021E+05-1.10420E+05-9.86788E+05-5.80920E+04-7.94518E+04
 -1       164 4.73360E+05-1.54042E+05-1.34375E+05-2.07686E+06-3.62019E+03-3.45115E+04
 -1       165-2.89651E+05 1.73510E+05-1.37039E+04-1.08307E+06-8.10377E+04-7.80865E+04
 -1       166-7.02420E+04-2.28944E+05-1.95442E+05-2.55927E+06 5.45880E+04 7.36517E+04
 -1       167-1.21974E+06 1.64890E+05-2.81982E+04-1.15234E+06 2.24176E+04 2.44559E+05
 -1       168-2.25410E+05 1.47328E+05-1.10730E+05-2.23913E+06 3.38374E+04 2.55803E+05
 -1       169-3.34383E+05 2.26660E+05-4.33451E+04-4.95106E+05-3.04446E+04 1.92573E+04
 -1       170-1.17568E+06 1.31887E+05 2.24277E+05-3.39490E+06-1.12178E+05 1.74079E+05
 -1       171 5.52829E+05-2.66335E+04 1.29285E+05-1.45522E+06 2.04230E+03 7.44613E+04
 -1       172-1.28343E+06 2.99724E+05 1.40268E+04-1.34023E+06 3.07620E+04 1.38540E+04
 -1       173 7.13476E+04-1.12144E+05-1.82070E+05-2.53368E+06-2.59335E+05 3.62772E+05
 -1       174-6.01650E+06-5.79721E+04 9.20465E+05-2.60963E+06-2.38272E+05-2.25889E+05
 -1       175 1.44238E+06-2.25256E+05-3.16188E+05-1.57875E+06-1.14307E+05 5.49148E+05
 -1       176 3.57350E+06 6.25085E+05 9.25796E+05-1.88415E+06 8.41342E+04-3.32366E+05
 -1       177-1.04348E+06-3.73084E+05-3.08361E+04-3.07014E+06-2.10484E+05 1.66715E+05
 -1       178 8.98985E+05-1.95493E+04 3.68429E+04-2.23229E+06-1.59632E+04 2.60611E+05
 -1       179 1.17806E+06-1.39460E+05 1.16255E+05-1.17708E+06-4.56851E+04 1.60809E+05
 -1       180 2.68491E+05-1.66715E+05 1.01506E+05-5.49701E+05 2.32532E+04 4.36138E+04
 -1       181 5.43742E+04 2.34112E+05 3.10604E+04-2.49565E+06-6.15765E+04 7.89777E+04
 -1       182-2.88919E+06 1.58839E+05 2.49853E+04-9.67925E+05 3.46510E+04-1.34103E+04
 -1       183-1.47095E+06 5.85893E+04 1.57613E+04-2.35883E+06-2.21425E+04 1.49201E+05
 -1       184-3.08117E+06 1.82466E+05 8.87301E+04-2.02629E+06 4.14559E+04-2.09925E+04
 -1       185-4.67404E+05 2.93656E+05-2.36448E+04-4.87401E+05 5.10599E+04-7.88182E+04
 -1       186-5.40545E+05 3.41957E+05 3.74961E+04-9.29742E+05 4.75351E+04-8.24432E+03
 -1       187-4.18078E+05 1.21063E+05 5.21964E+04-1.99601E+06-4.06284E+04 3.57490E+04
 -1       188-2.41588E+06-5.33324E+05-6.88565E+05-2.36879E+06-9.89498E+04 5.19650E+05
 -1       189-3.13302E+06-6.85038E+05-5.83010E+04-2.78003E+06-1.46245E+05 5.23354E+05
 -1       190-5.08593E+06 6.06054E+05 7.76800E+05-1.33722E+06-2.47684E+05-3.61903E+05
 -1       191-3.30995E+06 3.36992E+05 6.55013E+05-2.97975E+06-1.05641E+05-1.39693E+05
 -1       192-1.17861E+07-2.22607E+06-1.77069E+06-2.67853E+06 3.15810E+05 1.39095E+06
 -1       193-5.38855E+06-1.31470E+06 1.33412E+05-2.26417E+06-7.82586E+04 5.33645E+05
 -1       194 1.98583E+05-2.01131E+05 7.39258E+04-1.08976E+06 2.66046E+04-2.24281E+04
 -1       195 1.10479E+06-9.14639E+04 1.14715E+05-3.31281E+06-3.92518E+04 1.21898E+06
 -1       196-5.93562E+05 1.10905E+05 2.65985E+04-2.46773E+06 1.04915E+04 9.55947E+05
 -1       197-4.56084E+06-4.45246E+05-5.05731E+05-1.61229E+06-6.80175E+04 6.02881E+05
 -1       198-4.64228E+06-5.54685E+05-8.19110E+05-1.73096E+06-3.57428E+04 8.04803E+05
 -1       199-3.41020E+06 1.99923E+05-2.42495E+05-1.77878E+06 1.08515E+05 1.08293E+06
 -1       200-2.53273E+06 2.49266E+05 1.49563E+05-1.57704E+06-4.49718E+04 1.11903E+06
 -1       201-1.34189E+06-2.74865E+05-2.63749E+05-2.81581E+06-1.01762E+05 7.47692E+05
 -1       202 2.07123E+06-1.07091E+05-5.72199E+04-1.71555E+06 4.24980E+04 2.88097E+05
 -1       203 1.46739E+06-2.63183E+05-1.16261E+05-7.60937E+05-2.33548E+04 2.15071E+05
 -1       204 1.14483E+06-6.09949E+03-5.17303E+04-1.50756E+06-2.32774E+04 6.12868E+05
 -1       205 7.62866E+05 2.24199E+04 7.59086E+04-2.02447E+06-2.15098E+04 3.78090E+05
 -1       206 5.50696E+05-1.22231E+05-6.17266E+04-3.03718E+06 1.10215E+05 6.14288E+05
 -1       207 5.67221E+05-3.06098E+05-2.38868E+05-4.60049E+05-2.24255E+04 3.59382E+05
 -1       208 5.83423E+05-4.72645E+05-3.98119E+05-1.40484E+05-5.28298E+04 2.71454E+05
 -1       209-1.80422E+04-1.00059E+05 1.92631E+05-1.67977E+06-2.53941E+04 2.36039E+05
 -1       210 3.35747E+05-4.34070E+05 1.01464E+05-6.87381E+05 4.92290E+04 1.45330E+05
 -1       211-5.26519E+05 3.57629E+05 1.13998E+05-9.25863E+05 8.31625E+04 1.53612E+05
 -1       212-5.57693E+05 6.50435E+05 2.15022E+05-6.85284E+05 6.41918E+04 1.27845E+04
 -1       213-5.31314E+06 5.99568E+04-4.93129E+04-2.35683E+06-1.75397E+05 5.87129E+05
 -1       214-7.92467E+06 1.16892E+05 6.43929E+04-1.75796E+06-3.95036E+05 4.74924E+05
 -1       215-1.12147E+06-5.79689E+05-2.42213E+05-2.41674E+06 1.61818E+05 5.46350E+05
 -1       216 3.64585E+05-1.03673E+05-1.50550E+05-3.00590E+06 4.53175E+04 4.53817E+05
 -1       217 3.74135E+05-3.67285E+05-7.11653E+04-4.64515E+05-4.82505E+01 3.12718E+05
 -1       218 4.54130E+05-4.46127E+05 2.71631E+04-1.08715E+05-8.09268E+02 2.92027E+05
 -1       219 1.37593E+06-2.52822E+05-1.04409E+05-8.65500E+05 2.42680E+04 6.11273E+05
 -1       220 1.67639E+06-5.79548E+04-3.58247E+04-1.95445E+06-2.56394E+04 9.04561E+05
 -1       221-2.50407E+05 2.12607E+05-2.98529E+04-1.46434E+06 7.85430E+03 5.71175E+05
 -1       222-5.03796E+05 5.46662E+04 1.30039E+05-1.86006E+06-2.20492E+04 2.98951E+05
 -1       223-1.26182E+06 1.52651E+05-2.10040E+04-1.67714E+06 4.51746E+04 5.30579E+05
 -1       224-1.06220E+06 2.59997E+04 6.82574E+04-2.63920E+06-2.49747E+04 7.03378E+05
 -1       225-3.00733E+06 1.90997E+05 1.10640E+05-2.02741E+06-8.01371E+04 6.55308E+05
 -1       226-3.92771E+06-1.03799E+05-2.31354E+05-2.67317E+06-4.18739E+04 1.24772E+06
 -1       227-2.31140E+06-3.39187E+04-7.67914E+04-2.46670E+06-1.61343E+05 1.04224E+06
 -1       228-3.94841E+05-2.18423E+05 7.34620E+04-3.40304E+06-8.45867E+04 6.69458E+05
 -1       229 1.13313E+06 3.13525E+05 8.78618E+04-3.04153E+06 2.14191E+04 7.33041E+05
 -1       230-3.92873E+05-1.15317E+05 5.46501E+04-3.04466E+06 6.42197E+04 1.23566E+06
 -1       231 1.57223E+06-1.14747E+05 6.88618E+04-1.59780E+06 8.07284E+03 9.64002E+05
 -1       232 2.67239E+05-1.33820E+05-5.92003E+04-2.07002E+06-3.58579E+04 8.12401E+05
 -1       233 2.68745E+06-1.57654E+05 5.72921E+04-1.81224E+06-8.06611E+03 1.20963E+06
 -1       234-2.88284E+06 1.14008E+04-1.87614E+05-2.02957E+06 1.24941E+05 1.06380E+06
 -1       235 3.17573E+06-5.89542E+04-2.32990E+04-2.01674E+06 8.84101E+04 6.81614E+05
 -1       236 1.48529E+06-1.82590E+05-2.77375E+04-3.06286E+06 1.04072E+05 8.62960E+05
 -1       237 5.93625E+05 1.95826E+05 1.67640E+05-3.11709E+06-1.97059E+04 1.16892E+06
 -1       238 1.17875E+04-2.59346E+05-9.61068E+03-3.22705E+06-4.74250E+04 1.26277E+06
 -1       239-2.93929E+05 5.12354E+05-6.78274E+04-7.34637E+05-9.11619E+03 1.03824E+05
 -1       240-9.97771E+04 5.42656E+04-2.86651E+04-1.42236E+06-8.71368E+04 2.96640E+05
 -1       241-3.68688E+05 4.66647E+05-1.08552E+05-1.04985E+06-3.66143E+04 3.81646E+05
 -1       242-6.46041E+05 9.01967E+04 4.03923E+02-1.78904E+06-5.70604E+04 4.93278E+05
 -1       243-3.49554E+05 3.17826E+05-8.05179E+04-1.37915E+05-4.96651E+04 3.39170E+05
 -1       244-4.85194E+05 1.37488E+05 1.13146E+05-7.74240E+05 7.50784E+04 5.01873E+05
 -1       245-8.02585E+05 2.71730E+04 5.64194E+04-1.13554E+06 3.26704E+04 7.16809E+05
 -1       246-6.06836E+05 9.64508E+04 5.26072E+04-7.32310E+05-2.04417E+04 3.35069E+05
 -1       247-1.31585E+06 1.86828E+05-3.21409E+04-1.60468E+06 2.21017E+03 7.55526E+05
 -1       248 3.90049E+06-1.25459E+05 1.46645E+05-1.70169E+06-1.51292E+05 5.59161E+05
 -1       249 4.16455E+06-1.94813E+05 3.06681E+05-2.00763E+06 8.96467E+04 9.10887E+05
 -1       250 6.53963E+05-1.95399E+05 8.28168E+04-2.87802E+06-1.98160E+05 7.79694E+05
 -1       251 2.19296E+06 3.01864E+04 1.78550E+05-1.93113E+06 3.63912E+03 8.52108E+05
 -1       252 4.74276E+06 1.95199E+05 5.23683E+05-1.59178E+06 1.04925E+04 5.84586E+05
 -1       253 5.90912E+06 1.02065E+06 1.60176E+06-2.72613E+06 8.73328E+04 9.72223E+05
 -1       254 1.59881E+06 6.32888E+05 3.94486E+05-2.83793E+06-2.57682E+04 8.69666E+05
 -1       255 1.28594E+06 8.01106E+05 3.26707E+05-2.50469E+06-1.66845E+05 4.96638E+05
 -1       256-1.30169E+06-3.61048E+05-3.07251E+05-2.76624E+06-9.29614E+04 9.82322E+05
 -1       257 4.79042E+06-6.39057E+04 3.83445E+05-2.15431E+06 7.66706E+04 1.18355E+06
 -1       258-1.38601E+06 3.19151E+04 8.70687E+04-1.07729E+06 3.38902E+04 7.13832E+05
 -1       259-1.56498E+06-6.85092E+05-5.80097E+05-3.07897E+06-2.14450E+05 1.05484E+06
 -1       260 7.81099E+06 1.04183E+06 1.76967E+06-2.01462E+06 1.21669E+05 1.35074E+06
 -1       261 6.00478E+06 1.63433E+06 1.01905E+06-2.68498E+06 1.34992E+05 9.76354E+05
 -1       262 6.24907E+05-6.25814E+05-2.21852E+05-6.96431E+05-8.22246E+04-5.87315E+02
 -1       263-1.32481E+06 2.34895E+05 2.00384E+05-7.19123E+05 3.94069E+04 2.15403E+05
 -1       264-5.75138E+06-1.36228E+06-7.21581E+05-2.65953E+06-1.54196E+05 7.16146E+05
 -1       265-3.61498E+06 4.38554E+04 2.47273E+04-1.64638E+06 2.22515E+05 5.77135E+05
 -1       266-7.59484E+06-8.95063E+05-1.58714E+06-1.94163E+06-9.06212E+04 1.44045E+06
 -1       267 7.26644E+05-1.55287E+05 3.56938E+04-7.57347E+05 4.91240E+04 3.25739E+05
 -1       268 8.45968E+06 3.68415E+05 4.84034E+05-1.99252E+06 2.13505E+05 8.28722E+05
 -1       269-6.26175E+05 4.58802E+05 3.75813E+05-1.51095E+05 6.17929E+04 2.30891E+05
 -1       270 5.31909E+05-3.22764E+05-1.12744E+05-8.98827E+05-8.36104E+04 1.23066E+05
 -1       271 3.06038E+06 7.34292E+05 2.64699E+05-2.83504E+06-2.63956E+03 8.25381E+05
 -1       272 3.67147E+06 8.50807E+04 1.68018E+05-2.82530E+06 1.31772E+05 9.28916E+05
 -1       273-1.76856E+06 1.74370E+05-6.73759E+04-2.25415E+06 1.27384E+05 6.55291E+05
 -1       274-2.52901E+06 2.87282E+05 1.62843E+05-9.45604E+05-3.56503E+03 5.48197E+05
 -1       275-5.91332E+05 2.45726E+05 2.47043E+05-4.70549E+05 6.89723E+04 2.88718E+05
 -1       276-4.33695E+06-5.25185E+04-5.04219E+05-2.17120E+06 2.52346E+05 1.21169E+06
 -1       277 4.78439E+05-4.05253E+04 1.37014E+05-1.76434E+06-5.92835E+04 4.65208E+05
 -1       278 5.76914E+06 7.40377E+04 1.51983E+05-1.61793E+06 9.53063E+04 8.43821E+05
 -1       279-3.46458E+06-8.02735E+05-7.11151E+05-3.06145E+06-2.20181E+05 7.98704E+05
 -1       280 4.40431E+06 3.36283E+05 5.78907E+05-2.27168E+06-7.68683E+04 1.10648E+06
 -3
    1PSTEP                         6           1           1          
    1PGM                1.000000E+00                                  
    1PGK                1.164766E+11                                  
    1PHID                         -1                                  
    1PSUBC                         0                                  
    1PMODE                         2                                  
  100CL  102 54317.45420         280                     2    2MODAL      1
 -4  ERROR       1    1
 -5  STR(%)      1    1    0    0
 -1         1 2.65710E+01
 -1         2 1.68486E+01
 -1         3 1.67558E+01
 -1         4 2.72940E+01
 -1         5 2.54081E+01
 -1         6 3.16982E+01
 -1         7 3.21773E+01
 -1         8 2.64651E+01
 -1         9 2.09493E+01
 -1        10 2.37602E+01
 -1        11 1.88990E+01
 -1        12 2.65710E+01
 -1        13 2.65710E+01
 -1        14 2.16634E+01
 -1        15 2.20886E+01
 -1        16 1.94222E+01
 -1        17 2.46913E+01
 -1        18 2.72940E+01
 -1        19 2.20713E+01
 -1        20 2.72940E+01
 -1        21 3.16982E+01
 -1        22 2.85532E+01
 -1        23 3.16982E+01
 -1        24 2.71417E+01
 -1        25 2.62749E+01
 -1        26 2.96595E+01
 -1        27 3.21773E+01
 -1        28 3.21773E+01
 -1        29 2.93212E+01
 -1        30 2.78554E+01
 -1        31 2.97768E+01
 -1        32 2.71603E+01
 -1        33 2.54081E+01
 -1        34 2.59896E+01
 -1        35 2.54081E+01
 -1        36 2.58449E+01
 -1        37 2.13468E+01
 -1        38 2.87716E+01
 -1        39 2.58620E+01
 -1        40 2.13089E+01
 -1        41 2.90197E+01
 -1        42 2.47110E+01
 -1        43 2.60025E+01
 -1        44 2.55880E+01
 -1        45 2.20886E+01
 -1        46 2.09493E+01
 -1        47 2.65710E+01
 -1        48 2.72940E+01
 -1        49 2.20886E+01
 -1        50 1.88990E+01
 -1        51 2.09493E+01
 -1        52 2.15190E+01
 -1        53 2.15190E+01
 -1        54 2.37602E+01
 -1        55 2.65710E+01
 -1        56 2.43298E+01
 -1        57 2.65710E+01
 -1        58 2.43298E+01
 -1        59 2.43298E+01
 -1        60 1.94222E+01
 -1        61 2.20886E+01
 -1        62 2.41216E+01
 -1        63 2.46913E+01
 -1        64 2.46913E+01
 -1        65 2.72940E+01
 -1        66 2.46913E+01
 -1        67 2.20886E+01
 -1        68 2.72940E+01
 -1        69 2.20886E+01
 -1        70 2.55465E+01
 -1        71 3.16982E+01
 -1        72 2.64651E+01
 -1        73 3.21773E+01
 -1        74 2.48446E+01
 -1        75 2.71603E+01
 -1        76 2.64651E+01
 -1        77 2.93212E+01
 -1        78 2.67010E+01
 -1        79 2.60058E+01
 -1        80 2.88619E+01
 -1        81 2.96595E+01
 -1        82 3.21773E+01
 -1        83 3.21773E+01
 -1        84 2.88619E+01
 -1        85 2.63441E+01
 -1        86 2.59932E+01
 -1        87 2.51264E+01
 -1        88 2.82714E+01
 -1        89 2.51956E+01
 -1        90 2.86224E+01
 -1        91 2.97768E+01
 -1        92 3.16982E+01
 -1        93 2.86224E+01
 -1        94 3.16982E+01
 -1        95 2.17283E+01
 -1        96 3.16982E+01
 -1        97 2.54081E+01
 -1        98 1.58176E+01
 -1        99 2.09493E+01
 -1       100 2.11943E+01
 -1       101 1.83835E+01
 -1       102 2.13388E+01
 -1       103 1.87730E+01
 -1       104 2.13388E+01
 -1       105 2.09493E+01
 -1       106 1.88990E+01
 -1       107 2.67133E+01
 -1       108 2.87716E+01
 -1       109 2.37866E+01
 -1       110 2.67133E+01
 -1       111 3.16982E+01
 -1       112 3.16982E+01
 -1       113 2.35682E+01
 -1       114 2.85532E+01
 -1       115 2.35682E+01
 -1       116 2.54081E+01
 -1       117 2.54081E+01
 -1       118 2.06129E+01
 -1       119 2.33971E+01
 -1       120 2.42245E+01
 -1       121 3.21773E+01
 -1       122 2.20886E+01
 -1       123 2.47110E+01
 -1       124 1.73018E+01
 -1       125 2.47110E+01
 -1       126 2.44677E+01
 -1       127 2.44677E+01
 -1       128 2.55880E+01
 -1       129 2.10064E+01
 -1       130 2.07631E+01
 -1       131 2.22979E+01
 -1       132 2.90197E+01
 -1       133 2.50432E+01
 -1       134 2.82009E+01
 -1       135 3.21773E+01
 -1       136 3.21773E+01
 -1       137 2.82009E+01
 -1       138 2.20886E+01
 -1       139 2.31566E+01
 -1       140 2.31566E+01
 -1       141 1.94222E+01
 -1       142 2.39753E+01
 -1       143 2.84441E+01
 -1       144 1.96952E+01
 -1       145 1.71692E+01
 -1       146 1.86627E+01
 -1       147 2.71417E+01
 -1       148 2.54081E+01
 -1       149 2.65710E+01
 -1       150 2.65710E+01
 -1       151 2.65710E+01
 -1       152 2.18701E+01
 -1       153 2.26168E+01
 -1       154 1.79159E+01
 -1       155 2.18701E+01
 -1       156 1.77093E+01
 -1       157 2.59896E+01
 -1       158 2.22624E+01
 -1       159 2.15156E+01
 -1       160 2.65019E+01
 -1       161 2.21554E+01
 -1       162 2.96595E+01
 -1       163 2.71417E+01
 -1       164 2.21554E+01
 -1       165 2.62749E+01
 -1       166 2.12886E+01
 -1       167 2.54081E+01
 -1       168 2.12886E+01
 -1       169 2.54081E+01
 -1       170 2.26354E+01
 -1       171 2.64651E+01
 -1       172 2.78554E+01
 -1       173 2.72940E+01
 -1       174 1.68486E+01
 -1       175 2.60025E+01
 -1       176 2.72940E+01
 -1       177 2.49647E+01
 -1       178 2.36732E+01
 -1       179 2.55880E+01
 -1       180 2.64651E+01
 -1       181 2.45502E+01
 -1       182 2.68502E+01
 -1       183 2.52454E+01
 -1       184 2.42402E+01
 -1       185 2.97768E+01
 -1       186 2.78554E+01
 -1       187 2.52454E+01
 -1       188 2.72940E+01
 -1       189 2.49647E+01
 -1       190 2.13468E+01
 -1       191 1.97420E+01
 -1       192 1.68486E+01
 -1       193 2.20713E+01
 -1       194 2.71603E+01
 -1       195 2.12620E+01
 -1       196 2.41653E+01
 -1       197 2.11943E+01
 -1       198 2.41496E+01
 -1       199 1.99915E+01
 -1       200 2.29468E+01
 -1       201 2.53682E+01
 -1       202 2.46732E+01
 -1       203 2.96595E+01
 -1       204 2.81713E+01
 -1       205 2.56535E+01
 -1       206 2.06672E+01
 -1       207 2.88619E+01
 -1       208 3.21773E+01
 -1       209 2.45502E+01
 -1       210 2.64651E+01
 -1       211 2.67010E+01
 -1       212 2.97768E+01
 -1       213 2.17924E+01
 -1       214 1.88990E+01
 -1       215 2.65710E+01
 -1       216 2.18701E+01
 -1       217 2.51287E+01
 -1       218 2.55880E+01
 -1       219 2.48855E+01
 -1       220 2.41949E+01
 -1       221 2.48559E+01
 -1       222 2.40910E+01
 -1       223 2.60104E+01
 -1       224 2.34004E+01
 -1       225 2.21818E+01
 -1       226 2.11056E+01
 -1       227 2.14951E+01
 -1       228 2.19487E+01
 -1       229 1.96289E+01
 -1       230 2.31270E+01
 -1       231 2.29865E+01
 -1       232 2.34042E+01
 -1       233 2.27432E+01
 -1       234 2.19085E+01
 -1       235 2.06968E+01
 -1       236 1.92156E+01
 -1       237 2.16753E+01
 -1       238 2.27136E+01
 -1       239 2.51264E+01
 -1       240 2.56535E+01
 -1       241 2.45050E+01
 -1       242 2.47867E+01
 -1       243 2.51264E+01
 -1       244 2.79318E+01
 -1       245 2.47867E+01
 -1       246 2.54081E+01
 -1       247 2.47867E+01
 -1       248 2.22979E+01
 -1       249 1.92819E+01
 -1       250 2.42780E+01
 -1       251 2.29865E+01
 -1       252 2.22979E+01
 -1       253 2.16753E+01
 -1       254 2.42780E+01
 -1       255 2.72940E+01
 -1       256 2.42780E+01
 -1       257 2.16753E+01
 -1       258 2.79318E+01
 -1       259 2.11056E+01
 -1       260 2.20886E+01
 -1       261 2.03757E+01
 -1       262 2.96595E+01
 -1       263 2.97768E+01
 -1       264 1.88990E+01
 -1       265 2.11943E+01
 -1       266 2.09493E+01
 -1       267 2.55880E+01
 -1       268 2.03757E+01
 -1       269 3.16982E+01
 -1       270 2.63441E+01
 -1       271 2.03757E+01
 -1       272 1.99623E+01
 -1       273 1.64934E+01
 -1       274 2.47919E+01
 -1       275 2.86224E+01
 -1       276 2.15190E+01
 -1       277 2.36732E+01
 -1       278 2.14436E+01
 -1       279 2.17924E+01
 -1       280 2.20886E+01
 -3
    1PSTEP                         7           1           1          
    1PGM                1.000000E+00                                  
    1PGK                2.160154E+11                                  
    1PHID                         -1                                  
    1PSUBC                         0                                  
    1PMODE                         3                                  
  100CL  103 73971.17360         280                     2    3MODAL      1
 -4  DISP        4    1
 -5  D1          1    2    1    0
 -5  D2          1    2    2    0
 -5  D3          1    2    3    0
 -5  ALL         1    2    0    0    1ALL
 -1         1 0.00000E+00 0.00000E+00 0.00000E+00
 -1         2 0.00000E+00 0.00000E+00 0.00000E+00
 -1         3 0.00000E+00 0.00000E+00 0.00000E+00
 -1         4 0.00000E+00 0.00000E+00 0.00000E+00
 -1         5 5.89131E-01 6.43674E+02-6.42623E+02
 -1         6-3.55860E+00-6.42688E+02-6.38653E+02
 -1         7 3.04572E+00 6.39800E+02 6.43410E+02
 -1         8-3.65441E+00-6.42332E+02 6.45581E+02
 -1         9 0.00000E+00 0.00000E+00 0.00000E+00
 -1        10 0.00000E+00 0.00000E+00 0.00000E+00
 -1        11 0.00000E+00 0.00000E+00 0.00000E+00
 -1        12 0.00000E+00 0.00000E+00 0.00000E+00
 -1        13 0.00000E+00 0.00000E+00 0.00000E+00
 -1        14 0.00000E+00 0.00000E+00 0.00000E+00
 -1        15 0.00000E+00 0.00000E+00 0.00000E+00
 -1        16 0.00000E+00 0.00000E+00 0.00000E+00
 -1        17 0.00000E+00 0.00000E+00 0.00000E+00
 -1        18 0.00000E+00 0.00000E+00 0.00000E+00
 -1        19 0.00000E+00 0.00000E+00 0.00000E+00
 -1        20 0.00000E+00 0.00000E+00 0.00000E+00
 -1        21-1.80257E+00-7.71595E-01-6.19985E+02
 -1        22 2.00990E+01 3.25909E+02-6.25475E+02
 -1        23-2.03602E+01-3.24877E+02-6.23823E+02
 -1        24 1.87256E+00 6.20871E+02 1.29693E+00
 -1        25-1.93451E+01 6.26496E+02-3.25002E+02
 -1        26 2.02033E+01 6.24826E+02 3.25237E+02
 -1        27-1.54796E+00 1.97278E+00 6.18114E+02
 -1        28-1.98397E+01 3.23273E+02 6.27004E+02
 -1        29 1.92580E+01-3.22387E+02 6.27913E+02
 -1        30 5.14285E+00-6.15885E+02-4.00514E+00
 -1        31 2.06940E+01-6.26249E+02-3.22940E+02
 -1        32-1.98818E+01-6.25696E+02 3.22050E+02
 -1        33 4.20211E+00 4.34082E+02-4.35190E+02
 -1        34-3.88089E-01 2.21736E+02-2.23038E+02
 -1        35 1.16754E+00 5.76124E+02-5.75277E+02
 -1        36-2.95973E+00-4.35517E+02-4.38633E+02
 -1        37 7.70971E-01-2.25312E+02-2.25637E+02
 -1        38-3.41313E+00-5.73163E+02-5.73283E+02
 -1        39 2.93675E+00 4.38940E+02 4.36645E+02
 -1        40-7.05632E-01 2.24811E+02 2.25342E+02
 -1        41 3.11912E+00 5.74096E+02 5.74447E+02
 -1        42-1.83914E+00-4.39933E+02 4.43459E+02
 -1        43-4.15008E-01-2.23204E+02 2.23437E+02
 -1        44-2.33025E+00-5.74188E+02 5.74401E+02
 -1        45 0.00000E+00 0.00000E+00 0.00000E+00
 -1        46 0.00000E+00 0.00000E+00 0.00000E+00
 -1        47 0.00000E+00 0.00000E+00 0.00000E+00
 -1        48 0.00000E+00 0.00000E+00 0.00000E+00
 -1        49 0.00000E+00 0.00000E+00 0.00000E+00
 -1        50 0.00000E+00 0.00000E+00 0.00000E+00
 -1        51 0.00000E+00 0.00000E+00 0.00000E+00
 -1        52 0.00000E+00 0.00000E+00 0.00000E+00
 -1        53 0.00000E+00 0.00000E+00 0.00000E+00
 -1        54 0.00000E+00 0.00000E+00 0.00000E+00
 -1        55 0.00000E+00 0.00000E+00 0.00000E+00
 -1        56 0.00000E+00 0.00000E+00 0.00000E+00
 -1        57 0.00000E+00 0.00000E+00 0.00000E+00
 -1        58 0.00000E+00 0.00000E+00 0.00000E+00
 -1        59 0.00000E+00 0.00000E+00 0.00000E+00
 -1        60 0.00000E+00 0.00000E+00 0.00000E+00
 -1        61 0.00000E+00 0.00000E+00 0.00000E+00
 -1        62 0.00000E+00 0.00000E+00 0.00000E+00
 -1        63 0.00000E+00 0.00000E+00 0.00000E+00
 -1        64 0.00000E+00 0.00000E+00 0.00000E+00
 -1        65 0.00000E+00 0.00000E+00 0.00000E+00
 -1        66 0.00000E+00 0.00000E+00 0.00000E+00
 -1        67 0.00000E+00 0.00000E+00 0.00000E+00
 -1        68 0.00000E+00 0.00000E+00 0.00000E+00
 -1        69 0.00000E+00 0.00000E+00 0.00000E+00
 -1        70 1.95789E-01 6.31660E+00-6.94473E+00
 -1        71 1.00697E+00-3.15763E+02-3.14162E+02
 -1        72-1.65769E+00-3.12573E+02 3.17343E+02
 -1        73-4.14466E-01 3.14896E+02 3.16083E+02
 -1        74 9.26193E-02 3.12818E+02-3.11933E+02
 -1        75-6.52685E+00-4.63197E+02 1.57613E+02
 -1        76-1.44069E+00-4.76711E+02 4.80447E+02
 -1        77 7.18560E+00-1.59248E+02 4.66410E+02
 -1        78-2.15884E-01-3.05712E+02-4.33717E+00
 -1        79-1.87026E+00-1.51908E+02 1.54307E+02
 -1        80-1.76581E-01 3.49833E+00 3.07160E+02
 -1        81 6.98395E+00 4.64113E+02 1.62084E+02
 -1        82 9.14502E-01 4.76887E+02 4.79835E+02
 -1        83-8.38646E+00 1.61919E+02 4.65960E+02
 -1        84-6.14498E-01 1.58136E+02 1.53938E+02
 -1        85-1.64740E+00 3.08278E+02-5.68876E-03
 -1        86-4.41367E+00 4.64017E+02-1.59972E+02
 -1        87 3.93785E-01 4.79519E+02-4.78414E+02
 -1        88 4.56162E+00 1.60684E+02-4.63135E+02
 -1        89 2.26264E-02 1.55653E+02-1.55363E+02
 -1        90 1.86371E+00 2.36929E-01-3.07817E+02
 -1        91 9.39793E+00-4.64879E+02-1.62091E+02
 -1        92-7.69928E-01-4.79397E+02-4.75980E+02
 -1        93 1.41870E+00-1.53905E+02-1.57911E+02
 -1        94-6.82412E+00-1.61729E+02-4.63296E+02
 -1        95-9.98386E+00 1.09165E-01-4.30408E+02
 -1        96-2.64314E+01-2.89280E+02-5.72044E+02
 -1        97 3.47387E+01 2.88690E+02-5.71709E+02
 -1        98 5.14013E+01 1.11434E+02-2.24792E+02
 -1        99-3.80493E+01-1.09901E+02-2.28254E+02
 -1       100 3.89222E+01 7.88609E+01-1.07402E+02
 -1       101 2.01874E+01 2.80685E+01-1.20122E+02
 -1       102-3.54804E+00-1.92888E-01-2.30196E+02
 -1       103 3.01752E+01 8.42458E+01-3.31924E+02
 -1       104-3.04857E+01-8.02560E+01-3.34524E+02
 -1       105-1.82265E+01-2.83375E+01-1.19173E+02
 -1       106-3.59508E+01-7.96570E+01-1.09677E+02
 -1       107-2.21221E+01-1.30955E+02-5.09297E+02
 -1       108-3.22548E+01-3.84893E+02-5.15163E+02
 -1       109-4.60351E+01-2.14174E+02-4.32756E+02
 -1       110-1.45437E+00 1.24310E+00-5.64518E+02
 -1       111-1.60006E+01-1.54262E+02-6.05033E+02
 -1       112-2.09313E+01-4.63497E+02-6.12975E+02
 -1       113 2.49723E+01 1.27619E+02-5.07488E+02
 -1       114 1.73651E+01 1.56552E+02-6.05505E+02
 -1       115 4.49093E+01 2.16231E+02-4.30055E+02
 -1       116 3.39093E+01 3.84707E+02-5.14120E+02
 -1       117 2.17823E+01 4.64388E+02-6.15546E+02
 -1       118 4.33251E+01 2.53248E+02-3.33900E+02
 -1       119-3.91078E+01-2.51874E+02-3.37368E+02
 -1       120-1.21027E+01-8.36237E-01 4.33766E+02
 -1       121-2.72460E+01 2.90210E+02 5.70922E+02
 -1       122-3.65930E+01 1.09087E+02 2.26546E+02
 -1       123 3.12636E+01-2.90378E+02 5.70115E+02
 -1       124 5.32747E+01-1.14926E+02 2.27575E+02
 -1       125 2.96485E+01-3.86151E+02 5.15925E+02
 -1       126 1.94719E+01-1.31282E+02 5.06254E+02
 -1       127 4.42434E+01-2.16330E+02 4.33116E+02
 -1       128 1.85414E+01-4.63189E+02 6.15782E+02
 -1       129 4.76938E+01-2.53694E+02 3.36792E+02
 -1       130 3.08660E+01-8.47753E+01 3.37503E+02
 -1       131 4.01529E+01-7.92288E+01 1.08067E+02
 -1       132-2.93788E+01 3.86908E+02 5.13883E+02
 -1       133-4.55302E+01 2.18893E+02 4.33595E+02
 -1       134-2.55849E+01 1.33213E+02 5.08238E+02
 -1       135-1.78224E+01 4.62808E+02 6.15249E+02
 -1       136-1.74115E+01 1.54354E+02 6.05160E+02
 -1       137-4.01630E+00 1.65549E-02 5.64641E+02
 -1       138-1.73047E+01 2.82588E+01 1.18250E+02
 -1       139-2.89068E+00 5.30934E-01 2.32410E+02
 -1       140-2.95816E+01 8.16972E+01 3.34526E+02
 -1       141-3.63268E+01 7.95826E+01 1.10301E+02
 -1       142-4.42574E+01 2.49099E+02 3.34774E+02
 -1       143 1.63179E+01-1.52838E+02 6.05066E+02
 -1       144 2.27773E+01-2.94612E+01 1.19771E+02
 -1       145 9.85343E+00 4.30844E+02 3.60011E-01
 -1       146 3.93238E+01 2.28978E+02 1.09582E+02
 -1       147 2.62971E+01 5.72683E+02 2.90072E+02
 -1       148-3.40888E+01 5.72541E+02-2.88041E+02
 -1       149-4.87972E+01 2.25598E+02-1.10784E+02
 -1       150-1.90837E+01 1.20451E+02-2.79145E+01
 -1       151-3.95755E+01 1.07987E+02-8.06992E+01
 -1       152 4.28521E+00 2.30568E+02-3.77612E-01
 -1       153 1.86630E+01 1.19317E+02 2.82157E+01
 -1       154 3.11329E+01 3.34941E+02 8.03281E+01
 -1       155-2.84857E+01 3.33112E+02-8.33519E+01
 -1       156 3.60398E+01 1.09865E+02 7.91473E+01
 -1       157-4.75369E+01 3.32343E+02-2.48411E+02
 -1       158 4.01965E+01 3.37208E+02 2.52351E+02
 -1       159 4.60588E+01 4.33146E+02 2.15162E+02
 -1       160 3.22307E+01 5.15683E+02 3.86003E+02
 -1       161 2.20239E+01 5.09834E+02 1.31665E+02
 -1       162 2.06506E+01 6.13933E+02 4.64336E+02
 -1       163 1.59771E+01 6.05836E+02 1.54860E+02
 -1       164 1.39633E+00 5.65234E+02-6.69691E-01
 -1       165-1.69424E+01 6.06297E+02-1.55883E+02
 -1       166-2.49240E+01 5.08145E+02-1.27019E+02
 -1       167-3.10429E+01 5.14760E+02-3.84050E+02
 -1       168-4.32315E+01 4.29089E+02-2.20643E+02
 -1       169-2.06949E+01 6.16566E+02-4.63445E+02
 -1       170 7.66821E+00-4.33449E+02-1.43908E+00
 -1       171-2.86370E+01-5.68335E+02 2.89359E+02
 -1       172 2.69808E+01-5.69511E+02-2.89545E+02
 -1       173-5.32560E+01-2.27147E+02 1.15078E+02
 -1       174 4.78714E+01-2.25898E+02-1.09848E+02
 -1       175-4.80383E+01-3.36268E+02 2.55306E+02
 -1       176-4.02297E+01-1.07949E+02 7.92406E+01
 -1       177-3.17759E+01-3.36536E+02 8.47834E+01
 -1       178-4.23920E+01-4.35795E+02 2.15776E+02
 -1       179-3.32109E+01-5.13983E+02 3.87946E+02
 -1       180-2.18683E+01-6.14803E+02 4.63233E+02
 -1       181-1.87895E+01-5.07093E+02 1.33831E+02
 -1       182 2.92369E+01-5.12592E+02-3.86506E+02
 -1       183 2.38694E+01-5.07017E+02-1.33583E+02
 -1       184 4.47408E+01-4.32632E+02-2.19519E+02
 -1       185 1.75737E+01-6.14065E+02-4.62059E+02
 -1       186 1.93006E+01-6.04248E+02-1.53988E+02
 -1       187 5.70549E+00-5.64523E+02 6.47618E-01
 -1       188-2.31668E+01-1.19168E+02 2.93156E+01
 -1       189 6.11226E-01-2.30776E+02 5.49324E-01
 -1       190 4.55020E+01-3.34665E+02-2.49203E+02
 -1       191 3.30087E+01-3.33384E+02-8.35695E+01
 -1       192 3.95236E+01-1.09533E+02-7.99930E+01
 -1       193 1.96006E+01-1.19789E+02-2.73967E+01
 -1       194-1.40881E+01-6.04619E+02 1.53399E+02
 -1       195 2.86649E-01-8.11849E+01 8.13787E+01
 -1       196 1.09372E-02 1.26103E+02-1.26031E+02
 -1       197 9.38400E+00 5.19472E+01-8.60871E+01
 -1       198 7.42984E+00 5.49461E+01-1.71920E+02
 -1       199 7.99645E+00 1.43963E+02-2.38589E+02
 -1       200-1.24666E-01 5.89321E+01-2.95216E+02
 -1       201-9.08910E-01 1.05658E+02-1.06161E+02
 -1       202 8.20358E+00 3.84286E+02 2.57369E+02
 -1       203 2.14353E+00 4.31365E+02 4.32038E+02
 -1       204-9.41448E-01 2.02983E+02 2.03666E+02
 -1       205 5.33193E+00 3.40010E+02 6.88080E+01
 -1       206 7.19082E-01 2.95083E+02-5.80237E+01
 -1       207-4.32662E+00 1.54896E+02 3.06404E+02
 -1       208-1.02566E+01 3.07331E+02 4.58665E+02
 -1       209-8.08700E+00-4.23647E+02 1.44101E+02
 -1       210-1.03202E+01-4.57765E+02 3.06293E+02
 -1       211 5.10466E+00-3.06170E+02-1.54215E+02
 -1       212 1.05852E+01-4.57830E+02-3.06545E+02
 -1       213 8.51866E+00-2.49993E+02-1.66968E+02
 -1       214 1.00587E+00-1.69261E+02-1.67815E+02
 -1       215-6.43303E+00 8.52526E+01-5.35990E+01
 -1       216-5.23796E+00 1.72891E+02-5.53137E+01
 -1       217 2.94870E+00-1.52305E+02 3.06681E+02
 -1       218 1.01391E+01-3.07237E+02 4.59583E+02
 -1       219-3.62301E-01 5.62876E-01 2.83912E+02
 -1       220 1.26531E-01 5.60849E+01 1.75008E+02
 -1       221-1.69217E-01 7.48841E+01-7.44774E+01
 -1       222 1.78464E+00-2.83582E+02 9.19782E-01
 -1       223 1.39698E+00-2.02935E+02-2.02139E+02
 -1       224-2.43983E-02-1.74407E+02-5.58433E+01
 -1       225 5.82599E-01-2.14481E+02-2.17231E+02
 -1       226-6.41843E-01-1.04945E+02-1.05282E+02
 -1       227 2.02668E+00-4.70185E+01-1.42837E+02
 -1       228-7.17159E-01-2.40971E+02 4.81798E+01
 -1       229 1.40711E+00 1.15851E+02-1.83377E+00
 -1       230 5.14441E-02 3.66103E+01-3.66492E+01
 -1       231 7.71865E+00-1.78902E+02 2.93889E+02
 -1       232-7.70391E-01-6.90519E+01 6.96543E+01
 -1       233 2.76500E-01-4.84945E+01 2.41330E+02
 -1       234-1.32672E+00 1.72331E+00-1.15761E+02
 -1       235-9.82428E-01 2.17125E+02 2.15112E+02
 -1       236-1.59675E+00 1.42747E+02 4.74294E+01
 -1       237 1.01500E-01-2.12532E+01 2.13020E+01
 -1       238 1.85852E-01 1.08176E+00-9.06934E-01
 -1       239-8.76781E+00 4.57554E+02-3.08953E+02
 -1       240-1.95708E+00 3.66296E+02-7.49747E+01
 -1       241-3.26705E-02 2.22125E+02-2.21601E+02
 -1       242-7.13455E+00 3.39547E+02-2.04627E+02
 -1       243 9.20068E+00 3.09729E+02-4.56675E+02
 -1       244 2.12979E+00 7.54614E+01-3.65697E+02
 -1       245 6.80965E+00 2.04928E+02-3.39307E+02
 -1       246 3.11400E-01 4.32932E+02-4.31807E+02
 -1       247-5.88872E-01 2.97291E+02-2.95868E+02
 -1       248-8.72305E-02-1.68161E+02 1.68633E+02
 -1       249 6.92463E+00-1.04980E+02 1.78241E+02
 -1       250-6.67319E+00-1.77955E+02 1.05166E+02
 -1       251-7.29186E-01-2.42255E+02 2.44573E+02
 -1       252 5.37972E+00-5.15520E+01 8.48528E+01
 -1       253 1.26806E+00-2.02715E+01 1.10416E+02
 -1       254 1.10500E-01-6.46702E+01 6.46994E+01
 -1       255-5.30079E+00-8.47849E+01 5.14720E+01
 -1       256-1.08155E+00-1.10555E+02 2.01090E+01
 -1       257-7.41940E+00 3.57074E+01 1.77684E+02
 -1       258-4.89278E+00-6.81856E+01-3.39536E+02
 -1       259 2.46653E+00-6.55578E+01-2.14662E+01
 -1       260-6.57934E+00 5.28919E+01 8.29883E+01
 -1       261 6.78338E+00 8.34344E+01 5.25098E+01
 -1       262 9.29060E+00 4.56516E+02 3.08895E+02
 -1       263-2.20881E+00-4.30931E+02-4.30762E+02
 -1       264 5.22008E+00-8.50596E+01-5.23946E+01
 -1       265-1.13551E+00 1.67979E+02-1.68072E+02
 -1       266-7.86363E+00-5.26310E+01-8.43725E+01
 -1       267-2.72931E+00-4.30554E+02 4.30296E+02
 -1       268-5.56298E-01 1.66445E+02 1.69146E+02
 -1       269-9.11683E+00-3.08278E+02-4.55663E+02
 -1       270 1.97518E+00 3.03041E+02 1.52836E+02
 -1       271 2.37488E+00 5.98968E+01 2.52089E+01
 -1       272 6.77758E-01 1.04753E+02 1.05169E+02
 -1       273-1.42953E+01 2.48067E+02-1.65911E+02
 -1       274-8.05014E+00-2.56412E+02-3.83901E+02
 -1       275-1.59992E+00-1.52354E+02-3.02341E+02
 -1       276-1.09269E+00-2.62832E+01-5.94409E+01
 -1       277-1.10753E+01-3.81443E+02 2.59555E+02
 -1       278-1.03884E+01 1.66861E+02 2.51470E+02
 -1       279 7.31787E+00-1.72170E+02-5.46706E+01
 -1       280-1.30923E+00 2.74729E+01 5.88486E+01
 -3
    1PSTEP                         8           1           1          
    1PGM                1.000000E+00                                  
    1PGK                2.160154E+11                                  
    1PHID                         -1                                  
    1PSUBC                         0                                  
    1PMODE                         3                                  
  100CL  103 73971.17360         280                     2    3MODAL      1
 -4  STRESS      6    1
 -5  SXX         1    4    1    1
 -5  SYY         1    4    2    2
 -5  SZZ         1    4    3    3
 -5  SXY         1    4    1    2
 -5  SYZ         1    4    2    3
 -5  SZX         1    4    3    1
 -1         1-1.91792E+05-3.18062E+05 3.92305E+05 4.83416E+06-8.24683E+04-4.92046E+06
 -1         2 2.33392E+05 3.74162E+05-2.44541E+05-4.99321E+06-2.99695E+04-4.96963E+06
 -1         3-1.74509E+05 2.52359E+05-2.54198E+05 4.96344E+06 5.88572E+04 5.01728E+06
 -1         4-2.70877E+04-3.35740E+05 2.72096E+05-4.77802E+06-8.59655E+03 4.77123E+06
 -1         5 3.33954E+02-6.58407E+05 6.61854E+05-3.93541E+05-1.83461E+03 3.93716E+05
 -1         6 3.65025E+04 6.06967E+05-6.13193E+05 3.66212E+05-2.51240E+04 3.26260E+05
 -1         7-4.67464E+04 6.16595E+05-6.19996E+05-3.29559E+05 2.46356E+04-3.78925E+05
 -1         8-1.44171E+04-6.11310E+05 5.22059E+05 3.05944E+05 3.96468E+04-2.94426E+05
 -1         9-7.91820E+05-3.26212E+05-2.38628E+05-1.99137E+05 3.18887E+04-7.96069E+06
 -1        10 7.19574E+06 3.08389E+06 3.08389E+06 3.15152E+06-7.64637E-01-7.08476E+06
 -1        11-7.57130E+06-3.24485E+06-3.24485E+06-3.26423E+06-1.47379E+00-7.05980E+06
 -1        12 9.08756E+05 2.73213E+05 3.53776E+05 7.96301E+06-3.25008E+04 1.74682E+05
 -1        13-7.37919E+06-3.16252E+06-3.16251E+06 7.11619E+06 8.63696E-01-3.27516E+06
 -1        14 7.54722E+06 3.23453E+06 3.23453E+06 7.05801E+06 1.90953E+00 3.23517E+06
 -1        15-1.32912E+05-4.71367E+04 1.75129E+04 1.78244E+05 4.76983E+04 8.01944E+06
 -1        16-7.61058E+06-3.26168E+06-3.26168E+06 3.27983E+06-1.88737E+00 7.09397E+06
 -1        17 7.81689E+06 3.35010E+06 3.35010E+06-3.15241E+06-1.40336E+00 7.01847E+06
 -1        18-5.09838E+05-1.86666E+05-1.63609E+05-7.90364E+06-7.98501E+04 2.70203E+04
 -1        19 7.57901E+06 3.24815E+06 3.24815E+06-7.16139E+06 1.10838E+00-3.22864E+06
 -1        20-7.91936E+06-3.39402E+06-3.39401E+06-6.98722E+06 1.27873E+00 3.13950E+06
 -1        21-5.90529E+04 2.32721E+04 1.60692E+04-2.15550E+05-2.38538E+05-1.52048E+06
 -1        22-1.66743E+05-2.72331E+05 7.73820E+05-2.98273E+05-3.42609E+05-4.01742E+05
 -1        23 2.33912E+05 2.93256E+05-5.88563E+05 6.02560E+04-2.57994E+05-4.26726E+05
 -1        24 5.26447E+04-1.77428E+04-2.75276E+04 1.51466E+06 2.24929E+05 2.10487E+05
 -1        25 1.43984E+05-7.86922E+05 2.73199E+05 3.91408E+05 3.36865E+05 2.85413E+05
 -1        26-2.38004E+05 5.96269E+05-2.98280E+05 4.22148E+05 2.51420E+05-6.60970E+04
 -1        27 6.47123E+04-7.60819E+03 3.99108E+04-1.09825E+04-4.84577E+05 1.46553E+06
 -1        28 9.61157E+04 1.22320E+05-9.46310E+05-3.32963E+04-2.96928E+05 3.86972E+05
 -1        29 1.01403E+05-8.74687E+04 1.10287E+06-1.57060E+04-3.33848E+05 4.62738E+05
 -1        30-7.38470E+04 1.46877E+04 4.25769E+04-1.39239E+06 3.67093E+05-9.04118E+04
 -1        31-1.16818E+05 9.90187E+05-1.56238E+05-3.17490E+05 2.56204E+05 3.91396E+04
 -1        32 1.30041E+05-9.45643E+05 2.44086E+05-4.42790E+05 3.54947E+05-1.15696E+05
 -1        33 1.79615E+05 7.51097E+04 4.86582E+04 2.50766E+06 9.61666E+04-2.50122E+06
 -1        34 2.45092E+05-2.19584E+05 4.76271E+05 2.77807E+06 2.61755E+05-3.25617E+06
 -1        35-1.56512E+05-1.07769E+05 6.77893E+04 9.43939E+05 2.72723E+04-9.78539E+05
 -1        36-5.95530E+05-2.67151E+05-1.63965E+05-2.45374E+06 1.06907E+05-2.53298E+06
 -1        37-1.07258E+05 3.45893E+05-3.08786E+05-2.94276E+06 2.10001E+05-3.29800E+06
 -1        38-2.41583E+03 1.15922E+05-4.41250E+04-8.26439E+05-9.35885E+03-9.27822E+05
 -1        39 6.44097E+05 2.09734E+05 2.72475E+05 2.49313E+06-1.27636E+05 2.46925E+06
 -1        40 8.98854E+04 2.40955E+05-3.32909E+05 3.27314E+06-1.60786E+05 2.88273E+06
 -1        41-2.02235E+04 3.87523E+04-1.20694E+05 9.29046E+05-7.84188E+02 8.30651E+05
 -1        42-1.69976E+05-8.39700E+04 1.25902E+05-2.42386E+06-1.03737E+05 2.37317E+06
 -1        43-3.56438E+04-2.92106E+05 4.18513E+05-3.02877E+06-2.66646E+04 3.00184E+06
 -1        44-1.09242E+05-7.01784E+04-5.19251E+04-8.33384E+05-2.71571E+04 8.78070E+05
 -1        45 2.26422E+05 1.19941E+04 2.42155E+05 1.01690E+05 9.85682E+02 1.17943E+04
 -1        46 3.57941E+05-2.90228E+05 2.69654E+05-3.40399E+06-1.00681E+05-3.64740E+06
 -1        47-2.14190E+05 5.86269E+05-4.92517E+05 3.46029E+06 5.56599E+04-3.48285E+06
 -1        48 9.13996E+03 3.91760E+05-3.95203E+05-3.61635E+06-5.99092E+02 3.61115E+06
 -1        49-8.25471E+04-4.70051E+04 2.71389E+04 3.30347E+06 1.37004E+04 3.28232E+06
 -1        50-4.57245E+05-3.00546E+05-1.61778E+05-4.42404E+06-1.89541E+04-4.37493E+06
 -1        51-1.52177E+06-6.52191E+05-6.52193E+05-1.60110E+06-1.49945E+00-5.50263E+06
 -1        52 1.46405E+04 2.19131E+04 5.84069E+04 3.70377E+04-8.37760E+03-4.01212E+06
 -1        53 1.11650E+06 2.63529E+05 4.92431E+05-1.80347E+06-5.41250E+04-1.85042E+06
 -1        54 1.01983E+06 6.22131E+05 5.11649E+05 1.63206E+06 6.99014E+04-5.74680E+06
 -1        55 1.55869E+05 2.04327E+05 4.97459E+04 4.33206E+06-3.24343E+04-4.46953E+06
 -1        56 4.37138E+04 2.85995E+05-2.04068E+05 1.82174E+06-1.19694E+04-1.82784E+06
 -1        57-5.23930E+05-1.91168E+05-3.11279E+05 5.72548E+06-1.43646E+04-1.71926E+06
 -1        58 1.29942E+05 1.03484E+04 4.20885E+04 4.03513E+06-3.50233E+03-7.70882E+04
 -1        59 1.24586E+06 5.33944E+05 5.33942E+05 5.43149E+06 1.61117E+00 1.59595E+06
 -1        60-1.21045E+05-4.99603E+04 3.27101E+04 4.33282E+06 2.32890E+04 4.33716E+06
 -1        61 2.99319E+04-2.61395E+04 1.51440E+05 1.89639E+06 2.68269E+04 1.79881E+06
 -1        62 3.97937E+05 2.45771E+05 3.06363E+05-5.66488E+06-5.68171E+04-1.63919E+06
 -1        63-1.61306E+05-6.91313E+04-6.91306E+04-3.74215E+06 5.26121E-01 2.96042E+04
 -1        64 3.80902E+05 3.87656E+05 2.69593E+05-1.63811E+06 8.90480E+04 5.55846E+06
 -1        65-2.57577E+03 1.17719E+05-1.24360E+05-4.30393E+06 1.19355E+03 4.29863E+06
 -1        66 9.86095E+03 4.22555E+03 4.22672E+03-1.85971E+06 1.29660E-03 1.85893E+06
 -1        67 1.77333E+03-4.06420E+04-1.37245E+05 8.14892E+03-2.78403E+04 3.83244E+06
 -1        68-3.95548E+05-2.56493E+05-3.92865E+05-5.55476E+06-8.35438E+04 1.61948E+06
 -1        69-1.20345E+06-5.15768E+05-5.15770E+05 1.63733E+06-1.72789E+00 5.41319E+06
 -1        70-5.49039E+03 7.18268E+04-1.00138E+05 2.81305E+05-1.56291E+04-4.37749E+05
 -1        71-3.39047E+04 6.67751E+05-5.83700E+05 2.53255E+05-1.60234E+05 1.49860E+05
 -1        72 1.50230E+05-5.46843E+05 3.39665E+05 5.80088E+05 2.24008E+05 1.22686E+05
 -1        73 1.22210E+04 5.80416E+05-6.61284E+05-1.69082E+05 1.55603E+05-2.55101E+05
 -1        74-1.23618E+03-1.08176E+06 1.05293E+06-9.04039E+04-1.28693E+04 8.02152E+04
 -1        75-2.39542E+05-9.01078E+05-8.44717E+03-3.02079E+05 3.65351E+05 1.21618E+05
 -1        76-1.29018E+05-8.21815E+05 3.35917E+05 3.57255E+05 5.42481E+04-2.03167E+05
 -1        77 4.02296E+05-8.52274E+04 8.89523E+05 1.15196E+05-3.00129E+05 3.85183E+05
 -1        78 1.80971E+05 4.22804E+05 2.98716E+05 2.35327E+04 2.24057E+05-7.53250E+04
 -1        79 4.27087E+05-3.55185E+04 2.88681E+05 7.19145E+05 1.96488E+05-4.20447E+05
 -1        80-1.71951E+05-2.54394E+05-9.68557E+04 4.79919E+04-2.54104E+05-7.88899E+04
 -1        81 1.87067E+05 4.85807E+05-2.45166E+05 4.06179E+05 2.49463E+05-1.14456E+05
 -1        82 6.18903E+02 7.01702E+05-6.82618E+05-2.02862E+05 7.95482E+04-2.77074E+05
 -1        83-1.63254E+05 7.51203E+04-7.67709E+05-1.04924E+04-1.86344E+05 3.62565E+05
 -1        84-1.16248E+05 5.42812E+04-5.25140E+05-3.24102E+05 3.44607E+05-4.23683E+05
 -1        85 1.46755E+05 5.09198E+05-1.32880E+05 4.45212E+05 4.09037E+05 1.96186E+04
 -1        86-2.90347E+05-8.77942E+05 3.45187E+05 6.51194E+05 8.28403E+04 2.33998E+05
 -1        87-8.53853E+03-9.29422E+05 9.19993E+05-2.34349E+05-4.48819E+03 2.25397E+05
 -1        88 2.75923E+05-3.66411E+05 8.50221E+05-2.42853E+05-1.03809E+05-6.58906E+05
 -1        89 1.34919E+04-1.94354E+05 1.31920E+05-1.58075E+05-2.66584E+04 1.39144E+05
 -1        90-1.28872E+05 8.69863E+04-5.26264E+05-3.56939E+04-4.44398E+05-4.43261E+05
 -1        91 1.81092E+05 8.77903E+05-1.08746E+05-3.05540E+05 1.43468E+05 6.61571E+03
 -1        92-1.33805E+04 6.75864E+05-7.04025E+05 2.67366E+05-7.93783E+04 1.91454E+05
 -1        93 6.20162E+04 4.92017E+05-5.07787E+04 4.18915E+05-3.52830E+05 2.99035E+05
 -1        94-1.92313E+05 2.42543E+05-4.80845E+05 1.13654E+05-2.62330E+05-4.08926E+05
 -1        95 3.22537E+05 1.03342E+04-1.58414E+05 3.38916E+05 4.26847E+04-7.30833E+06
 -1        96 6.13766E+05 3.05314E+05-2.44050E+05-2.71727E+05-8.80459E+04-3.01868E+06
 -1        97-1.43776E+06-1.29141E+05 3.26478E+05-8.11633E+03-1.96651E+05-3.08122E+06
 -1        98 1.02391E+06-2.32599E+05-2.33566E+05 6.45188E+05-4.09129E+04-7.21425E+06
 -1        99-9.34110E+05-1.99526E+05 3.71701E+05-1.53870E+06 1.28282E+05-7.10822E+06
 -1       100 2.24035E+06 5.19678E+05 5.43386E+05 2.51327E+06-1.11532E+05-5.96459E+06
 -1       101 1.78594E+06 9.73483E+04-2.39147E+04 2.25416E+05 2.32642E+05-8.04625E+06
 -1       102-5.58735E+05-2.39556E+05-2.91709E+05-3.57438E+05 2.08058E+05-7.93887E+06
 -1       103 6.28259E+05-2.69737E+05-2.00731E+05 4.99367E+04 5.70525E+04-8.39271E+06
 -1       104-2.61268E+04-7.66741E+04-1.39012E+05-3.43583E+05 1.16435E+05-7.11040E+06
 -1       105-2.17732E+06-5.44047E+05-2.44264E+05-9.97818E+05 2.03830E+05-7.66747E+06
 -1       106-1.60471E+06-4.32159E+05-3.61610E+05-2.71847E+06 4.58565E+04-6.28207E+06
 -1       107 1.00520E+06 2.11721E+05 7.96135E+04 2.77754E+05-2.34454E+05-5.10731E+06
 -1       108 7.55153E+05 2.10528E+05 2.28660E+04-7.98969E+05 7.78540E+04-3.22186E+06
 -1       109 1.17479E+06 2.43239E+05 9.64065E+04-2.25843E+05 8.57800E+04-5.27150E+06
 -1       110 3.89865E+05 1.42547E+05 6.61642E+04-2.20545E+05-2.08099E+05-4.45115E+06
 -1       111 2.28047E+05-5.41869E+04-3.19109E+05-2.40380E+05-1.99202E+05-2.24490E+06
 -1       112 5.60201E+05 3.72182E+05-3.51342E+05 8.47233E+04-6.19524E+04-1.31604E+06
 -1       113-5.75440E+05-2.70291E+04 1.33275E+05-3.72263E+04-2.60590E+05-5.83660E+06
 -1       114-7.96525E+05 9.75109E+04 3.90008E+05-1.65549E+05-1.55049E+05-2.47777E+06
 -1       115-4.99727E+05-2.34588E+04 3.43290E+04 9.77013E+05 2.58255E+04-5.82819E+06
 -1       116-1.05463E+06-2.59228E+04-8.57119E+03 1.02722E+06-1.34280E+05-2.98073E+06
 -1       117-8.21943E+05-2.65954E+05 4.54806E+05-1.73879E+05-1.03661E+05-1.16868E+06
 -1       118 6.75244E+05-9.61556E+04 1.23660E+05 1.58714E+06 3.86685E+04-4.78419E+06
 -1       119-1.12725E+06-3.54336E+05-6.39532E+04-1.72072E+06 1.54596E+04-5.15455E+06
 -1       120-1.16078E+05 5.44466E+04-2.21906E+05-6.51826E+05 1.69342E+04 6.92629E+06
 -1       121 7.16852E+05 4.88517E+05-3.33421E+05 4.24211E+04-1.53363E+05 2.96197E+06
 -1       122-1.19022E+06-2.74567E+05 2.20812E+05 1.44596E+06 1.90509E+05 7.43383E+06
 -1       123-8.69744E+05-4.71687E+05 4.48834E+05 1.16647E+05-1.05464E+05 3.06358E+06
 -1       124 1.85411E+06-1.46508E+05-6.47608E+05-6.82863E+05 1.52909E+05 7.64612E+06
 -1       125-1.15827E+06-6.51288E+05 1.97702E+05-8.29382E+05-1.87983E+04 2.77023E+06
 -1       126-3.31744E+05-1.03549E+05 4.66671E+04-2.72768E+05 1.07371E+05 5.58254E+06
 -1       127-1.67958E+06-4.35997E+05-2.46955E+05-9.74285E+05-1.15591E+05 5.59214E+06
 -1       128-6.64346E+05-3.98032E+05 3.57642E+05 2.14530E+05-7.35341E+04 1.23835E+06
 -1       129-2.54656E+04-4.31887E+04-2.71853E+05-1.42208E+06-8.66866E+04 5.01682E+06
 -1       130 1.22316E+05-1.79696E+05-4.24952E+05-2.47710E+05-7.18243E+04 8.31588E+06
 -1       131 2.54811E+06 3.99019E+05 4.26764E+05-2.33527E+06 1.30226E+05 6.07188E+06
 -1       132 1.34391E+06 7.49503E+05 2.02972E+05 8.99420E+05-1.09650E+04 2.95939E+06
 -1       133 8.82818E+04 7.47837E+03-8.64354E+04-7.22491E+03-5.97275E+03 5.36056E+06
 -1       134 4.41723E+05 4.16098E+05-1.67408E+05-2.64959E+05-1.27408E+05 4.66395E+06
 -1       135 4.97034E+05 4.79129E+05-4.14167E+05-1.92588E+05-1.24825E+05 1.21008E+06
 -1       136 4.52769E+05-3.02779E+04-3.87217E+05 2.19675E+05-3.88089E+05 2.21811E+06
 -1       137 4.95690E+05 1.77086E+05 6.79175E+04-8.45844E+04-6.88923E+04 4.36015E+06
 -1       138-1.76701E+06-5.11210E+05-1.20840E+05 1.07473E+06 2.55272E+05 7.70622E+06
 -1       139-4.46628E+05-4.59718E+04 1.70904E+05 1.95076E+05 3.57651E+04 8.38389E+06
 -1       140-8.90266E+05-2.87485E+05-1.08551E+05 1.31687E+05-2.36052E+04 7.33207E+06
 -1       141-1.94732E+06-4.48915E+05-5.65258E+05 2.49920E+06 1.39181E+05 6.41752E+06
 -1       142 3.26547E+05-1.76565E+05 2.64838E+05 1.04453E+06-2.05710E+05 5.44821E+06
 -1       143-6.48807E+05 4.40103E+04 4.07919E+05-2.13723E+05-4.97323E+05 2.41145E+06
 -1       144 2.18443E+06 3.13303E+05 7.45750E+04-2.91391E+05 1.93387E+05 8.10556E+06
 -1       145-4.17582E+05 1.50318E+05 5.70986E+04 7.35969E+06-4.76682E+04-8.43040E+04
 -1       146 1.02507E+06-4.38859E+05 3.15943E+05 7.04556E+06-1.17923E+05 1.57609E+06
 -1       147-6.19610E+05 2.44567E+05-2.89382E+05 3.02641E+06 1.00806E+05 2.81969E+05
 -1       148 1.44965E+06-4.04052E+05 1.05279E+05 3.04912E+06 1.60520E+05-3.47180E+04
 -1       149-1.20144E+06 5.21538E+05-2.38928E+05 7.88419E+06-6.08706E+04-1.71108E+05
 -1       150-1.61474E+06 1.66779E+04-2.86011E+05 8.07862E+06-2.85363E+05-6.37629E+04
 -1       151-2.67558E+06-5.92332E+05-7.15723E+05 6.15465E+06-3.96448E+04-2.38792E+06
 -1       152 4.84970E+05 1.54027E+05 1.48748E+05 7.88758E+06-2.26540E+05 3.64890E+05
 -1       153 2.40079E+06 2.64222E+05 5.76651E+05 7.67097E+06-2.11292E+05 9.69011E+05
 -1       154-6.87099E+04 1.17851E+05 6.66881E+04 7.11585E+06-1.02956E+05 3.75189E+05
 -1       155-3.59659E+05 2.94025E+05 2.45376E+05 8.19414E+06-1.35482E+05 8.16918E+05
 -1       156 1.66933E+06 3.32699E+05 5.22853E+05 6.25383E+06-1.08870E+05 2.59768E+06
 -1       157 6.35108E+05 3.96755E+05-4.55571E+05 5.16703E+06 2.15606E+05-9.35748E+05
 -1       158 1.35552E+06 3.67351E+04 4.48266E+05 5.06932E+06-4.74137E+04 1.66507E+06
 -1       159-1.29259E+06-1.55449E+05-3.04930E+05 5.29006E+06-8.36421E+04 2.65885E+05
 -1       160-7.71667E+05-2.16556E+04-2.10722E+05 3.23142E+06-8.07149E+04 8.02479E+05
 -1       161-9.71031E+05-5.17691E+04-1.56866E+05 5.10936E+06 2.25882E+05-2.41895E+05
 -1       162-5.65603E+05 3.55796E+05-3.70385E+05 1.32072E+06 6.75260E+04-8.39631E+04
 -1       163-2.28665E+05 3.25344E+05 6.35024E+04 2.24560E+06 2.01186E+05 2.45828E+05
 -1       164-3.46653E+05-2.98506E+04-6.15446E+04 4.45190E+06 1.84020E+05 2.54404E+05
 -1       165 8.09546E+05-4.10579E+05-1.15143E+05 2.45958E+06 1.37309E+05 1.46951E+05
 -1       166 6.45057E+05-7.37114E+04 9.71237E+04 5.84334E+06 2.85086E+05 1.07604E+05
 -1       167 8.36747E+05-1.20512E+04 1.36651E+05 2.89159E+06 1.48569E+05-1.08775E+06
 -1       168-1.39882E+04-6.94771E+04 2.14018E+05 5.76033E+06 6.90606E+04-4.90315E+05
 -1       169 8.34882E+05-4.80400E+05 2.74464E+05 1.15376E+06 9.06605E+04 1.58726E+05
 -1       170 4.27843E+05 5.99396E+04-1.13163E+05-6.92174E+06-2.71578E+04 5.43197E+05
 -1       171 1.01859E+06-3.17497E+05 5.76023E+05-3.48581E+06 9.88924E+04-1.04134E+05
 -1       172-6.30992E+05 3.30073E+05-4.81423E+05-2.96591E+06 1.78144E+05-3.82362E+04
 -1       173-1.79557E+06 5.94132E+05 1.57069E+05-7.64159E+06-1.31998E+05 7.22679E+05
 -1       174 9.93251E+05-2.29379E+05 1.10614E+05-7.80595E+06-7.83515E+04-8.99860E+03
 -1       175 1.89496E+04 4.56750E+05 1.28472E+05-5.06359E+06 3.28499E+04 1.52734E+06
 -1       176-2.56359E+06-4.96681E+05-4.46697E+05-6.07129E+06-1.37286E+05 2.34998E+06
 -1       177-1.96009E+05 1.17205E+05 3.35575E+04-8.25125E+06 1.08780E+05 1.22041E+05
 -1       178 1.83199E+06 3.55945E+05 2.19005E+05-5.43870E+06-1.01866E+05 8.28171E+05
 -1       179 6.50265E+05-2.45317E+05 3.00022E+05-3.08645E+06-1.81649E+04 6.86027E+05
 -1       180 7.17280E+05-3.41862E+05 5.60202E+05-1.47994E+06 1.35700E+05-8.17191E+04
 -1       181 5.44842E+05-1.47468E+05 8.54411E+04-5.35464E+06-7.55339E+04-3.51810E+05
 -1       182-1.35203E+06-1.95015E+05-7.51292E+05-2.95848E+06 1.07982E+04-8.94153E+05
 -1       183-1.80558E+05 1.56771E+05-4.16593E+05-4.69098E+06 1.18998E+05 2.97731E+05
 -1       184-1.25902E+05 1.95385E+04-8.46673E+04-5.42387E+06-5.09765E+04 6.43432E+04
 -1       185-4.56128E+05 4.07513E+05-4.65407E+05-1.21761E+06 1.36203E+05 1.96600E+05
 -1       186-3.07811E+05 4.56861E+05 3.47282E+04-2.13094E+06 3.61344E+05-1.77392E+05
 -1       187-1.87557E+05-7.42962E+04-2.14180E+05-4.17894E+06 1.31949E+05-1.07476E+04
 -1       188-2.22488E+06-1.32313E+05-3.01632E+05-8.06271E+06-1.74214E+05 2.90190E+05
 -1       189 2.50698E+05-1.76702E+05-1.00587E+04-7.99624E+06-7.47550E+04 2.61239E+05
 -1       190-6.76495E+05-2.95450E+05 3.35168E+05-5.22478E+06 1.71644E+05-8.60213E+05
 -1       191 7.46903E+05 8.02824E+04-9.91494E+03-7.84817E+06-1.10197E+05 1.05869E+06
 -1       192 2.55173E+06 7.80904E+05 7.18743E+05-6.20907E+06-1.72804E+04-2.28083E+06
 -1       193 1.60210E+06 5.94091E+04 1.96503E+05-8.02161E+06-2.98043E+05 4.57953E+04
 -1       194 3.12927E+05-5.38339E+05 1.44766E+05-2.59655E+06 1.88061E+05-7.46036E+04
 -1       195-6.07740E+04-4.18108E+04 3.30483E+04-1.60505E+06 1.53527E+04 1.63185E+06
 -1       196 6.40539E+04-1.42630E+05 1.91627E+05 1.12350E+06 1.79911E+04-1.02224E+06
 -1       197 2.43700E+05 1.95451E+05-7.07580E+05 2.12865E+06 4.09012E+04-5.34620E+06
 -1       198 2.13214E+05 3.49957E+05-2.43503E+05 1.55728E+06 1.47253E+05-5.42875E+06
 -1       199 1.04940E+06 4.57857E+04 4.79740E+05 9.74961E+05-1.89261E+04-3.71173E+06
 -1       200-9.73750E+04-1.23920E+05-4.04007E+04 4.66687E+05 1.55805E+04-4.08557E+06
 -1       201-3.67845E+05 1.00835E+05-1.83308E+05 2.31049E+06 6.86759E+04-1.67539E+06
 -1       202-7.89828E+04 5.16599E+04-3.52377E+05 3.17128E+06 2.20877E+04 1.22252E+06
 -1       203 6.43740E+04 4.31834E+05-4.40825E+05 1.42645E+06-3.26494E+04 1.49129E+06
 -1       204-2.51283E+05-1.82846E+03-3.95756E+05 8.41630E+05-2.12027E+05 1.01560E+06
 -1       205-4.71686E+05-3.29397E+05-2.32732E+05 2.20063E+06-7.73389E+04-1.48422E+05
 -1       206 1.20041E+05 1.25219E+05 1.48327E+05 4.15832E+06 7.00399E+03-4.32417E+05
 -1       207 1.56273E+05 1.24826E+05-4.05353E+03 2.14782E+05 8.04286E+04 9.90683E+05
 -1       208 8.35423E+04 3.22920E+05-5.17224E+05 1.62765E+05-8.25639E+04 1.07903E+06
 -1       209 4.57957E+04-1.12924E+05 2.79680E+05-2.93208E+06 1.64026E+05 3.31443E+05
 -1       210 2.21703E+05-5.38155E+05 2.43299E+05-1.30799E+06 1.97034E+05 2.80275E+05
 -1       211-1.96442E+05-3.56905E+04-1.31850E+05-9.87600E+05-5.37303E+04-2.55368E+05
 -1       212-4.65599E+04 5.06080E+05-3.19119E+05-1.07403E+06 9.72259E+04-1.73477E+05
 -1       213-3.77230E+05-1.99961E+05-1.99414E+05-4.44147E+06 3.55553E+04-2.56257E+06
 -1       214 1.57237E+05-2.88674E+04 3.29298E+05-4.36905E+06 2.95173E+04-3.76244E+06
 -1       215-7.09559E+05 7.63602E+05-2.16582E+05 5.58215E+06-1.46260E+04-2.33282E+06
 -1       216-5.32771E+05 2.60068E+05-3.86744E+05 5.58100E+06-1.05693E+05-1.62829E+06
 -1       217-2.13292E+05-3.83942E+04-4.32010E+04 1.33180E+05-1.70934E+05 8.49281E+05
 -1       218-5.69460E+04-2.79629E+05 3.61815E+05 1.55943E+05-3.52255E+04 1.29376E+06
 -1       219 1.22746E+05 1.53640E+05-1.45769E+05 2.88867E+04-4.10946E+03 2.46935E+06
 -1       220-4.42535E+05-1.78444E+05-5.39328E+05 3.51544E+05-1.82542E+05 2.08652E+06
 -1       221 8.46376E+03-1.27514E+05 1.71598E+05 5.64399E+05-4.95309E+03-5.63542E+05
 -1       222-2.38973E+04-1.01432E+04-1.39804E+05-2.54893E+06 2.65397E+04-1.14771E+04
 -1       223 1.92606E+05 3.54384E+05-1.37104E+04-1.03567E+06 2.48375E+05-8.15968E+05
 -1       224 4.43581E+05 4.74516E+05 1.01700E+05-2.07556E+06 2.14584E+05-3.45800E+05
 -1       225 7.93298E+04-7.17526E+04-2.90378E+05-2.64208E+06 4.51898E+04-2.70593E+06
 -1       226-3.95923E+05-1.39573E+05 1.74991E+05-1.96829E+06-8.55584E+04-2.28620E+06
 -1       227 2.63581E+05 1.44131E+05-1.08054E+05-5.95006E+05-8.76074E+04-2.36603E+06
 -1       228-1.13161E+05-1.14354E+05-8.82664E+04-4.14423E+06-1.09922E+05 8.26252E+05
 -1       229-6.76552E+03 2.25012E+04-4.19427E+04 3.45094E+06-1.68782E+05-1.64357E+05
 -1       230 1.93963E+04-4.52009E+04 5.15160E+04 6.30506E+05 2.25755E+04-5.92678E+05
 -1       231-6.60906E+05-4.73926E+05 5.59647E+05-7.65325E+05 6.10308E+04 2.48181E+06
 -1       232-1.12628E+05-3.02071E+04 7.80138E+02-4.68463E+05-3.76030E+04 2.60411E+05
 -1       233 3.03455E+05 3.29066E+04 7.69997E+04-9.14281E+05 1.47953E+05 4.24110E+06
 -1       234-1.98098E+04 6.79731E+04-4.75704E+04 1.79221E+05 1.35454E+05-3.48396E+06
 -1       235-1.36304E+04 2.47662E+05 5.81423E+04 2.66161E+06-5.89411E+04 2.63634E+06
 -1       236-1.58953E+05 1.55695E+05-9.45333E+04 2.38788E+06 8.94508E+04 6.34522E+05
 -1       237 1.06371E+04-7.77130E+04 8.03476E+04-8.40245E+05 5.89200E+03 8.49115E+05
 -1       238-3.63638E+04-1.56929E+05 1.30968E+05-1.97177E+05 2.08442E+04 2.13163E+05
 -1       239 3.23922E+05-9.75041E+05 3.65089E+05 1.31665E+06-3.44767E+04-9.39035E+04
 -1       240-5.39735E+04-1.00175E+05-2.47712E+04 1.39993E+06 5.21459E+04-3.61451E+05
 -1       241 6.95718E+03-5.24093E+05 5.33460E+05 5.84620E+05-9.56159E+02-5.68178E+05
 -1       242 9.26590E+05-4.24239E+03 2.13907E+05 2.17942E+06 1.47159E+05-6.98095E+05
 -1       243-3.06722E+05-3.77750E+05 9.28062E+05 7.48328E+04 7.86723E+03-1.33457E+06
 -1       244 2.35169E+04 1.14283E+03 1.10449E+05 3.55461E+05-4.13366E+04-1.36793E+06
 -1       245-8.37820E+05-2.47936E+05-6.07832E+04 6.61154E+05-1.72147E+05-2.15711E+06
 -1       246 2.25610E+03-3.37302E+05 2.82159E+05 1.25013E+06-2.09961E+04-1.28934E+06
 -1       247-2.01450E+03-1.03067E+05 1.88066E+05 1.78654E+06-3.07217E+04-1.77425E+06
 -1       248 3.57187E+04 1.98807E+05-1.85323E+05-3.91471E+06 3.85841E+03 3.93310E+06
 -1       249 1.31743E+06 6.82651E+04-1.45936E+05-1.44948E+06 1.03463E+05 4.47149E+06
 -1       250-1.26558E+06 1.70285E+05-2.58188E+04-4.45811E+06-6.91010E+04 1.49195E+06
 -1       251-8.19337E+04-7.75682E+04 2.23534E+05-2.11603E+06-3.67130E+04 2.22908E+06
 -1       252 5.84605E+05-6.53966E+03-8.84584E+05-2.25670E+06 1.95760E+05 5.66942E+06
 -1       253 1.25308E+05 2.45795E+04 6.29759E+04-6.91707E+05 1.37682E+05 4.66566E+06
 -1       254 1.86706E+04 3.54176E+05-3.38447E+05-2.64644E+06 1.86445E+03 2.64947E+06
 -1       255-5.76412E+05 8.64274E+05-7.19771E+03-5.66257E+06-1.79210E+05 2.25877E+06
 -1       256-1.66168E+05-4.79075E+04-1.79708E+04-4.50887E+06-1.51840E+05 7.27967E+05
 -1       257-3.66024E+05-5.42762E+04 1.55795E+05 2.85721E+05 2.89498E+05 4.40184E+06
 -1       258 4.11814E+05 2.00344E+05 3.35736E+05 1.41090E+05 9.84516E+04-2.17094E+06
 -1       259 5.11682E+05-3.26942E+04 1.15031E+05-2.74481E+06-3.33693E+05-9.49611E+05
 -1       260-5.67939E+05-9.02914E+04 3.30747E+05 2.48411E+06 1.75581E+05 5.38198E+06
 -1       261 5.64194E+05-5.70044E+05 7.48858E+04 5.31497E+06-1.41364E+05 2.46538E+06
 -1       262-7.66048E+04 6.26701E+05-2.45654E+05 1.24692E+06 9.93186E+04 2.09824E+05
 -1       263-6.26389E+04 4.44718E+05-4.44677E+05-1.48943E+06 5.53515E+04-1.42889E+06
 -1       264 3.61280E+05-6.43829E+05 5.20072E+04-5.52196E+06-6.67283E+04-2.16680E+06
 -1       265-3.96790E+05-6.26636E+04-4.30775E+05 4.08131E+06-4.60957E+04-3.55181E+06
 -1       266-3.24198E+05-2.79156E+05 4.94338E+05-2.48730E+06 6.40631E+04-5.30951E+06
 -1       267 2.62131E+05-4.46418E+05 5.81601E+05-1.44126E+06 6.20298E+04 1.32094E+06
 -1       268 6.70116E+04-3.91065E+05 2.33092E+05 4.02735E+06-3.20828E+04 4.42279E+06
 -1       269 7.75842E+04 2.55554E+05-6.24321E+05-2.04356E+05-9.50850E+04-1.24526E+06
 -1       270-8.60074E+04 2.88121E+05-1.79978E+05 1.17563E+06 3.31348E+05 2.29082E+05
 -1       271 7.74754E+05-4.37447E+05 3.01711E+05 3.51191E+06-7.93427E+04 1.24417E+06
 -1       272-2.79303E+05-3.09066E+05-6.07457E+04 2.36399E+06 1.65242E+05 2.04561E+06
 -1       273 6.58410E+04-9.57855E+04 2.78372E+05 4.44284E+06-4.11924E+04-2.67319E+06
 -1       274 1.10580E+05 3.83671E+05-3.30338E+04-1.19946E+06-1.53633E+04-3.17621E+06
 -1       275 1.06428E+05 1.55377E+05-2.78198E+05-2.34543E+05-3.43931E+05-1.16721E+06
 -1       276-3.52281E+05 6.60361E+04 7.75321E+05-1.16788E+06 1.87576E+05-3.39643E+06
 -1       277 2.40962E+05-2.77903E+05 4.87160E+05-3.18856E+06-1.10847E+05 1.39696E+06
 -1       278 1.90688E+05-7.63633E+04 1.86490E+05 2.55454E+06-5.23144E+04 4.31214E+06
 -1       279 8.39471E+05-1.85185E+05 3.43170E+05-5.36003E+06-5.60197E+04-1.60024E+06
 -1       280-7.96426E+05-2.71049E+05 2.43548E+05 1.39220E+06 1.53310E+05 3.61316E+06
 -3
    1PSTEP                         9           1           1          
    1PGM                1.000000E+00                                  
    1PGK                2.160154E+11                                  
    1PHID                         -1                                  
    1PSUBC                         0                                  
    1PMODE                         3                                  
  100CL  103 73971.17360         280                     2    3MODAL      1
 -4  ERROR       1    1
 -5  STR(%)      1    1    0    0
 -1         1 1.54022E+01
 -1         2 1.59433E+01
 -1         3 1.47798E+01
 -1         4 1.63457E+01
 -1         5 2.54004E+01
 -1         6 2.58211E+01
 -1         7 2.58776E+01
 -1         8 2.98721E+01
 -1         9 2.28314E+01
 -1        10 1.91168E+01
 -1        11 1.93873E+01
 -1        12 2.23174E+01
 -1        13 1.88598E+01
 -1        14 1.85486E+01
 -1        15 2.24835E+01
 -1        16 1.86317E+01
 -1        17 1.94146E+01
 -1        18 1.96208E+01
 -1        19 1.77821E+01
 -1        20 1.79833E+01
 -1        21 2.58328E+01
 -1        22 2.56166E+01
 -1        23 2.58269E+01
 -1        24 2.54791E+01
 -1        25 2.54398E+01
 -1        26 2.56784E+01
 -1        27 3.46238E+01
 -1        28 3.02507E+01
 -1        29 3.22480E+01
 -1        30 3.46573E+01
 -1        31 3.02392E+01
 -1        32 3.22647E+01
 -1        33 2.36089E+01
 -1        34 1.95055E+01
 -1        35 2.45047E+01
 -1        36 2.37253E+01
 -1        37 1.98343E+01
 -1        38 2.47732E+01
 -1        39 2.37637E+01
 -1        40 1.92717E+01
 -1        41 2.48207E+01
 -1        42 2.34758E+01
 -1        43 1.99108E+01
 -1        44 2.66740E+01
 -1        45 2.60626E+01
 -1        46 2.28314E+01
 -1        47 1.79255E+01
 -1        48 1.89901E+01
 -1        49 2.24835E+01
 -1        50 1.93873E+01
 -1        51 2.28314E+01
 -1        52 2.44470E+01
 -1        53 2.44470E+01
 -1        54 2.03784E+01
 -1        55 1.66638E+01
 -1        56 2.19941E+01
 -1        57 2.01215E+01
 -1        58 2.41900E+01
 -1        59 2.24005E+01
 -1        60 1.86317E+01
 -1        61 2.42731E+01
 -1        62 2.12261E+01
 -1        63 2.28417E+01
 -1        64 2.07368E+01
 -1        65 1.76679E+01
 -1        66 2.25264E+01
 -1        67 2.42731E+01
 -1        68 1.93054E+01
 -1        69 2.24835E+01
 -1        70 3.46573E+01
 -1        71 3.46573E+01
 -1        72 2.98721E+01
 -1        73 3.46238E+01
 -1        74 2.54004E+01
 -1        75 3.22647E+01
 -1        76 2.98721E+01
 -1        77 3.22480E+01
 -1        78 3.46573E+01
 -1        79 3.22647E+01
 -1        80 3.46406E+01
 -1        81 3.00515E+01
 -1        82 3.02507E+01
 -1        83 3.46238E+01
 -1        84 3.46406E+01
 -1        85 3.00682E+01
 -1        86 2.54398E+01
 -1        87 2.54004E+01
 -1        88 2.56166E+01
 -1        89 3.00288E+01
 -1        90 3.02451E+01
 -1        91 3.46573E+01
 -1        92 3.02392E+01
 -1        93 3.46573E+01
 -1        94 3.02451E+01
 -1        95 2.60626E+01
 -1        96 2.58328E+01
 -1        97 2.54004E+01
 -1        98 1.92623E+01
 -1        99 2.29188E+01
 -1       100 1.73323E+01
 -1       101 2.10469E+01
 -1       102 2.44470E+01
 -1       103 2.26625E+01
 -1       104 2.44907E+01
 -1       105 2.28751E+01
 -1       106 1.94311E+01
 -1       107 2.59477E+01
 -1       108 2.47791E+01
 -1       109 2.48940E+01
 -1       110 2.59477E+01
 -1       111 2.58328E+01
 -1       112 2.58269E+01
 -1       113 2.57315E+01
 -1       114 2.56166E+01
 -1       115 2.48358E+01
 -1       116 2.45047E+01
 -1       117 2.54004E+01
 -1       118 2.14356E+01
 -1       119 2.33221E+01
 -1       120 2.99734E+01
 -1       121 3.46238E+01
 -1       122 2.24835E+01
 -1       123 2.92614E+01
 -1       124 1.80199E+01
 -1       125 2.63686E+01
 -1       126 2.96174E+01
 -1       127 2.67246E+01
 -1       128 2.95668E+01
 -1       129 2.07478E+01
 -1       130 2.39967E+01
 -1       131 1.71828E+01
 -1       132 2.91938E+01
 -1       133 2.68685E+01
 -1       134 3.22986E+01
 -1       135 3.02507E+01
 -1       136 3.46238E+01
 -1       137 3.22986E+01
 -1       138 2.24835E+01
 -1       139 2.62285E+01
 -1       140 2.62285E+01
 -1       141 1.86317E+01
 -1       142 2.31236E+01
 -1       143 3.19426E+01
 -1       144 2.02517E+01
 -1       145 2.59894E+01
 -1       146 2.25881E+01
 -1       147 2.58776E+01
 -1       148 2.54004E+01
 -1       149 1.54022E+01
 -1       150 1.88598E+01
 -1       151 1.54022E+01
 -1       152 2.41534E+01
 -1       153 2.24528E+01
 -1       154 2.42887E+01
 -1       155 2.06958E+01
 -1       156 1.86840E+01
 -1       157 1.95055E+01
 -1       158 2.31759E+01
 -1       159 2.48765E+01
 -1       160 2.48207E+01
 -1       161 2.59335E+01
 -1       162 2.58776E+01
 -1       163 2.56784E+01
 -1       164 2.57343E+01
 -1       165 2.54398E+01
 -1       166 2.56949E+01
 -1       167 2.45047E+01
 -1       168 2.47992E+01
 -1       169 2.54004E+01
 -1       170 3.01341E+01
 -1       171 2.98721E+01
 -1       172 3.46573E+01
 -1       173 1.71488E+01
 -1       174 1.72055E+01
 -1       175 2.03123E+01
 -1       176 1.67473E+01
 -1       177 2.36415E+01
 -1       178 2.68050E+01
 -1       179 2.66740E+01
 -1       180 2.98721E+01
 -1       181 3.00031E+01
 -1       182 2.91913E+01
 -1       183 3.23957E+01
 -1       184 2.69297E+01
 -1       185 3.02392E+01
 -1       186 3.46573E+01
 -1       187 3.23957E+01
 -1       188 1.83848E+01
 -1       189 2.48775E+01
 -1       190 2.04654E+01
 -1       191 2.36698E+01
 -1       192 1.65744E+01
 -1       193 1.84131E+01
 -1       194 3.22647E+01
 -1       195 2.92274E+01
 -1       196 3.01341E+01
 -1       197 1.85939E+01
 -1       198 2.19941E+01
 -1       199 2.46982E+01
 -1       200 2.80984E+01
 -1       201 2.40298E+01
 -1       202 3.03066E+01
 -1       203 3.02507E+01
 -1       204 3.23790E+01
 -1       205 2.80059E+01
 -1       206 2.80618E+01
 -1       207 3.46406E+01
 -1       208 3.46238E+01
 -1       209 3.00031E+01
 -1       210 2.98721E+01
 -1       211 3.46573E+01
 -1       212 3.46573E+01
 -1       213 2.65265E+01
 -1       214 2.00622E+01
 -1       215 1.66638E+01
 -1       216 2.19575E+01
 -1       217 3.19593E+01
 -1       218 2.95668E+01
 -1       219 3.23154E+01
 -1       220 3.00538E+01
 -1       221 3.23957E+01
 -1       222 3.23957E+01
 -1       223 3.23957E+01
 -1       224 3.01341E+01
 -1       225 2.80984E+01
 -1       226 2.60731E+01
 -1       227 2.76450E+01
 -1       228 2.96807E+01
 -1       229 2.60260E+01
 -1       230 2.80984E+01
 -1       231 2.92444E+01
 -1       232 3.19423E+01
 -1       233 2.96004E+01
 -1       234 2.60626E+01
 -1       235 2.79814E+01
 -1       236 2.76084E+01
 -1       237 2.76450E+01
 -1       238 2.96807E+01
 -1       239 2.54004E+01
 -1       240 2.78066E+01
 -1       241 2.77673E+01
 -1       242 2.77673E+01
 -1       243 2.54004E+01
 -1       244 2.79835E+01
 -1       245 2.77673E+01
 -1       246 2.54004E+01
 -1       247 2.68715E+01
 -1       248 1.75844E+01
 -1       249 2.36236E+01
 -1       250 2.31881E+01
 -1       251 2.63516E+01
 -1       252 1.85050E+01
 -1       253 2.58554E+01
 -1       254 2.41087E+01
 -1       255 1.80695E+01
 -1       256 2.44241E+01
 -1       257 2.58554E+01
 -1       258 2.79835E+01
 -1       259 2.60294E+01
 -1       260 2.24835E+01
 -1       261 2.25358E+01
 -1       262 3.02507E+01
 -1       263 3.02451E+01
 -1       264 2.00184E+01
 -1       265 1.73323E+01
 -1       266 2.28751E+01
 -1       267 2.95668E+01
 -1       268 2.25358E+01
 -1       269 3.02451E+01
 -1       270 3.02675E+01
 -1       271 2.43254E+01
 -1       272 2.59077E+01
 -1       273 2.26259E+01
 -1       274 3.03600E+01
 -1       275 3.02451E+01
 -1       276 2.44907E+01
 -1       277 2.96978E+01
 -1       278 2.62808E+01
 -1       279 2.64828E+01
 -1       280 2.42731E+01
 -3
    1PSTEP                        10           1           1          
    1PGM                1.000000E+00                                  
    1PGK                6.534803E+11                                  
    1PHID                         -1                                  
    1PSUBC                         0                                  
    1PMODE                         4                                  
  100CL  104 128657.8803         280                     2    4MODAL      1
 -4  DISP        4    1
 -5  D1          1    2    1    0
 -5  D2          1    2    2    0
 -5  D3          1    2    3    0
 -5  ALL         1    2    0    0    1ALL
 -1         1 0.00000E+00 0.00000E+00 0.00000E+00
 -1         2 0.00000E+00 0.00000E+00 0.00000E+00
 -1         3 0.00000E+00 0.00000E+00 0.00000E+00
 -1         4 0.00000E+00 0.00000E+00 0.00000E+00
 -1         5 4.33434E+02 6.14232E+00 5.89223E+00
 -1         6 4.35488E+02 6.17273E+00-5.91871E+00
 -1         7 4.36485E+02-5.55930E+00 6.74275E+00
 -1         8 4.37115E+02-6.65518E+00-6.28504E+00
 -1         9 0.00000E+00 0.00000E+00 0.00000E+00
 -1        10 0.00000E+00 0.00000E+00 0.00000E+00
 -1        11 0.00000E+00 0.00000E+00 0.00000E+00
 -1        12 0.00000E+00 0.00000E+00 0.00000E+00
 -1        13 0.00000E+00 0.00000E+00 0.00000E+00
 -1        14 0.00000E+00 0.00000E+00 0.00000E+00
 -1        15 0.00000E+00 0.00000E+00 0.00000E+00
 -1        16 0.00000E+00 0.00000E+00 0.00000E+00
 -1        17 0.00000E+00 0.00000E+00 0.00000E+00
 -1        18 0.00000E+00 0.00000E+00 0.00000E+00
 -1        19 0.00000E+00 0.00000E+00 0.00000E+00
 -1        20 0.00000E+00 0.00000E+00 0.00000E+00
 -1        21 4.88111E+02 5.86761E+00-8.51356E-02
 -1        22 4.74680E+02 6.63605E+00 5.95443E+00
 -1        23 4.75721E+02 7.36844E+00-5.67171E+00
 -1        24 4.88690E+02 1.33100E-01 6.02600E+00
 -1        25 4.74913E+02 6.18937E+00 6.49820E+00
 -1        26 4.76647E+02-5.40988E+00 7.83513E+00
 -1        27 4.87837E+02-6.60989E+00 4.80173E-01
 -1        28 4.76678E+02-6.76845E+00 7.01521E+00
 -1        29 4.76659E+02-7.70425E+00-6.36825E+00
 -1        30 4.88556E+02 5.19838E-01-7.30971E+00
 -1        31 4.76874E+02 6.57183E+00-7.37027E+00
 -1        32 4.75862E+02-6.22897E+00-7.40719E+00
 -1        33 3.21996E+02 9.77554E+01 9.70608E+01
 -1        34 2.00095E+02 9.78868E+01 9.79311E+01
 -1        35 4.03085E+02 6.00423E+01 5.97308E+01
 -1        36 3.19454E+02 9.61837E+01-9.52507E+01
 -1        37 1.99658E+02 9.85756E+01-9.85648E+01
 -1        38 4.04110E+02 5.97108E+01-5.79553E+01
 -1        39 3.19977E+02-9.62097E+01 9.45078E+01
 -1        40 1.99887E+02-9.87101E+01 9.86325E+01
 -1        41 4.04993E+02-5.79800E+01 5.92871E+01
 -1        42 3.22347E+02-9.57611E+01-9.57374E+01
 -1        43 1.99797E+02-9.87582E+01-9.90418E+01
 -1        44 4.05751E+02-5.80901E+01-5.83599E+01
 -1        45 0.00000E+00 0.00000E+00 0.00000E+00
 -1        46 0.00000E+00 0.00000E+00 0.00000E+00
 -1        47 0.00000E+00 0.00000E+00 0.00000E+00
 -1        48 0.00000E+00 0.00000E+00 0.00000E+00
 -1        49 0.00000E+00 0.00000E+00 0.00000E+00
 -1        50 0.00000E+00 0.00000E+00 0.00000E+00
 -1        51 0.00000E+00 0.00000E+00 0.00000E+00
 -1        52 0.00000E+00 0.00000E+00 0.00000E+00
 -1        53 0.00000E+00 0.00000E+00 0.00000E+00
 -1        54 0.00000E+00 0.00000E+00 0.00000E+00
 -1        55 0.00000E+00 0.00000E+00 0.00000E+00
 -1        56 0.00000E+00 0.00000E+00 0.00000E+00
 -1        57 0.00000E+00 0.00000E+00 0.00000E+00
 -1        58 0.00000E+00 0.00000E+00 0.00000E+00
 -1        59 0.00000E+00 0.00000E+00 0.00000E+00
 -1        60 0.00000E+00 0.00000E+00 0.00000E+00
 -1        61 0.00000E+00 0.00000E+00 0.00000E+00
 -1        62 0.00000E+00 0.00000E+00 0.00000E+00
 -1        63 0.00000E+00 0.00000E+00 0.00000E+00
 -1        64 0.00000E+00 0.00000E+00 0.00000E+00
 -1        65 0.00000E+00 0.00000E+00 0.00000E+00
 -1        66 0.00000E+00 0.00000E+00 0.00000E+00
 -1        67 0.00000E+00 0.00000E+00 0.00000E+00
 -1        68 0.00000E+00 0.00000E+00 0.00000E+00
 -1        69 0.00000E+00 0.00000E+00 0.00000E+00
 -1        70 5.46493E+02 3.34654E+00 2.87579E+00
 -1        71 5.15172E+02 6.77909E+00-5.52559E+00
 -1        72 5.14990E+02-6.24290E+00-5.39200E+00
 -1        73 5.15373E+02-5.10548E+00 7.10472E+00
 -1        74 5.17422E+02 6.00634E+00 5.86921E+00
 -1        75 5.07428E+02-3.25706E+00-7.63796E+00
 -1        76 4.83315E+02-7.26781E+00-6.87946E+00
 -1        77 5.07534E+02-7.61064E+00-3.50731E+00
 -1        78 5.27725E+02 1.25551E+00-6.13739E+00
 -1        79 5.35156E+02-2.51411E+00-1.75470E+00
 -1        80 5.27946E+02-5.73078E+00 1.16999E+00
 -1        81 5.08955E+02-2.89274E+00 7.93917E+00
 -1        82 4.83529E+02-6.22718E+00 7.81335E+00
 -1        83 5.07690E+02-6.97358E+00 4.59913E+00
 -1        84 5.35453E+02-1.46607E+00 5.00261E+00
 -1        85 5.30143E+02 1.57578E+00 7.52451E+00
 -1        86 5.09807E+02 3.48554E+00 6.95664E+00
 -1        87 4.82040E+02 6.83340E+00 6.62309E+00
 -1        88 5.09568E+02 6.99065E+00 3.30143E+00
 -1        89 5.37427E+02 5.02074E+00 4.84160E+00
 -1        90 5.29953E+02 7.53665E+00 1.33825E+00
 -1        91 5.07968E+02 4.40364E+00-7.59284E+00
 -1        92 4.83002E+02 7.29166E+00-6.62186E+00
 -1        93 5.35446E+02 5.02246E+00-1.92370E+00
 -1        94 5.08484E+02 7.68227E+00-3.11342E+00
 -1        95 3.44908E+02 1.09184E+02-1.06203E+00
 -1        96 4.37692E+02 6.13861E+01-3.26903E+01
 -1        97 4.35649E+02 6.13400E+01 3.46150E+01
 -1        98 1.82245E+02 9.53082E+01 4.67752E+01
 -1        99 1.83046E+02 9.95499E+01-4.66960E+01
 -1       100 9.53411E+01 6.91125E+01 3.87654E+01
 -1       101 9.17149E+01 6.96012E+01 1.00692E+01
 -1       102 1.67863E+02 9.55304E+01 6.02222E-01
 -1       103 2.64000E+02 1.08694E+02 3.07686E+01
 -1       104 2.66074E+02 1.10030E+02-2.87087E+01
 -1       105 8.77484E+01 6.90628E+01-1.41010E+01
 -1       106 9.63544E+01 6.93100E+01-3.91434E+01
 -1       107 4.02450E+02 8.59353E+01-2.36679E+01
 -1       108 3.82562E+02 8.18693E+01-6.41152E+01
 -1       109 3.36922E+02 1.01094E+02-5.54231E+01
 -1       110 4.49310E+02 6.14985E+01-8.19876E-02
 -1       111 4.75111E+02 3.39885E+01-1.01005E+01
 -1       112 4.50152E+02 3.41193E+01-2.68194E+01
 -1       113 3.99269E+02 8.56073E+01 2.35572E+01
 -1       114 4.73996E+02 3.44312E+01 1.07906E+01
 -1       115 3.33215E+02 1.01241E+02 5.61807E+01
 -1       116 3.82355E+02 8.31597E+01 6.63432E+01
 -1       117 4.48824E+02 3.41112E+01 2.80235E+01
 -1       118 2.65835E+02 1.05325E+02 8.42040E+01
 -1       119 2.65433E+02 1.05385E+02-8.48588E+01
 -1       120 3.35986E+02-1.02712E+02 4.53200E-01
 -1       121 4.38931E+02-5.93564E+01 3.32306E+01
 -1       122 1.83990E+02-1.05058E+02 4.72815E+01
 -1       123 4.39102E+02-5.94783E+01-3.30200E+01
 -1       124 1.88083E+02-1.04730E+02-4.82767E+01
 -1       125 3.84295E+02-8.04590E+01-6.47200E+01
 -1       126 3.98799E+02-8.23502E+01-2.30912E+01
 -1       127 3.33763E+02-9.86805E+01-5.38655E+01
 -1       128 4.51698E+02-3.32136E+01-2.71382E+01
 -1       129 2.65492E+02-1.06790E+02-8.42410E+01
 -1       130 2.63699E+02-1.10815E+02-2.99028E+01
 -1       131 9.70499E+01-7.01483E+01-3.98289E+01
 -1       132 3.82670E+02-7.97101E+01 6.48683E+01
 -1       133 3.32996E+02-9.78959E+01 5.47709E+01
 -1       134 3.99342E+02-8.25470E+01 2.38779E+01
 -1       135 4.51533E+02-3.27337E+01 2.78042E+01
 -1       136 4.75233E+02-3.24296E+01 1.04791E+01
 -1       137 4.48986E+02-5.72481E+01 4.47616E-01
 -1       138 9.01432E+01-6.93686E+01 1.53660E+01
 -1       139 1.82151E+02-1.04986E+02-4.97484E-01
 -1       140 2.61882E+02-1.11940E+02 2.82568E+01
 -1       141 9.68079E+01-7.12482E+01 3.93653E+01
 -1       142 2.64683E+02-1.06600E+02 8.47730E+01
 -1       143 4.75163E+02-3.29358E+01-9.92827E+00
 -1       144 9.64249E+01-7.29907E+01-1.47690E+01
 -1       145 3.43791E+02-7.40706E-01 1.09671E+02
 -1       146 1.81349E+02-4.50314E+01 1.02510E+02
 -1       147 4.38639E+02-3.27234E+01 6.10703E+01
 -1       148 4.35846E+02 3.50912E+01 6.08230E+01
 -1       149 1.85853E+02 4.53096E+01 9.63419E+01
 -1       150 9.26935E+01 1.02159E+01 6.93431E+01
 -1       151 9.66807E+01 3.86435E+01 6.92691E+01
 -1       152 1.67335E+02 1.54363E+00 9.57874E+01
 -1       153 8.77423E+01-1.34798E+01 6.98441E+01
 -1       154 2.64789E+02-2.80342E+01 1.11089E+02
 -1       155 2.65294E+02 3.03438E+01 1.08548E+02
 -1       156 9.58378E+01-3.82756E+01 7.07080E+01
 -1       157 2.64837E+02 8.51864E+01 1.05142E+02
 -1       158 2.65066E+02-8.49120E+01 1.04797E+02
 -1       159 3.37634E+02-5.61589E+01 9.98635E+01
 -1       160 3.83683E+02-6.45124E+01 8.10066E+01
 -1       161 4.02667E+02-2.36824E+01 8.57874E+01
 -1       162 4.51182E+02-2.66072E+01 3.42150E+01
 -1       163 4.75853E+02-9.92574E+00 3.39304E+01
 -1       164 4.49577E+02 1.58213E-01 6.12139E+01
 -1       165 4.74337E+02 1.10932E+01 3.41815E+01
 -1       166 3.98860E+02 2.40276E+01 8.51588E+01
 -1       167 3.82682E+02 6.67374E+01 8.24530E+01
 -1       168 3.32751E+02 5.55671E+01 1.01878E+02
 -1       169 4.48918E+02 2.83724E+01 3.38138E+01
 -1       170 3.37206E+02-9.63026E-01-1.06980E+02
 -1       171 4.37165E+02-3.30256E+01-5.84053E+01
 -1       172 4.39174E+02 3.32764E+01-5.97004E+01
 -1       173 1.87601E+02-4.72009E+01-1.04535E+02
 -1       174 1.84998E+02 4.52930E+01-9.87221E+01
 -1       175 2.65809E+02-8.42667E+01-1.06625E+02
 -1       176 9.70298E+01-3.92301E+01-7.03300E+01
 -1       177 2.63654E+02-2.94055E+01-1.10883E+02
 -1       178 3.35325E+02-5.47276E+01-1.00268E+02
 -1       179 3.83657E+02-6.44712E+01-8.01433E+01
 -1       180 4.51004E+02-2.72659E+01-3.31969E+01
 -1       181 3.98727E+02-2.42247E+01-8.28113E+01
 -1       182 3.82162E+02 6.57565E+01-7.94541E+01
 -1       183 4.00119E+02 2.35189E+01-8.40540E+01
 -1       184 3.32414E+02 5.58718E+01-9.82791E+01
 -1       185 4.51178E+02 2.76863E+01-3.30366E+01
 -1       186 4.75909E+02 1.03415E+01-3.28805E+01
 -1       187 4.49859E+02 1.30766E-01-5.79372E+01
 -1       188 9.50943E+01-1.27440E+01-7.33252E+01
 -1       189 1.74780E+02 4.32984E+00-9.98864E+01
 -1       190 2.64113E+02 8.51205E+01-1.05131E+02
 -1       191 2.62470E+02 2.96712E+01-1.09337E+02
 -1       192 9.60449E+01 3.91632E+01-7.13985E+01
 -1       193 9.49385E+01 1.18221E+01-7.35836E+01
 -1       194 4.74646E+02-9.82347E+00-3.29161E+01
 -1       195 2.63882E+02-2.72031E+01-2.70760E+01
 -1       196 4.26699E+02 2.36921E+01 2.35153E+01
 -1       197 8.17356E+01 4.49189E+01 2.61462E+01
 -1       198 1.67042E+02 7.04234E+01 2.24133E+01
 -1       199 3.00769E+02 7.19707E+01 4.53037E+01
 -1       200 3.86261E+02 6.81634E+01 1.22492E+01
 -1       201 2.13461E+02 3.87346E+01 3.85884E+01
 -1       202 4.08804E+02-4.48592E+01 6.75865E+01
 -1       203 4.44120E+02-4.68439E+01 4.86858E+01
 -1       204 4.53061E+02-3.03441E+01 3.09721E+01
 -1       205 4.50290E+02-1.05281E+01 5.14276E+01
 -1       206 3.86323E+02 1.21976E+01 6.78203E+01
 -1       207 5.11106E+02-1.96961E+01 1.14482E+01
 -1       208 4.88503E+02-2.72098E+01 2.03597E+01
 -1       209 4.65526E+02-1.71006E+01-4.78068E+01
 -1       210 4.87484E+02-1.94373E+01-2.77459E+01
 -1       211 5.11281E+02 1.13772E+01-2.01468E+01
 -1       212 4.88475E+02 2.01924E+01-2.76021E+01
 -1       213 2.60410E+02 5.85424E+01-8.27281E+01
 -1       214 1.79314E+02 7.31627E+01-7.44179E+01
 -1       215 7.95890E+01 2.70550E+01 4.50836E+01
 -1       216 1.67634E+02 2.32018E+01 6.97227E+01
 -1       217 5.10843E+02-2.03949E+01-1.04585E+01
 -1       218 4.88287E+02-2.79265E+01-1.99282E+01
 -1       219 4.78675E+02-3.42532E+01-4.71785E-01
 -1       220 3.90196E+02-3.89824E+01 1.24197E+01
 -1       221 5.11467E+02 7.85148E+00 7.65934E+00
 -1       222 4.79499E+02-5.18103E-01-3.51842E+01
 -1       223 4.52804E+02 3.10554E+01-3.06335E+01
 -1       224 3.89944E+02 1.21720E+01-3.95145E+01
 -1       225 3.45674E+02 5.54221E+01-5.49118E+01
 -1       226 2.14104E+02 3.96501E+01-3.98609E+01
 -1       227 3.04835E+02 4.15739E+01-1.49186E+01
 -1       228 3.06066E+02-1.44787E+01-7.18315E+01
 -1       229 1.66003E+02 2.93181E+00 4.74214E+01
 -1       230 2.15100E+02 1.71912E+01 1.67917E+01
 -1       231 3.84382E+02-6.17548E+01-3.81526E+01
 -1       232 4.59019E+02-1.18794E+01-1.18175E+01
 -1       233 3.06956E+02-7.24731E+01-1.35822E+01
 -1       234 1.66366E+02 4.72642E+01 2.23194E+00
 -1       235 3.46603E+02-5.48675E+01 5.51520E+01
 -1       236 3.04922E+02-1.46398E+01 4.12870E+01
 -1       237 1.21728E+02-7.17443E+00-7.34871E+00
 -1       238 3.51205E+02-5.29285E-01-7.09233E-01
 -1       239 4.88342E+02 2.05039E+01 2.81593E+01
 -1       240 4.94826E+02 7.26849E+00 3.37557E+01
 -1       241 5.00608E+02 2.15233E+01 2.12840E+01
 -1       242 4.44693E+02 3.09862E+01 5.09694E+01
 -1       243 4.88236E+02 2.84345E+01 2.02193E+01
 -1       244 4.94663E+02 3.39825E+01 7.02155E+00
 -1       245 4.44488E+02 5.13494E+01 3.06996E+01
 -1       246 4.42307E+02 4.95734E+01 4.91128E+01
 -1       247 3.74819E+02 6.51001E+01 6.40351E+01
 -1       248 1.79448E+02-7.51951E+01-7.54713E+01
 -1       249 2.16702E+02-7.07481E+01-3.83481E+01
 -1       250 2.16059E+02-3.82555E+01-7.04244E+01
 -1       251 3.05303E+02-7.01679E+01-6.96148E+01
 -1       252 7.88199E+01-4.32583E+01-2.81514E+01
 -1       253 1.19051E+02-4.75543E+01-1.00793E+01
 -1       254 1.18640E+02-2.89372E+01-2.93458E+01
 -1       255 7.86886E+01-2.76846E+01-4.38620E+01
 -1       256 1.18440E+02-1.04230E+01-4.90990E+01
 -1       257 2.16322E+02-7.08328E+01 1.33156E+01
 -1       258 4.49875E+02 5.17335E+01-1.05923E+01
 -1       259 1.20146E+02 9.30118E+00-2.88979E+01
 -1       260 7.86238E+01-4.36132E+01 2.92893E+01
 -1       261 7.84016E+01-2.91467E+01 4.41401E+01
 -1       262 4.88879E+02-1.91061E+01 2.84843E+01
 -1       263 4.43440E+02 4.89517E+01-4.69394E+01
 -1       264 8.04376E+01 2.71277E+01-4.84950E+01
 -1       265 1.79028E+02 7.24686E+01 7.31895E+01
 -1       266 8.02419E+01 4.22589E+01-2.94484E+01
 -1       267 4.44366E+02-4.72727E+01-4.74345E+01
 -1       268 1.78997E+02-7.53091E+01 7.39736E+01
 -1       269 4.88314E+02 2.84160E+01-1.93212E+01
 -1       270 5.12718E+02-9.74659E+00 2.10689E+01
 -1       271 7.60767E+01-1.27693E+01 3.14930E+01
 -1       272 2.13642E+02-3.91566E+01 3.97346E+01
 -1       273 2.60556E+02 5.82102E+01 8.30938E+01
 -1       274 4.08070E+02 6.80236E+01-4.47849E+01
 -1       275 5.12493E+02 2.10656E+01-1.00382E+01
 -1       276 7.70807E+01 3.01846E+01-1.43888E+01
 -1       277 4.08392E+02-4.52908E+01-6.57544E+01
 -1       278 2.63047E+02-8.46854E+01 5.57993E+01
 -1       279 1.70412E+02 2.21839E+01-7.48055E+01
 -1       280 7.48527E+01-2.82923E+01 1.21410E+01
 -3
    1PSTEP                        11           1           1          
    1PGM                1.000000E+00                                  
    1PGK                6.534803E+11                                  
    1PHID                         -1                                  
    1PSUBC                         0                                  
    1PMODE                         4                                  
  100CL  104 128657.8803         280                     2    4MODAL      1
 -4  STRESS      6    1
 -5  SXX         1    4    1    1
 -5  SYY         1    4    2    2
 -5  SZZ         1    4    3    3
 -5  SXY         1    4    1    2
 -5  SYZ         1    4    2    3
 -5  SZX         1    4    3    1
 -1         1 2.08757E+07 6.83355E+06 6.80740E+06 4.19275E+06 1.07547E+06 4.15318E+06
 -1         2 2.09478E+07 6.90509E+06 6.79342E+06 4.15869E+06-1.05893E+06-4.30003E+06
 -1         3 2.10664E+07 6.83846E+06 6.87344E+06-4.17631E+06-1.01488E+06 4.22951E+06
 -1         4 2.09248E+07 6.88863E+06 6.90308E+06-4.15621E+06 9.13398E+05-4.18034E+06
 -1         5-7.16870E+04 1.37114E+05 1.32057E+05-6.70524E+03-6.91971E+04-1.14386E+04
 -1         6 1.77621E+04 1.39693E+05 1.17620E+05 4.24339E+04 2.42873E+04-2.22895E+04
 -1         7 1.10655E+04 1.21604E+05 1.33081E+05-2.19115E+04 2.80075E+04 3.42407E+04
 -1         8 5.14292E+03 1.20037E+05 1.28617E+05-2.00898E+04-3.03104E+04-2.79566E+04
 -1         9 1.77505E+07 6.91011E+06 7.35542E+06 4.74133E+06 9.42621E+03-1.91666E+05
 -1        10 2.06624E+07 8.85535E+06 8.85535E+06 5.60364E+06-6.62074E-01 1.56596E+06
 -1        11 1.99401E+07 8.54578E+06 8.54577E+06 5.45214E+06 9.06753E-01-1.83977E+06
 -1        12 1.77977E+07 7.36787E+06 6.95916E+06-1.39228E+05 1.91786E+04 4.73246E+06
 -1        13 2.07732E+07 8.90284E+06 8.90284E+06 1.61258E+06-8.93236E-01 5.56559E+06
 -1        14 2.00103E+07 8.57585E+06 8.57586E+06-1.79935E+06 9.51924E-01 5.49519E+06
 -1        15 1.77085E+07 5.77643E+06 6.61128E+06-4.12503E+06-3.24746E+04 8.46325E+04
 -1        16 2.04519E+07 8.76511E+06 8.76510E+06-5.42077E+06 3.30092E-01 1.91325E+06
 -1        17 2.14162E+07 9.17841E+06 9.17840E+06-5.58607E+06-7.62879E-01-1.87441E+06
 -1        18 1.73992E+07 6.72517E+06 5.56258E+06-7.78607E+03 4.36451E+04-4.11902E+06
 -1        19 2.12119E+07 9.09083E+06 9.09083E+06 1.74391E+06 9.15173E-01-5.88434E+06
 -1        20 2.11772E+07 9.07597E+06 9.07598E+06-1.74605E+06-1.07205E+00-5.62382E+06
 -1        21 2.88555E+04 1.45507E+05-5.75254E+05 2.84378E+03 1.67299E+04-5.70026E+03
 -1        22-1.35718E+04 1.23254E+05-2.06181E+05-2.48441E+04-2.98444E+04-2.65382E+04
 -1        23 2.07275E+04 1.43984E+05-1.83921E+05 1.49528E+04 1.70130E+04 1.51628E+04
 -1        24 3.59608E+04-5.73375E+05 1.50558E+05 3.78316E+03 2.59687E+04 9.06210E+03
 -1        25-6.87629E+03-2.05502E+05 1.23070E+05-2.14064E+04-2.51704E+04-2.54738E+04
 -1        26 2.55592E+04-1.77386E+05 1.42113E+05 2.17513E+04 2.32892E+04 1.68668E+04
 -1        27 3.83598E+04 2.42549E+04-7.22015E+05 3.98862E+04-2.82731E+04-6.77240E+02
 -1        28 3.11686E+04 7.79944E+04-2.17745E+05-6.18062E+03-1.85744E+04-5.53758E+02
 -1        29 3.82669E+04 5.66886E+04-2.42113E+05-4.09339E+03-8.61669E+03 3.47386E+03
 -1        30 3.58607E+04-6.63144E+05 2.76685E+04-2.25295E+04-1.44943E+04 3.79765E+04
 -1        31 2.39353E+04-1.97355E+05 7.19036E+04 7.53029E+03-2.51404E+04-6.78021E+03
 -1        32-2.60391E+04-2.72966E+05 7.27900E+04-2.87192E+03-6.35207E+03 8.42661E+03
 -1        33 8.14372E+06-4.83489E+05-4.94024E+05-5.36673E+05 6.81613E+04-4.99901E+05
 -1        34 1.32982E+07 7.87682E+05 6.07494E+05 7.65304E+05 5.23171E+05 8.44598E+05
 -1        35 4.44398E+06-2.51535E+04-1.98992E+04-7.18851E+04 5.97139E+04-8.48714E+04
 -1        36 8.01243E+06-4.93294E+05-4.89252E+05-6.10867E+05 1.16897E+05 5.27417E+05
 -1        37 1.32590E+07 8.47097E+05 7.56163E+05 7.49762E+05-4.36291E+05-8.95734E+05
 -1        38 4.66451E+06 4.87189E+04 2.86876E+04-9.81664E+04 3.76250E+04 8.07195E+04
 -1        39 8.07051E+06-4.33480E+05-4.93678E+05 5.09757E+05 1.57897E+05-5.80261E+05
 -1        40 1.31815E+07 6.17318E+05 6.57765E+05-8.86193E+05-2.79883E+05 8.14824E+05
 -1        41 4.68508E+06 3.39218E+04 4.88997E+04 7.54406E+04 3.50739E+04-8.07403E+04
 -1        42 8.23386E+06-6.39880E+05-6.88569E+05 6.13041E+05-2.65565E+04 6.37751E+05
 -1        43 1.31250E+07 4.00344E+05 3.70506E+05-7.75093E+05 2.20672E+05-7.41624E+05
 -1        44 4.61168E+06 3.79794E+04 3.21454E+04 1.11656E+05 3.14601E+04 9.46145E+04
 -1        45 1.53326E+07 5.59468E+06 5.55569E+06 7.80923E+04-1.10361E+05 1.78724E+05
 -1        46 1.54138E+07 5.71603E+06 5.63126E+06 1.90942E+06 5.33499E+04-2.46329E+06
 -1        47 1.59529E+07 5.41737E+06 5.43832E+06 2.22003E+06 3.09229E+05 2.27990E+06
 -1        48 1.41607E+07 5.81452E+06 5.79326E+06-2.01935E+06-5.53908E+04-2.06431E+06
 -1        49 1.41331E+07 6.07037E+06 6.00538E+06-2.17744E+06-1.03309E+04 2.20525E+06
 -1        50 1.75377E+07 6.76201E+06 6.61557E+06 3.23306E+06-4.45519E+05-3.57350E+06
 -1        51 1.64697E+07 7.05848E+06 7.05847E+06 3.78747E+06 1.71304E+00-1.24315E+06
 -1        52 1.66675E+07 7.02325E+06 6.74327E+06 2.82409E+06 1.10177E+05-1.91959E+05
 -1        53 1.49062E+07 6.01643E+06 6.44802E+06 1.08730E+06-8.40970E+04-9.93094E+05
 -1        54 1.71971E+07 6.69614E+06 7.11174E+06 3.63332E+06-2.51072E+05 7.23516E+05
 -1        55 1.74936E+07 6.59673E+06 6.56957E+06 3.34001E+06 4.92219E+05 3.34078E+06
 -1        56 1.71078E+07 6.28291E+06 6.27459E+06 1.23781E+06 5.67107E+05 1.20378E+06
 -1        57 1.70058E+07 6.97561E+06 6.61211E+06 8.59734E+05-2.66191E+05 3.67405E+06
 -1        58 1.66526E+07 6.77604E+06 7.02861E+06-1.32602E+05 1.20939E+05 2.84009E+06
 -1        59 1.62548E+07 6.96636E+06 6.96637E+06-1.23758E+06 1.51158E+00 3.86025E+06
 -1        60 1.74307E+07 6.79634E+06 6.77267E+06-3.30096E+06-3.69285E+05 3.34042E+06
 -1        61 1.33911E+07 5.68184E+06 5.54620E+06-1.21694E+06-6.73323E+04 1.27364E+06
 -1        62 1.70603E+07 6.68345E+06 6.10965E+06 6.79027E+05 4.92720E+05-3.52938E+06
 -1        63 1.55402E+07 6.66011E+06 6.66011E+06-1.63931E+05 6.20116E-01-1.76038E+06
 -1        64 1.58267E+07 5.99472E+06 6.49769E+06-3.07892E+06-2.89003E+05-9.74055E+05
 -1        65 1.70831E+07 6.64292E+06 6.63564E+06-3.21185E+06 3.67279E+05-3.25341E+06
 -1        66 1.55688E+07 6.67239E+06 6.67239E+06-9.23479E+05 9.53603E-01-9.49999E+05
 -1        67 1.55185E+07 6.56564E+06 6.36688E+06-2.14146E+06 2.72522E+05-7.52480E+02
 -1        68 1.56974E+07 6.51123E+06 5.96988E+06-9.25143E+05-2.62205E+05-3.16280E+06
 -1        69 1.65353E+07 7.08658E+06 7.08657E+06-3.72015E+06 7.69788E-01 1.29319E+06
 -1        70 7.94001E+05-9.14259E+05-9.14861E+05 1.78617E+04-4.36489E+04 2.13330E+04
 -1        71 1.64089E+05-3.90740E+05-4.92035E+05-1.11917E+05-2.55633E+04 9.06393E+04
 -1        72 2.85565E+05-4.64241E+05-4.85805E+05 1.40332E+05 2.52353E+04 1.67792E+05
 -1        73 1.60400E+05-4.82618E+05-4.10484E+05 9.00244E+04-8.01789E+03-1.16576E+05
 -1        74 1.10116E+05-3.48359E+05-3.48648E+05-5.27680E+04 6.55313E+04-5.24549E+04
 -1        75 1.56240E+05-5.63553E+05-2.56089E+05 5.47417E+04 1.03524E+04 9.36134E+04
 -1        76 4.71438E+04-1.33113E+05-1.27060E+05 5.96855E+04 4.07687E+04 7.32121E+04
 -1        77 1.10253E+05-2.28771E+05-5.93736E+05 5.96584E+04-5.49189E+04 7.80994E+04
 -1        78 4.42331E+05-7.04399E+05-4.86029E+05-5.97694E+03-7.38001E+04 5.40864E+03
 -1        79 5.29566E+05-7.83745E+05-7.45863E+05 4.33234E+04-1.54170E+04 5.12630E+04
 -1        80 4.46532E+05-4.81037E+05-7.22503E+05 9.60298E+03-7.16290E+04 2.81673E+04
 -1        81 1.29240E+05-4.96915E+05-1.14663E+05 4.78583E+04 6.64903E+04-6.68376E+04
 -1        82 7.56066E+04-8.77384E+04-4.25571E+04 5.05909E+04-4.97075E+04-4.85006E+04
 -1        83 9.46021E+04-2.60737E+05-5.83712E+05 4.86903E+04-9.32146E+02-5.44336E+04
 -1        84 2.46350E+05-7.89874E+05-6.18794E+05-2.28621E+04-4.59318E+04-2.64469E+04
 -1        85 1.52042E+05-6.34948E+05-2.70869E+05-3.40082E+04 6.62605E+04 3.28830E+04
 -1        86-8.43218E+03-4.74227E+05-1.22601E+05-3.52791E+04 2.67906E+04-4.02281E+04
 -1        87 1.11875E+04-6.47812E+04-6.41805E+04-3.59115E+04 3.24163E+04-3.88446E+04
 -1        88-1.47731E+04-1.22139E+05-4.76192E+05-4.33121E+04 2.12520E+04-3.84021E+04
 -1        89 2.32633E+05-4.36208E+05-4.52233E+05 3.21665E+04 1.18944E+05 2.83595E+04
 -1        90 1.48862E+05-2.50223E+05-6.46836E+05 3.58414E+04 5.56755E+04-3.71534E+04
 -1        91 1.00686E+05-5.47036E+05-2.66616E+05-5.10735E+04-5.18655E+03 5.20189E+04
 -1        92 8.02108E+04-3.41289E+04-9.67910E+04-4.32197E+04-6.03254E+04 5.03499E+04
 -1        93 2.39411E+05-5.90145E+05-7.93990E+05-2.51810E+04-6.37879E+04-2.21334E+04
 -1        94 1.27029E+05-1.03871E+05-5.03096E+05-6.99830E+04 5.33814E+04 4.33602E+04
 -1        95 1.18785E+07-1.38743E+06-2.04735E+06-5.06291E+05 3.90026E+04 5.62546E+04
 -1        96 5.85756E+06-1.83562E+05-7.72423E+05-2.53625E+05-1.28662E+04 1.19398E+05
 -1        97 5.95382E+06-9.99606E+04-9.16530E+05-1.27353E+05-7.27485E+03-1.90090E+05
 -1        98 1.42171E+07-8.99936E+05-5.78266E+05 9.44223E+04-2.98446E+05 7.27592E+05
 -1        99 1.48296E+07-9.11483E+05-4.55026E+05 5.42382E+05-1.10668E+04-6.89027E+05
 -1       100 1.69493E+07 1.86141E+06 2.40288E+06 2.00670E+06 5.52509E+05 2.26607E+06
 -1       101 1.47900E+07 6.41537E+05 2.48393E+06 1.81127E+06-6.33644E+04 3.34361E+05
 -1       102 1.42920E+07 3.48708E+05 1.30379E+06 1.41676E+06 1.22615E+05-6.18698E+04
 -1       103 1.32807E+07-1.49880E+06-1.43744E+06-3.46795E+05 1.39458E+05-1.37644E+03
 -1       104 1.34208E+07-1.09722E+06-1.15125E+06 1.15708E+05 1.57096E+05-1.96681E+04
 -1       105 1.58363E+07 2.15078E+06 3.03160E+06 2.56955E+06-3.14440E+04-3.88144E+05
 -1       106 1.71242E+07 1.72053E+06 2.48917E+06 2.08003E+06-6.46039E+05-2.18546E+06
 -1       107 7.84394E+06-2.95564E+05-1.39516E+06-4.68420E+05-5.76189E+04 7.72554E+04
 -1       108 7.41682E+06 6.57855E+04-3.87828E+05-1.45009E+05-8.32661E+04 1.64122E+05
 -1       109 1.00717E+07-9.80501E+04-7.75431E+05-3.73087E+05-1.19108E+05 1.36962E+05
 -1       110 5.32573E+06-1.39756E+05-1.20127E+06-4.10907E+05-2.93408E+04 1.15760E+05
 -1       111 2.93465E+06-5.77990E+04-6.81834E+05-1.43594E+05-1.27523E+03 7.17399E+04
 -1       112 2.95335E+06-5.40734E+04-3.43638E+05-5.83342E+04 2.75311E+04 4.08352E+04
 -1       113 8.05065E+06-2.65433E+05-1.62117E+06-4.47120E+05 5.08556E+04 9.80355E+04
 -1       114 3.07010E+06 1.79718E+04-7.31666E+05-3.79492E+04-6.08256E+03-7.89031E+04
 -1       115 9.61151E+06-2.12863E+05-1.10528E+06-3.09658E+05 2.31602E+05-2.31863E+05
 -1       116 7.43544E+06 4.53724E+04-4.49527E+05-1.48703E+05 1.34661E+05-2.94764E+05
 -1       117 2.94679E+06-4.62199E+04-3.63931E+05-4.98037E+04-4.95663E+04-1.09581E+05
 -1       118 1.08544E+07-4.07136E+05-7.26045E+05-2.75429E+05-2.71919E+05 6.80935E+04
 -1       119 1.07317E+07-4.62279E+05-9.61568E+05-3.98102E+05 2.79703E+05-3.39471E+04
 -1       120 1.13228E+07-5.01234E+05-1.59495E+06 6.44134E+05 2.18835E+04 3.68120E+04
 -1       121 6.12146E+06-1.61713E+05-8.41392E+05 2.44577E+05-3.32407E+04-1.78442E+05
 -1       122 1.44968E+07-1.20603E+06-3.68650E+05-5.33629E+05-8.44680E+03 6.82243E+05
 -1       123 5.97129E+06-1.95746E+05-8.43566E+05 2.33043E+05 2.08287E+04 2.16017E+05
 -1       124 1.40788E+07-1.30515E+06-5.85398E+05 2.56080E+04 1.15799E+05-9.50803E+05
 -1       125 7.56728E+06-8.78477E+04-4.80796E+05 2.35091E+05 9.67510E+04 2.65514E+05
 -1       126 8.71140E+06-2.36938E+05-1.18593E+06 3.26333E+05 1.22243E+04 6.20425E+04
 -1       127 9.87360E+06-3.38900E+05-9.87171E+05 4.82560E+05 7.90426E+04 3.65679E+05
 -1       128 2.89777E+06-4.89396E+04-3.69050E+05 4.74994E+04 3.39981E+03 6.93629E+04
 -1       129 1.02812E+07-8.84982E+05-1.14725E+06 6.13690E+05-1.50710E+05 7.45988E+03
 -1       130 1.16638E+07-5.07063E+05-1.60099E+06 4.67715E+05 1.40377E+05-2.25215E+05
 -1       131 1.70807E+07 1.59285E+06 2.57244E+06-1.95945E+06 5.77119E+05-2.34890E+06
 -1       132 7.71289E+06 6.67885E+04-3.70875E+05 1.71170E+05-9.61707E+04-1.86641E+05
 -1       133 1.00803E+07-5.73908E+03-7.39763E+05 5.32489E+05 1.08561E+04-2.76742E+05
 -1       134 8.86194E+06-2.37295E+05-1.12493E+06 3.88978E+05 5.26626E+04-2.11699E+04
 -1       135 2.92598E+06-5.90220E+04-4.10845E+05 5.74701E+04 3.53246E+03-4.89527E+04
 -1       136 2.94387E+06-5.02241E+04-7.58907E+05 1.59823E+05-1.14463E+03-1.02773E+05
 -1       137 5.72358E+06-1.11505E+05-1.05645E+06 2.33256E+05 3.62788E+04-2.10755E+04
 -1       138 1.60377E+07 2.07957E+06 2.99881E+06-2.39688E+06 1.08132E+05 4.38921E+05
 -1       139 1.38989E+07 4.64214E+05 1.06773E+06-9.40453E+05-9.55241E+04 1.93190E+05
 -1       140 1.17553E+07-8.43552E+05-1.46590E+06 4.09910E+05-1.46280E+05 2.71001E+05
 -1       141 1.71771E+07 1.66938E+06 2.61396E+06-2.12595E+06-5.93056E+05 2.17287E+06
 -1       142 9.93064E+06-9.76963E+05-1.41077E+06 6.04271E+05 4.40648E+05-2.11804E+05
 -1       143 2.93691E+06-4.53559E+04-7.87408E+05 1.52868E+05 5.08232E+03 1.20415E+05
 -1       144 1.58176E+07 9.94420E+05 2.73943E+06-1.89374E+06-1.28406E+05-4.64943E+05
 -1       145 1.19461E+07-2.00412E+06-1.38591E+06 1.08869E+04 3.61904E+04-5.07428E+05
 -1       146 1.50414E+07-4.28103E+05-7.88859E+05-7.00619E+05-5.87527E+04 4.85152E+05
 -1       147 5.84637E+06-7.78561E+05-1.76617E+05 1.49530E+05-1.19346E+04-2.50886E+05
 -1       148 5.95362E+06-9.10213E+05-7.96377E+04-1.92533E+05-1.31837E+04-1.12574E+05
 -1       149 1.36268E+07-8.88401E+05-1.60332E+06 7.88139E+05-4.36633E+04-5.26893E+05
 -1       150 1.50368E+07 2.67996E+06 7.89072E+05 2.63430E+05-6.93060E+03 1.57466E+06
 -1       151 1.71411E+07 2.44242E+06 1.92358E+06 2.28406E+06 5.86001E+05 1.90180E+06
 -1       152 1.42405E+07 1.28840E+06 3.41600E+05-9.69162E+04 1.71062E+05 1.42446E+06
 -1       153 1.58158E+07 3.02957E+06 2.21433E+06-3.68407E+05 3.08024E+04 2.55690E+06
 -1       154 1.34867E+07-1.28335E+06-1.23332E+06-6.52374E+04 1.15244E+05 6.72033E+04
 -1       155 1.27942E+07-1.49632E+06-1.60784E+06 2.98964E+04 2.42924E+05-7.59935E+05
 -1       156 1.70701E+07 2.42348E+06 1.61897E+06-2.09085E+06-6.84971E+05 2.10825E+06
 -1       157 9.86034E+06-1.46912E+06-1.06488E+06-7.03523E+04-3.97401E+05-5.19234E+05
 -1       158 1.08115E+07-9.46415E+05-6.29656E+05-1.10542E+05 2.03709E+05-4.15008E+05
 -1       159 1.01513E+07-7.96165E+05-7.60771E+04 1.78092E+05-1.58102E+05-3.28704E+05
 -1       160 7.43348E+06-3.82204E+05 6.88135E+04 1.84843E+05-8.35559E+04-1.18475E+05
 -1       161 7.89993E+06-1.41830E+06-3.08615E+05 1.18042E+05-7.69483E+04-4.57357E+05
 -1       162 2.93836E+06-3.46273E+05-6.08098E+04 5.76051E+04 2.87660E+04-5.94444E+04
 -1       163 2.93834E+06-6.82271E+05-4.50509E+04 8.87529E+04 5.18768E+03-1.40746E+05
 -1       164 5.38200E+06-1.21923E+06-1.60432E+05 1.34252E+05-3.24940E+04-3.96727E+05
 -1       165 3.08264E+06-7.31282E+05 3.16987E+04-7.54158E+04-7.32531E+03-2.50997E+04
 -1       166 8.15454E+06-1.54577E+06-2.30714E+05 1.02590E+05 3.11277E+04-4.39068E+05
 -1       167 7.41410E+06-4.93120E+05 3.95017E+03-2.87483E+05 1.61322E+05-1.56027E+05
 -1       168 9.89045E+06-1.06662E+06-3.13189E+05-2.64931E+05 2.15364E+05-4.10880E+05
 -1       169 2.94339E+06-3.55576E+05-4.48466E+04-1.09443E+05-5.01770E+04-4.97613E+04
 -1       170 1.17344E+07-1.70701E+06-7.73487E+05-4.73489E+04-3.93365E+04 5.68711E+05
 -1       171 5.86436E+06-7.84402E+05-2.90773E+04 2.06049E+05-4.90277E+04 5.35066E+04
 -1       172 6.14284E+06-8.88265E+05-1.75328E+05-1.53872E+05-4.91847E+04 2.64672E+05
 -1       173 1.40861E+07-7.23875E+05-1.29346E+06-9.35137E+05 1.55673E+05 8.05404E+04
 -1       174 1.33821E+07-9.72180E+05-1.64027E+06 7.64758E+05 3.35892E+04 6.20538E+05
 -1       175 1.03159E+07-1.16174E+06-9.30853E+05-2.75597E+04-1.43328E+05 6.66539E+05
 -1       176 1.70868E+07 2.49411E+06 1.61726E+06-2.32605E+06 6.01131E+05-1.95449E+06
 -1       177 1.20820E+07-1.72181E+06-6.29872E+05-2.45857E+05 1.60941E+05 3.72293E+05
 -1       178 1.01421E+07-8.54194E+05-3.49763E+05 2.80727E+05 1.60816E+05 3.60705E+05
 -1       179 7.39385E+06-4.17189E+05 5.45231E+04 2.63209E+05 8.59158E+04 1.37825E+05
 -1       180 2.96822E+06-3.27880E+05 2.55935E+04 1.04867E+05-5.61939E+04 1.60858E+04
 -1       181 8.54898E+06-1.16444E+06-8.67241E+04 8.09531E+04 1.04545E+03 1.34104E+05
 -1       182 7.71593E+06-3.93765E+05 5.00593E+04-2.11735E+05-1.07690E+05 1.79743E+05
 -1       183 8.84217E+06-1.28528E+06-3.61817E+05 3.41037E+04-2.43228E+04 4.70173E+05
 -1       184 1.01263E+07-8.80368E+05-1.08129E+05-3.56976E+05-9.18556E+04 5.16106E+05
 -1       185 2.93377E+06-4.28777E+05-6.52999E+04-3.10334E+04-2.84754E+03 6.65108E+04
 -1       186 2.94395E+06-7.50676E+05-5.52121E+04-9.17061E+04 6.02973E+03 1.72952E+05
 -1       187 5.70612E+06-1.07265E+06-8.68045E+04 1.76989E+04 2.84035E+04 2.47790E+05
 -1       188 1.55227E+07 2.57267E+06 1.07232E+06-3.04405E+05-7.98599E+04-1.89313E+06
 -1       189 1.39566E+07 1.18442E+06 3.77266E+05-3.57380E+04 3.73741E+04-1.16675E+06
 -1       190 9.90428E+06-1.40760E+06-9.15752E+05-7.23397E+04 4.76123E+05 5.65195E+05
 -1       191 1.21633E+07-1.61086E+06-1.64397E+06 3.96103E+04-2.62475E+05 9.81864E+05
 -1       192 1.70382E+07 2.43889E+06 1.88358E+06 2.27665E+06-5.80803E+05-1.95257E+06
 -1       193 1.54541E+07 2.91351E+06 9.20657E+05 4.34098E+05 4.82810E+04-1.73319E+06
 -1       194 2.97867E+06-7.08007E+05 7.96610E+03 6.04188E+04-2.09462E+04 5.93631E+04
 -1       195 1.59808E+07-6.25021E+05-5.76700E+05-1.68563E+05 5.63412E+03-1.22563E+05
 -1       196 1.13318E+07-1.37327E+06-1.34354E+06-2.21037E+05-5.33514E+04-2.26192E+05
 -1       197 1.46693E+07 1.51427E+06 1.92199E+06 1.23863E+06 2.87606E+04 1.49824E+06
 -1       198 1.45972E+07 1.07496E+06 1.21353E+06 8.70959E+05 2.11581E+05 5.68872E+05
 -1       199 1.38193E+07-3.88422E+05-4.11493E+05-5.70302E+04-1.99821E+05-3.36908E+04
 -1       200 1.18522E+07-1.02572E+06-1.50070E+06-4.21715E+05-7.73875E+04-4.73684E+04
 -1       201 1.39195E+07 8.05658E+05 7.24547E+05 7.37786E+05 1.68505E+05 7.42193E+05
 -1       202 8.71523E+06-8.85844E+05-6.33181E+05 1.42350E+05-1.13126E+05-3.77520E+05
 -1       203 6.08019E+06-4.42070E+05-4.76648E+05 1.72642E+05-2.56003E+04-2.07928E+05
 -1       204 8.69891E+06-6.86383E+05-1.04458E+06 1.14814E+05-4.55500E+04-2.60392E+05
 -1       205 8.30362E+06-9.85142E+05-7.54435E+05 8.78134E+04-2.19133E+04-3.30851E+05
 -1       206 1.18828E+07-1.47228E+06-1.01863E+06-2.02210E+04-5.45939E+04-3.97371E+05
 -1       207 3.42062E+06-6.09780E+05-8.08918E+05 1.36717E+05-8.75406E+04-8.50194E+04
 -1       208 3.04326E+06-3.56007E+05-6.32498E+05 1.86655E+05-2.75422E+04-1.56233E+05
 -1       209 5.97656E+06-9.33174E+05-3.64534E+05 9.97363E+04 3.48642E+04 2.88699E+05
 -1       210 3.09456E+06-5.85169E+05-2.62055E+05 1.79290E+05 2.02680E+04 1.34216E+05
 -1       211 3.39999E+06-8.03731E+05-6.15329E+05-6.75046E+04-9.27152E+04 1.41812E+05
 -1       212 3.04338E+06-6.41180E+05-3.66577E+05-1.38996E+05-3.96178E+04 1.97196E+05
 -1       213 1.38836E+07-6.23499E+05-2.58655E+05 1.08764E+05 2.81436E+04-1.35178E+05
 -1       214 1.45169E+07-5.59160E+05-3.89740E+05 5.24466E+05 3.35301E+05-2.50021E+05
 -1       215 1.45203E+07 2.17808E+06 1.65987E+06 1.41418E+06 9.56258E+04 1.09941E+06
 -1       216 1.45227E+07 1.23462E+06 1.10767E+06 6.78169E+05 9.81068E+04 1.02008E+06
 -1       217 3.56906E+06-5.49273E+05-8.00786E+05 1.89957E+05 6.26260E+04 1.60959E+05
 -1       218 3.13395E+06-3.25111E+05-5.98621E+05 1.97350E+05 3.30003E+04 2.01451E+05
 -1       219 6.57200E+06-6.10796E+05-1.14790E+06 2.62960E+05 3.30969E+02 2.08458E+04
 -1       220 1.15975E+07-6.90820E+05-1.26288E+06 2.61544E+05 4.83754E+03-6.55876E+04
 -1       221 5.66900E+06-1.16921E+06-1.17001E+06-7.62131E+04-3.43020E+04-8.60960E+04
 -1       222 6.51772E+06-1.19142E+06-7.37317E+05 5.96736E+04 2.81181E+04 3.01510E+05
 -1       223 8.75845E+06-1.06936E+06-6.73166E+05-2.54382E+05-5.09911E+04 9.82635E+04
 -1       224 1.16576E+07-1.36701E+06-8.55005E+05-4.77026E+04-6.32385E+03 2.48042E+05
 -1       225 1.20989E+07-9.96747E+05-7.82796E+05-2.39001E+05-5.28861E+04 2.40549E+05
 -1       226 1.57430E+07 2.79973E+05-3.51972E+05 3.97980E+05 1.01194E+04-4.53229E+05
 -1       227 1.45926E+07-2.66748E+05-7.70370E+05 6.87492E+04 1.07957E+05 1.21851E+05
 -1       228 1.40320E+07-8.98174E+05-6.85757E+05-1.76477E+04 7.48097E+03 1.56469E+05
 -1       229 1.45616E+07 1.17990E+06 1.17552E+06-1.61658E+05-4.10240E+04 3.62837E+05
 -1       230 1.42045E+07 9.48150E+05 9.39909E+05 5.95314E+03 2.20085E+04-5.46861E+03
 -1       231 1.06993E+07-6.26005E+05-8.64394E+05 1.28964E+05-4.92967E+04 1.00675E+05
 -1       232 8.51066E+06-8.60668E+05-7.91906E+05 1.07603E+05 6.18205E+04 9.64174E+04
 -1       233 1.36320E+07-6.42655E+05-8.18631E+05 2.83122E+05 2.51752E+04 3.79755E+04
 -1       234 1.45565E+07 1.20411E+06 1.13768E+06 3.54201E+05-6.54049E+04-1.10946E+05
 -1       235 1.19933E+07-7.16561E+05-9.09695E+05 3.29162E+05-4.35063E+04-1.89145E+05
 -1       236 1.46988E+07-8.68162E+05-2.76711E+05 9.22038E+04 9.96806E+04 8.47243E+04
 -1       237 1.53989E+07 2.00964E+06 1.95790E+06-2.16646E+05-2.54505E+05-1.39242E+05
 -1       238 1.38122E+07-6.82809E+05-6.10825E+05 1.59534E+04-2.23870E+04 5.21228E+02
 -1       239 3.09799E+06-5.94352E+05-2.62971E+05-1.03966E+05 3.45833E+04-8.12939E+04
 -1       240 5.28361E+06-9.00063E+05-6.25230E+05-1.22436E+04 1.98798E+04-1.16274E+05
 -1       241 5.20688E+06-8.90250E+05-8.83190E+05-1.14827E+05 3.96629E+04-1.17495E+05
 -1       242 8.44395E+06-1.16356E+06-7.18399E+05-1.89399E+05 2.17098E+04-2.13548E+05
 -1       243 3.10230E+06-2.66012E+05-5.88916E+05-8.59907E+04 3.77857E+04-1.05154E+05
 -1       244 5.29310E+06-6.45316E+05-8.93473E+05-1.15776E+05 1.22362E+04-2.23783E+04
 -1       245 8.45763E+06-7.37977E+05-1.13271E+06-2.26509E+05 2.29711E+04-1.87708E+05
 -1       246 5.96889E+06-4.73864E+05-4.69514E+05-1.81099E+05-1.73769E+04-1.80653E+05
 -1       247 1.04346E+07-5.31991E+05-5.06557E+05-3.61634E+05 1.66529E+05-3.88661E+05
 -1       248 1.48960E+07-3.70595E+05-3.29680E+05-5.44862E+05-1.24956E+05-5.22164E+05
 -1       249 1.56345E+07-3.67946E+05-2.99282E+05-2.09998E+05 2.69613E+05-5.93607E+05
 -1       250 1.56565E+07-3.32450E+05-3.00341E+05-5.78309E+05 2.88063E+05-1.59670E+05
 -1       251 1.27214E+07-3.37002E+05-3.35732E+05 1.42768E+05 4.96013E+04 1.57190E+05
 -1       252 1.42515E+07 1.50764E+06 2.46995E+06-1.10817E+06 6.61933E+04-1.52274E+06
 -1       253 1.62036E+07 1.39874E+06 2.36012E+06-1.73515E+06-6.49113E+04-1.21882E+05
 -1       254 1.50822E+07 2.16105E+06 2.11465E+06-1.09019E+06 2.46110E+04-1.10772E+06
 -1       255 1.42143E+07 2.39612E+06 1.48040E+06-1.48467E+06 9.73529E+04-1.11671E+06
 -1       256 1.58036E+07 2.20411E+06 1.49782E+06-1.20542E+05-8.86065E+04-1.77116E+06
 -1       257 1.52324E+07-7.23339E+05 1.49598E+05-5.34810E+05-1.74260E+05 2.48361E+05
 -1       258 8.32474E+06-7.73626E+05-9.80974E+05-3.35410E+05-3.11317E+04 6.39910E+04
 -1       259 1.53250E+07 2.30566E+06 1.49199E+06 5.12773E+05 6.03746E+04-9.21749E+05
 -1       260 1.46176E+07 1.89391E+06 2.75042E+06-1.38203E+06 3.64710E+04 1.36383E+06
 -1       261 1.46247E+07 2.74638E+06 1.98368E+06-1.35359E+06-1.10050E+05 1.41191E+06
 -1       262 3.08307E+06-5.72305E+05-3.44064E+05 1.28520E+05 1.56157E+03-1.68946E+05
 -1       263 6.10914E+06-4.96423E+05-4.42824E+05-2.00227E+05-3.33008E+04 1.63504E+05
 -1       264 1.46246E+07 2.40549E+06 1.83329E+06 1.41976E+06-3.10287E+04-1.22125E+06
 -1       265 1.45644E+07-2.65323E+05-3.16819E+05 4.80220E+05-4.54218E+05 3.34557E+05
 -1       266 1.49655E+07 1.78022E+06 2.37652E+06 1.39095E+06-1.64484E+05-1.47364E+06
 -1       267 5.95392E+06-5.17077E+05-4.57375E+05 2.00245E+05-4.13320E+04 1.29774E+05
 -1       268 1.52376E+07-2.66407E+05-1.24968E+05-6.71340E+05 7.54707E+04 6.45584E+05
 -1       269 3.08957E+06-3.44037E+05-5.77117E+05-1.68590E+05-7.38766E+03 1.14321E+05
 -1       270 3.31264E+06-7.87067E+05-5.01042E+05 4.47206E+04-3.05630E+04-1.23988E+05
 -1       271 1.51940E+07 2.68270E+06 2.41551E+06-6.16688E+05-2.52507E+05 8.61557E+05
 -1       272 1.59367E+07-1.21038E+05 3.68341E+05-5.17907E+05 1.79188E+04 3.17705E+05
 -1       273 1.38028E+07-5.49321E+05-4.64748E+05 9.36993E+03-2.27767E+05 6.62215E+04
 -1       274 8.73714E+06-6.31603E+05-8.47667E+05-3.92014E+05-9.56507E+04 1.03477E+05
 -1       275 3.32538E+06-4.89015E+05-7.89486E+05-1.19225E+05-4.02756E+04 3.32102E+04
 -1       276 1.51393E+07 2.29228E+06 2.58925E+06 8.38551E+05-3.88077E+05-6.18041E+05
 -1       277 8.92062E+06-8.15905E+05-5.94775E+05 1.54972E+05 4.14296E+04 3.00370E+05
 -1       278 1.33652E+07-3.39866E+05-5.81543E+05-1.09691E+05-6.54075E+04 1.04398E+05
 -1       279 1.40079E+07 1.45679E+06 1.35137E+06 7.79532E+05-7.59837E+04-9.15699E+05
 -1       280 1.49499E+07 2.39904E+06 2.73108E+06-8.05798E+05-1.21146E+05 6.26351E+05
 -3
    1PSTEP                        12           1           1          
    1PGM                1.000000E+00                                  
    1PGK                6.534803E+11                                  
    1PHID                         -1                                  
    1PSUBC                         0                                  
    1PMODE                         4                                  
  100CL  104 128657.8803         280                     2    4MODAL      1
 -4  ERROR       1    1
 -5  STR(%)      1    1    0    0
 -1         1 1.40913E+01
 -1         2 1.42076E+01
 -1         3 1.41544E+01
 -1         4 1.41429E+01
 -1         5 2.35818E+01
 -1         6 2.30786E+01
 -1         7 2.30970E+01
 -1         8 2.35846E+01
 -1         9 8.58023E+00
 -1        10 1.13358E+01
 -1        11 1.13939E+01
 -1        12 8.54460E+00
 -1        13 1.13179E+01
 -1        14 1.13495E+01
 -1        15 8.51851E+00
 -1        16 1.13365E+01
 -1        17 1.13307E+01
 -1        18 8.53389E+00
 -1        19 1.13707E+01
 -1        20 1.13384E+01
 -1        21 2.37946E+01
 -1        22 2.36882E+01
 -1        23 2.34366E+01
 -1        24 2.37664E+01
 -1        25 2.36741E+01
 -1        26 2.34317E+01
 -1        27 2.30970E+01
 -1        28 2.30970E+01
 -1        29 2.33408E+01
 -1        30 2.35846E+01
 -1        31 2.33316E+01
 -1        32 2.35846E+01
 -1        33 1.65257E+01
 -1        34 1.53085E+01
 -1        35 2.00538E+01
 -1        36 1.69205E+01
 -1        37 1.55640E+01
 -1        38 1.99996E+01
 -1        39 1.69936E+01
 -1        40 1.55740E+01
 -1        41 2.00453E+01
 -1        42 1.66757E+01
 -1        43 1.54093E+01
 -1        44 2.01301E+01
 -1        45 6.37270E+00
 -1        46 8.53389E+00
 -1        47 8.58023E+00
 -1        48 8.53085E+00
 -1        49 8.54460E+00
 -1        50 1.13707E+01
 -1        51 8.55706E+00
 -1        52 7.47647E+00
 -1        53 7.45329E+00
 -1        54 8.58023E+00
 -1        55 1.13358E+01
 -1        56 7.47647E+00
 -1        57 8.56242E+00
 -1        58 7.45865E+00
 -1        59 8.54460E+00
 -1        60 1.13495E+01
 -1        61 7.45865E+00
 -1        62 8.53389E+00
 -1        63 7.45329E+00
 -1        64 8.52468E+00
 -1        65 1.13369E+01
 -1        66 7.45178E+00
 -1        67 7.44560E+00
 -1        68 8.53237E+00
 -1        69 8.53155E+00
 -1        70 2.37946E+01
 -1        71 2.30786E+01
 -1        72 2.35846E+01
 -1        73 2.30970E+01
 -1        74 2.37946E+01
 -1        75 2.35846E+01
 -1        76 2.35846E+01
 -1        77 2.33408E+01
 -1        78 2.36896E+01
 -1        79 2.36896E+01
 -1        80 2.34458E+01
 -1        81 2.34317E+01
 -1        82 2.30970E+01
 -1        83 2.30970E+01
 -1        84 2.34458E+01
 -1        85 2.37805E+01
 -1        86 2.37805E+01
 -1        87 2.36882E+01
 -1        88 2.37946E+01
 -1        89 2.37946E+01
 -1        90 2.37946E+01
 -1        91 2.33316E+01
 -1        92 2.30786E+01
 -1        93 2.34366E+01
 -1        94 2.34366E+01
 -1        95 1.62390E+01
 -1        96 2.29354E+01
 -1        97 2.35818E+01
 -1        98 1.40913E+01
 -1        99 1.42076E+01
 -1       100 1.40913E+01
 -1       101 1.13358E+01
 -1       102 1.24096E+01
 -1       103 1.51652E+01
 -1       104 1.52233E+01
 -1       105 1.13939E+01
 -1       106 1.42076E+01
 -1       107 1.95872E+01
 -1       108 1.99280E+01
 -1       109 1.65798E+01
 -1       110 2.00168E+01
 -1       111 2.33650E+01
 -1       112 2.30070E+01
 -1       113 1.99104E+01
 -1       114 2.36882E+01
 -1       115 1.63824E+01
 -1       116 2.00538E+01
 -1       117 2.35818E+01
 -1       118 1.53085E+01
 -1       119 1.55640E+01
 -1       120 2.00053E+01
 -1       121 2.30970E+01
 -1       122 1.41544E+01
 -1       123 2.29910E+01
 -1       124 1.41429E+01
 -1       125 1.98333E+01
 -1       126 2.14981E+01
 -1       127 1.83405E+01
 -1       128 2.32878E+01
 -1       129 1.54093E+01
 -1       130 1.70741E+01
 -1       131 1.41429E+01
 -1       132 2.00453E+01
 -1       133 1.84994E+01
 -1       134 2.15511E+01
 -1       135 2.30970E+01
 -1       136 2.30970E+01
 -1       137 2.15511E+01
 -1       138 1.13365E+01
 -1       139 1.42619E+01
 -1       140 1.70799E+01
 -1       141 1.41544E+01
 -1       142 1.55740E+01
 -1       143 2.30440E+01
 -1       144 1.13307E+01
 -1       145 1.62002E+01
 -1       146 1.41544E+01
 -1       147 2.29486E+01
 -1       148 2.35722E+01
 -1       149 1.40913E+01
 -1       150 1.13179E+01
 -1       151 1.40913E+01
 -1       152 1.23724E+01
 -1       153 1.13495E+01
 -1       154 1.51773E+01
 -1       155 1.51457E+01
 -1       156 1.41544E+01
 -1       157 1.53085E+01
 -1       158 1.55740E+01
 -1       159 1.65969E+01
 -1       160 1.99711E+01
 -1       161 1.95744E+01
 -1       162 2.30228E+01
 -1       163 2.33575E+01
 -1       164 1.99833E+01
 -1       165 2.36693E+01
 -1       166 1.98862E+01
 -1       167 2.00490E+01
 -1       168 1.63630E+01
 -1       169 2.35770E+01
 -1       170 2.24173E+01
 -1       171 2.35846E+01
 -1       172 2.30786E+01
 -1       173 1.41429E+01
 -1       174 1.42076E+01
 -1       175 1.54093E+01
 -1       176 1.41429E+01
 -1       177 1.82801E+01
 -1       178 1.95465E+01
 -1       179 2.01301E+01
 -1       180 2.35846E+01
 -1       181 2.30009E+01
 -1       182 1.99996E+01
 -1       183 2.27480E+01
 -1       184 1.96689E+01
 -1       185 2.30786E+01
 -1       186 2.33316E+01
 -1       187 2.30009E+01
 -1       188 1.13384E+01
 -1       189 1.54756E+01
 -1       190 1.55640E+01
 -1       191 1.83124E+01
 -1       192 1.42076E+01
 -1       193 1.13707E+01
 -1       194 2.35846E+01
 -1       195 1.63388E+01
 -1       196 2.37946E+01
 -1       197 1.13358E+01
 -1       198 1.24096E+01
 -1       199 1.89429E+01
 -1       200 2.00168E+01
 -1       201 1.61874E+01
 -1       202 1.96486E+01
 -1       203 2.30228E+01
 -1       204 2.34458E+01
 -1       205 2.33716E+01
 -1       206 1.99974E+01
 -1       207 2.34458E+01
 -1       208 2.30970E+01
 -1       209 2.30009E+01
 -1       210 2.35846E+01
 -1       211 2.34366E+01
 -1       212 2.30786E+01
 -1       213 1.83124E+01
 -1       214 1.42076E+01
 -1       215 1.13358E+01
 -1       216 1.23902E+01
 -1       217 2.33928E+01
 -1       218 2.32878E+01
 -1       219 2.18999E+01
 -1       220 2.18999E+01
 -1       221 2.37946E+01
 -1       222 2.31059E+01
 -1       223 2.34366E+01
 -1       224 2.31059E+01
 -1       225 1.93282E+01
 -1       226 1.52732E+01
 -1       227 1.62889E+01
 -1       228 1.93780E+01
 -1       229 1.12864E+01
 -1       230 1.50836E+01
 -1       231 1.96649E+01
 -1       232 2.00667E+01
 -1       233 1.81720E+01
 -1       234 1.13059E+01
 -1       235 1.81027E+01
 -1       236 1.62695E+01
 -1       237 1.13557E+01
 -1       238 2.00667E+01
 -1       239 2.36834E+01
 -1       240 2.37805E+01
 -1       241 2.37946E+01
 -1       242 2.36834E+01
 -1       243 2.36882E+01
 -1       244 2.37946E+01
 -1       245 2.36882E+01
 -1       246 2.35770E+01
 -1       247 2.01602E+01
 -1       248 1.41429E+01
 -1       249 1.52408E+01
 -1       250 1.52408E+01
 -1       251 1.65072E+01
 -1       252 1.13369E+01
 -1       253 1.24286E+01
 -1       254 1.24348E+01
 -1       255 1.13369E+01
 -1       256 1.24363E+01
 -1       257 1.52466E+01
 -1       258 2.33650E+01
 -1       259 1.24363E+01
 -1       260 1.13495E+01
 -1       261 1.13495E+01
 -1       262 2.30228E+01
 -1       263 2.30070E+01
 -1       264 1.13707E+01
 -1       265 1.40913E+01
 -1       266 1.13707E+01
 -1       267 2.32878E+01
 -1       268 1.41544E+01
 -1       269 2.30070E+01
 -1       270 2.33716E+01
 -1       271 1.02636E+01
 -1       272 1.52466E+01
 -1       273 1.51457E+01
 -1       274 1.96588E+01
 -1       275 2.33650E+01
 -1       276 1.02901E+01
 -1       277 2.27041E+01
 -1       278 1.70799E+01
 -1       279 1.54756E+01
 -1       280 1.02636E+01
 -3
    1PSTEP                        13           1           1          
    1PGM                1.000000E+00                                  
    1PGK                8.110909E+11                                  
    1PHID                         -1                                  
    1PSUBC                         0                                  
    1PMODE                         5                                  
  100CL  105 143335.8690         280                     2    5MODAL      1
 -4  DISP        4    1
 -5  D1          1    2    1    0
 -5  D2          1    2    2    0
 -5  D3          1    2    3    0
 -5  ALL         1    2    0    0    1ALL
 -1         1 0.00000E+00 0.00000E+00 0.00000E+00
 -1         2 0.00000E+00 0.00000E+00 0.00000E+00
 -1         3 0.00000E+00 0.00000E+00 0.00000E+00
 -1         4 0.00000E+00 0.00000E+00 0.00000E+00
 -1         5-4.67021E+02-8.87690E+00-2.13675E+02
 -1         6 8.34897E+02 1.46105E+02-2.53826E+02
 -1         7-8.35578E+02 1.47986E+02-2.55035E+02
 -1         8 4.64411E+02-1.46516E+01-2.07360E+02
 -1         9 0.00000E+00 0.00000E+00 0.00000E+00
 -1        10 0.00000E+00 0.00000E+00 0.00000E+00
 -1        11 0.00000E+00 0.00000E+00 0.00000E+00
 -1        12 0.00000E+00 0.00000E+00 0.00000E+00
 -1        13 0.00000E+00 0.00000E+00 0.00000E+00
 -1        14 0.00000E+00 0.00000E+00 0.00000E+00
 -1        15 0.00000E+00 0.00000E+00 0.00000E+00
 -1        16 0.00000E+00 0.00000E+00 0.00000E+00
 -1        17 0.00000E+00 0.00000E+00 0.00000E+00
 -1        18 0.00000E+00 0.00000E+00 0.00000E+00
 -1        19 0.00000E+00 0.00000E+00 0.00000E+00
 -1        20 0.00000E+00 0.00000E+00 0.00000E+00
 -1        21 2.00439E+02 9.08268E+01-2.29783E+02
 -1        22-1.19105E+02 5.18605E+01-2.04627E+02
 -1        23 5.09205E+02 1.08699E+02-2.34687E+02
 -1        24-7.08626E+02 6.52756E+01-3.24797E+02
 -1        25-6.02532E+02 6.82171E+00-2.75874E+02
 -1        26-7.75275E+02 1.20685E+02-2.89132E+02
 -1        27-1.97842E+02 8.75382E+01-2.23485E+02
 -1        28-5.09368E+02 1.09577E+02-2.33264E+02
 -1        29 1.20106E+02 4.88384E+01-1.99021E+02
 -1        30 6.93320E+02 6.09169E+01-3.00920E+02
 -1        31 7.71565E+02 1.18910E+02-2.84620E+02
 -1        32 5.98049E+02 3.79809E+00-2.67632E+02
 -1        33-2.63547E+02-2.84267E+02 4.15327E+02
 -1        34-7.47992E+01-2.05775E+02 3.14896E+02
 -1        35-4.10022E+02-1.79646E+02 1.63091E+02
 -1        36 4.54606E+02 8.15260E+01 3.05964E+02
 -1        37 1.28400E+02 5.00379E+01 2.41051E+02
 -1        38 7.30739E+02 1.10655E+02 8.19904E+01
 -1        39-4.44690E+02 7.82621E+01 3.01682E+02
 -1        40-1.24610E+02 4.76623E+01 2.36839E+02
 -1        41-7.30155E+02 1.11748E+02 8.40338E+01
 -1        42 2.45529E+02-2.86377E+02 4.14858E+02
 -1        43 7.06784E+01-2.03326E+02 3.07662E+02
 -1        44 4.05702E+02-1.83166E+02 1.67389E+02
 -1        45 0.00000E+00 0.00000E+00 0.00000E+00
 -1        46 0.00000E+00 0.00000E+00 0.00000E+00
 -1        47 0.00000E+00 0.00000E+00 0.00000E+00
 -1        48 0.00000E+00 0.00000E+00 0.00000E+00
 -1        49 0.00000E+00 0.00000E+00 0.00000E+00
 -1        50 0.00000E+00 0.00000E+00 0.00000E+00
 -1        51 0.00000E+00 0.00000E+00 0.00000E+00
 -1        52 0.00000E+00 0.00000E+00 0.00000E+00
 -1        53 0.00000E+00 0.00000E+00 0.00000E+00
 -1        54 0.00000E+00 0.00000E+00 0.00000E+00
 -1        55 0.00000E+00 0.00000E+00 0.00000E+00
 -1        56 0.00000E+00 0.00000E+00 0.00000E+00
 -1        57 0.00000E+00 0.00000E+00 0.00000E+00
 -1        58 0.00000E+00 0.00000E+00 0.00000E+00
 -1        59 0.00000E+00 0.00000E+00 0.00000E+00
 -1        60 0.00000E+00 0.00000E+00 0.00000E+00
 -1        61 0.00000E+00 0.00000E+00 0.00000E+00
 -1        62 0.00000E+00 0.00000E+00 0.00000E+00
 -1        63 0.00000E+00 0.00000E+00 0.00000E+00
 -1        64 0.00000E+00 0.00000E+00 0.00000E+00
 -1        65 0.00000E+00 0.00000E+00 0.00000E+00
 -1        66 0.00000E+00 0.00000E+00 0.00000E+00
 -1        67 0.00000E+00 0.00000E+00 0.00000E+00
 -1        68 0.00000E+00 0.00000E+00 0.00000E+00
 -1        69 0.00000E+00 0.00000E+00 0.00000E+00
 -1        70-2.01100E+00 9.60878E+01-3.32264E+02
 -1        71 4.42202E+02 1.00865E+02-2.84927E+02
 -1        72 2.44525E+02 5.92842E+01-2.79164E+02
 -1        73-4.40918E+02 1.01410E+02-2.84950E+02
 -1        74-2.45052E+02 5.73512E+01-2.75212E+02
 -1        75 4.77102E+02 4.89504E+01-2.94346E+02
 -1        76 3.57368E+02 2.48250E+01-2.41441E+02
 -1        77 1.83134E+01 7.28280E+01-2.41770E+02
 -1        78 3.55469E+02 7.84097E+01-3.08605E+02
 -1        79 1.24004E+02 8.51304E+01-3.09465E+02
 -1        80-1.00143E+02 8.99121E+01-2.85823E+02
 -1        81-5.70382E+02 9.04669E+01-3.07739E+02
 -1        82-6.41128E+02 1.20955E+02-2.67993E+02
 -1        83-3.15619E+02 9.77066E+01-2.53141E+02
 -1        84-2.28467E+02 9.27968E+01-3.07632E+02
 -1        85-3.49607E+02 8.01158E+01-3.17642E+02
 -1        86-4.74901E+02 5.09600E+01-3.04355E+02
 -1        87-3.59406E+02 2.74103E+01-2.44208E+02
 -1        88-2.03166E+01 7.34769E+01-2.46912E+02
 -1        89-1.24515E+02 7.88239E+01-3.00277E+02
 -1        90 1.00962E+02 8.73360E+01-2.83828E+02
 -1        91 5.70962E+02 8.96355E+01-2.99646E+02
 -1        92 6.41372E+02 1.19662E+02-2.67657E+02
 -1        93 2.28302E+02 9.23726E+01-3.08317E+02
 -1        94 3.16129E+02 9.79303E+01-2.53290E+02
 -1        95 9.86128E+01-7.25888E+01 4.06595E+02
 -1        96 4.54316E+02 5.03961E+01 1.24409E+02
 -1        97-1.13790E+02-8.41986E+01 1.70830E+02
 -1        98-8.61698E+01-1.28125E+02 3.42329E+02
 -1        99 1.34352E+02-3.01994E+00 3.05072E+02
 -1       100-6.98489E+01-8.76559E+01 1.80133E+02
 -1       101-2.99778E+01-5.23518E+01 2.05742E+02
 -1       102 3.17694E+01-5.80620E+01 3.35264E+02
 -1       103-2.78397E+01-1.17583E+02 4.14150E+02
 -1       104 1.50301E+02-3.95430E+01 3.94981E+02
 -1       105 3.61671E+01-9.79589E+00 1.92210E+02
 -1       106 7.09925E+01 1.51682E+01 1.50221E+02
 -1       107 2.64413E+02-1.17967E+01 2.87814E+02
 -1       108 5.00949E+02 6.06783E+01 2.50649E+02
 -1       109 3.07766E+02 8.73613E+00 3.69106E+02
 -1       110 1.66642E+02-1.11776E+01 1.51256E+02
 -1       111 3.44461E+02 6.39774E+01-4.44212E+01
 -1       112 6.45442E+02 1.00929E+02-6.65744E+01
 -1       113 9.42555E+00-8.80277E+01 3.13518E+02
 -1       114 3.38166E+01 1.12873E+01-2.41109E+01
 -1       115-1.07643E+02-1.63654E+02 4.16975E+02
 -1       116-2.25030E+02-1.89283E+02 3.29068E+02
 -1       117-2.77480E+02-5.23097E+01-1.58355E+01
 -1       118-1.53770E+02-2.13276E+02 4.22854E+02
 -1       119 2.69905E+02 3.30075E+01 3.49543E+02
 -1       120-1.03543E+02-7.51261E+01 4.03212E+02
 -1       121-4.55188E+02 5.18525E+01 1.26402E+02
 -1       122-1.31751E+02-2.34284E+00 2.99786E+02
 -1       123 1.18696E+02-8.58284E+01 1.72629E+02
 -1       124 9.22137E+01-1.31235E+02 3.37605E+02
 -1       125 2.28456E+02-1.91940E+02 3.33179E+02
 -1       126-9.32995E+00-8.87770E+01 3.11811E+02
 -1       127 1.11502E+02-1.62248E+02 4.14979E+02
 -1       128 2.77110E+02-5.55592E+01-1.12589E+01
 -1       129 1.58334E+02-2.11411E+02 4.16733E+02
 -1       130 3.01752E+01-1.16061E+02 4.16151E+02
 -1       131 7.17446E+01-8.61427E+01 1.75571E+02
 -1       132-5.01747E+02 6.14639E+01 2.53477E+02
 -1       133-3.13615E+02 7.16623E+00 3.66620E+02
 -1       134-2.66551E+02-1.34127E+01 2.87165E+02
 -1       135-6.45762E+02 1.02152E+02-6.61868E+01
 -1       136-3.43126E+02 6.16198E+01-4.15630E+01
 -1       137-1.67295E+02-7.13292E+00 1.43506E+02
 -1       138-3.46368E+01-8.66719E+00 1.88491E+02
 -1       139-2.99470E+01-6.20668E+01 3.39996E+02
 -1       140-1.50638E+02-3.82510E+01 3.91413E+02
 -1       141-6.99830E+01 1.49294E+01 1.48467E+02
 -1       142-2.68228E+02 2.79240E+01 3.42774E+02
 -1       143-3.21794E+01 1.09935E+01-2.04304E+01
 -1       144 3.09377E+01-5.68488E+01 2.00793E+02
 -1       145-3.51259E+02-1.15964E+02 2.57420E+02
 -1       146-1.22957E+02-2.85218E+01 2.09382E+02
 -1       147-6.73881E+02 3.99244E+01 4.25174E+01
 -1       148-5.17874E+02-1.24728E+02 7.89586E+01
 -1       149-4.19199E+01-1.54271E+02 2.47675E+02
 -1       150 6.87399E+00-7.39911E+01 1.21404E+02
 -1       151 2.04393E+01-9.59018E+01 1.45896E+02
 -1       152-1.05184E+02-9.56273E+01 2.01995E+02
 -1       153-2.60150E+01-3.71559E+01 1.07534E+02
 -1       154-2.40489E+02-7.60874E+01 2.60079E+02
 -1       155-1.76385E+02-1.56879E+02 2.84541E+02
 -1       156-2.30668E+01 3.92485E+00 1.11387E+02
 -1       157-1.46322E+02-2.33545E+02 3.46029E+02
 -1       158-2.70915E+02 1.46798E+01 2.78497E+02
 -1       159-4.04187E+02-2.07270E+01 2.50389E+02
 -1       160-5.81803E+02 5.07376E+01 1.86959E+02
 -1       161-5.21930E+02-3.97061E+01 1.65691E+02
 -1       162-7.79407E+02 1.08111E+02-1.03643E+02
 -1       163-7.09478E+02 4.73808E+01-1.37865E+02
 -1       164-5.93250E+02-4.30690E+01 3.61402E+01
 -1       165-6.25873E+02-2.62320E+01-1.20593E+02
 -1       166-4.50798E+02-1.32795E+02 1.83989E+02
 -1       167-3.84755E+02-2.18670E+02 2.62958E+02
 -1       168-2.92026E+02-2.06003E+02 3.07160E+02
 -1       169-5.20560E+02-8.10843E+01-6.26343E+01
 -1       170 3.62120E+02-1.13661E+02 2.67159E+02
 -1       171 5.12643E+02-1.25385E+02 7.45533E+01
 -1       172 6.72841E+02 4.19892E+01 3.83520E+01
 -1       173 4.13888E+01-1.51444E+02 2.49511E+02
 -1       174 1.06328E+02-2.77495E+01 2.09859E+02
 -1       175 1.41380E+02-2.34453E+02 3.50731E+02
 -1       176-2.11072E+01-9.33994E+01 1.39815E+02
 -1       177 1.79834E+02-1.57083E+02 2.78961E+02
 -1       178 2.88187E+02-2.07003E+02 3.03825E+02
 -1       179 3.76137E+02-2.17379E+02 2.57246E+02
 -1       180 5.17764E+02-8.57624E+01-5.85560E+01
 -1       181 4.55543E+02-1.32120E+02 1.83971E+02
 -1       182 5.83169E+02 5.25431E+01 1.89923E+02
 -1       183 5.22838E+02-3.81076E+01 1.67466E+02
 -1       184 4.15463E+02-1.85010E+01 2.55111E+02
 -1       185 7.78616E+02 1.06918E+02-1.04615E+02
 -1       186 7.01502E+02 4.64599E+01-1.35153E+02
 -1       187 5.86007E+02-3.88610E+01 2.01561E+01
 -1       188-2.94300E+00-7.08634E+01 1.24517E+02
 -1       189 1.08897E+02-9.69924E+01 2.13259E+02
 -1       190 2.65166E+02 1.82931E+01 2.77459E+02
 -1       191 2.31544E+02-7.19286E+01 2.61894E+02
 -1       192 1.97714E+01 2.57299E+00 1.14095E+02
 -1       193 1.14988E+01-4.22756E+01 1.11413E+02
 -1       194 6.17922E+02-2.83174E+01-1.18529E+02
 -1       195 6.13968E+01-1.08438E+02 3.41419E+02
 -1       196-9.61254E+01-7.51000E+01 2.27286E+02
 -1       197-3.30335E+01-6.31108E+01 1.83070E+02
 -1       198-1.87818E+01-9.03167E+01 3.16723E+02
 -1       199-7.81674E+01-1.33050E+02 3.63834E+02
 -1       200 2.03048E+01-8.77803E+01 3.18761E+02
 -1       201-6.78736E+01-1.08929E+02 3.18436E+02
 -1       202-4.46633E+02-7.43423E+00 2.01992E+02
 -1       203-5.65028E+02 5.66691E+01 8.08268E+01
 -1       204-2.73739E+02-2.09783E+01 1.47407E+02
 -1       205-3.73511E+02-3.83661E+01 1.34107E+02
 -1       206-2.67731E+02-1.03024E+02 2.64294E+02
 -1       207-2.64348E+02 4.78970E+01-9.68139E+01
 -1       208-4.61414E+02 7.25290E+01-8.17531E+01
 -1       209 4.04111E+02-6.28505E+01 5.78479E+01
 -1       210 4.04705E+02-3.07655E+01-8.68499E+01
 -1       211 3.88395E+02 4.40571E+01-1.21900E+02
 -1       212 5.84340E+02 6.86605E+01-1.14041E+02
 -1       213 2.42438E+02-4.01497E+01 3.01144E+02
 -1       214 1.49761E+02-5.58149E+00 2.55218E+02
 -1       215-3.36911E+01-7.32350E+01 1.47822E+02
 -1       216-9.99769E+01-1.11512E+02 2.49646E+02
 -1       217 7.04625E+01 1.86754E+01-8.66469E+01
 -1       218 1.81384E+02-1.52863E+01-5.16060E+01
 -1       219-8.59512E+01-1.82789E+01 9.19867E+01
 -1       220-1.13110E+02-6.54891E+01 2.76952E+02
 -1       221-5.90484E+01 4.31998E+00-2.21263E+01
 -1       222 3.04457E+02-2.60265E+01 5.63071E+01
 -1       223 2.75567E+02-2.02314E+01 1.49016E+02
 -1       224 1.93001E+02-7.03788E+01 2.60832E+02
 -1       225 2.62423E+02-4.55185E+01 3.09717E+02
 -1       226 1.20429E+02-6.55281E+01 3.06517E+02
 -1       227 8.55911E+01-8.22920E+01 3.37399E+02
 -1       228 2.03500E+02-1.17775E+02 3.21132E+02
 -1       229-9.35791E+01-8.39498E+01 2.62064E+02
 -1       230-2.39040E+01-8.98114E+01 3.09236E+02
 -1       231 9.72503E+01-1.17316E+02 3.07436E+02
 -1       232 5.48927E+01-4.35124E+01 1.45855E+02
 -1       233-1.28473E+01-1.05136E+02 3.70249E+02
 -1       234 2.81418E+01-7.50386E+01 2.94539E+02
 -1       235-2.65156E+02-4.56011E+01 3.09700E+02
 -1       236-1.54514E+02-8.83493E+01 3.20116E+02
 -1       237 1.50674E+01-6.91846E+01 2.33990E+02
 -1       238-3.17499E-01-8.79816E+01 3.06660E+02
 -1       239-4.04021E+02-2.87101E+01-8.95120E+01
 -1       240-3.77813E+02-1.49387E+01-2.79174E+01
 -1       241-1.72934E+02-1.47493E+01-9.16506E+00
 -1       242-2.90023E+02-9.20815E+01 1.61164E+02
 -1       243-1.80870E+02-1.20697E+01-5.40897E+01
 -1       244 3.43425E+01-4.96650E-01 1.66457E+01
 -1       245-1.13546E+02-8.07875E+01 1.93005E+02
 -1       246-3.15967E+02-1.14317E+02 1.27683E+02
 -1       247-2.04394E+02-1.56794E+02 3.15026E+02
 -1       248 8.26776E+01-1.48690E+02 2.93193E+02
 -1       249 5.77503E+01-1.20545E+02 3.42977E+02
 -1       250 1.14094E+02-1.30857E+02 3.07462E+02
 -1       251 1.54853E+02-1.68633E+02 3.64087E+02
 -1       252 2.78734E+01-6.22229E+01 1.73013E+02
 -1       253-2.36433E+00-6.42022E+01 2.48949E+02
 -1       254 3.47240E+01-7.71960E+01 2.28337E+02
 -1       255 3.40169E+01-7.00467E+01 1.42421E+02
 -1       256 6.53321E+01-7.61336E+01 2.02002E+02
 -1       257-7.75103E+01-7.01200E+01 3.38740E+02
 -1       258 1.72534E+02-2.70604E+01 1.79996E+02
 -1       259 5.41342E+01-6.31530E+01 2.17935E+02
 -1       260-5.27326E+01-1.32238E+01 1.57851E+02
 -1       261-5.46422E+01-2.37366E+01 1.29866E+02
 -1       262-5.82007E+02 6.92273E+01-1.14003E+02
 -1       263 5.65684E+02 5.55372E+01 7.98282E+01
 -1       264 5.77132E+01-2.26494E+01 1.32412E+02
 -1       265-8.62584E+01-1.50604E+02 2.98036E+02
 -1       266 5.48287E+01-1.40453E+01 1.64393E+02
 -1       267 3.12857E+02-1.16343E+02 1.27260E+02
 -1       268-1.46342E+02-9.00410E+00 2.52466E+02
 -1       269 4.61466E+02 7.17921E+01-8.24637E+01
 -1       270-3.82598E+02 4.32915E+01-1.22407E+02
 -1       271-4.43070E+01-3.84504E+01 1.45165E+02
 -1       272-1.22014E+02-6.90172E+01 3.07936E+02
 -1       273-1.55000E+02-1.62593E+02 3.34224E+02
 -1       274 3.62849E+02 2.24083E+00 2.43188E+02
 -1       275 2.61845E+02 4.78067E+01-9.71632E+01
 -1       276 3.25307E+01-3.44659E+01 1.67279E+02
 -1       277 3.00939E+02-1.38557E+02 2.34916E+02
 -1       278-2.07968E+02-3.02492E+01 3.43242E+02
 -1       279 1.29407E+02-6.34116E+01 2.36554E+02
 -1       280-3.65884E+01-3.43789E+01 1.67342E+02
 -3
    1PSTEP                        14           1           1          
    1PGM                1.000000E+00                                  
    1PGK                8.110909E+11                                  
    1PHID                         -1                                  
    1PSUBC                         0                                  
    1PMODE                         5                                  
  100CL  105 143335.8690         280                     2    5MODAL      1
 -4  STRESS      6    1
 -5  SXX         1    4    1    1
 -5  SYY         1    4    2    2
 -5  SZZ         1    4    3    3
 -5  SXY         1    4    1    2
 -5  SYZ         1    4    2    3
 -5  SZX         1    4    3    1
 -1         1-3.12830E+06-6.85159E+05-1.59956E+06-4.97854E+06-4.38718E+05 8.91873E+06
 -1         2 5.44267E+06 1.64036E+06 2.29823E+06 5.13434E+05-9.57309E+05 7.18503E+06
 -1         3-5.22483E+06-1.77875E+06-2.09701E+06 5.27812E+05 1.00319E+06 6.98050E+06
 -1         4 3.04087E+06 5.96088E+05 1.40612E+06-4.70765E+06 5.46708E+05 8.33128E+06
 -1         5-9.51057E+05 4.83208E+05 2.51265E+05 4.38885E+05-1.74150E+05-6.74977E+05
 -1         6 1.55899E+06-7.66573E+05-5.63188E+05-1.98678E+05-2.46271E+05-4.78807E+05
 -1         7-1.54135E+06 7.79504E+05 4.78438E+05-2.53557E+05 1.96463E+05-5.13035E+05
 -1         8 9.55661E+05-4.69630E+05-1.20224E+05 4.77133E+05 1.06649E+05-7.20512E+05
 -1         9 4.12443E+05 1.23890E+05-6.40490E+04-1.76985E+06 1.62616E+05 1.46354E+07
 -1        10-1.22212E+07-5.23768E+06-5.23769E+06-4.67351E+06-2.61182E+00 1.32128E+07
 -1        11 8.61177E+06 3.69078E+06 3.69078E+06 4.23528E+05-1.89912E+00 1.16857E+07
 -1        12 5.07095E+05 6.97774E+05 8.59251E+05-4.26784E+06-4.49656E+04 7.18524E+06
 -1        13 1.03973E+07 4.45598E+06 4.45598E+06-5.70810E+06 1.79209E-01 8.82840E+06
 -1        14 2.67017E+06 1.14433E+06 1.14433E+06-1.16738E+06 1.74285E+00 7.02950E+06
 -1        15-1.20564E+06-4.09889E+05-3.29347E+05-1.82567E+06-2.48880E+04 1.42727E+07
 -1        16-8.34478E+06-3.57636E+06-3.57636E+06 4.57455E+05 3.92423E-01 1.15116E+07
 -1        17 1.21854E+07 5.22234E+06 5.22234E+06-4.76146E+06-1.75180E-01 1.27729E+07
 -1        18 3.59735E+06 1.22359E+06 3.47564E+04-4.26849E+06-9.85979E+04 7.16716E+06
 -1        19-4.71562E+06-2.02095E+06-2.02096E+06-1.58939E+06-4.88872E-01 7.42013E+06
 -1        20-9.63732E+06-4.13027E+06-4.13027E+06-5.44863E+06 1.48827E+00 8.58930E+06
 -1        21 9.92026E+05-3.55197E+05-1.16009E+06 8.14327E+04-1.09978E+06-2.30838E+06
 -1        22-1.64795E+05-3.07004E+05-7.85848E+05-1.08281E+04-8.05925E+05-1.43170E+06
 -1        23 5.13960E+05-2.32618E+05-8.77277E+05-2.10182E+05-5.58410E+05-1.46305E+06
 -1        24-2.59441E+06 4.72728E+06 9.39931E+05 6.95135E+05 2.41561E+05-5.56252E+05
 -1        25-2.58910E+05 3.12392E+06 7.85076E+05 3.36769E+05 6.11054E+04-1.92167E+05
 -1        26-3.50273E+04 3.66451E+06 1.22215E+06 4.14351E+05 2.55787E+05-6.44747E+04
 -1        27-4.42539E+05 1.94747E+05 1.56098E+06 8.64900E+04 1.18193E+06-2.03538E+06
 -1        28-6.10309E+05 2.42623E+05 1.15169E+06-5.06113E+04 6.55530E+05-1.38520E+06
 -1        29 5.35472E+05 2.74959E+05 8.88121E+05 1.25619E+05 6.98451E+05-1.42553E+06
 -1        30 1.78301E+06-5.02363E+06-6.29060E+05 6.46269E+05-2.03152E+05-3.38807E+05
 -1        31 3.12552E+05-3.52968E+06-7.19817E+05 1.77718E+05 1.67905E+03-1.21605E+05
 -1        32 1.43112E+05-3.18101E+06-6.70803E+05 5.86095E+05-3.31001E+05-3.11732E+05
 -1        33-1.51172E+07-3.85525E+04-7.72120E+05-1.51162E+05 7.08416E+04 3.83890E+05
 -1        34-1.07177E+07 4.10443E+05-9.96911E+05-2.17251E+06-6.56557E+05 3.93742E+06
 -1        35-8.20033E+06-2.69384E+04-1.77990E+05 9.31236E+05 4.79249E+04-6.27855E+05
 -1        36 2.80758E+07 1.70518E+05 2.18837E+05 1.06561E+05 2.15844E+05-1.36905E+05
 -1        37 1.84449E+07 6.60268E+04 8.03538E+05 6.21793E+05-6.26705E+05 2.75816E+06
 -1        38 1.53132E+07 3.09604E+04 3.08066E+05-7.14202E+05 1.39134E+05-3.73252E+05
 -1        39-2.80321E+07-1.26498E+05-1.33381E+05 1.19205E+05-2.28770E+05-9.12098E+04
 -1        40-1.80877E+07-1.75895E+05-8.24955E+05 1.00222E+06 2.37735E+05 2.39187E+06
 -1        41-1.57106E+07-6.19867E+04-1.88878E+05-5.24388E+05 1.85672E+05-5.46005E+05
 -1        42 1.50904E+07-9.12831E+04 8.46254E+05 5.89349E+04-8.98995E+04-1.60908E+05
 -1        43 9.99769E+06-3.61885E+05 9.50707E+05-2.40690E+06 1.60107E+05 3.18785E+06
 -1        44 8.61830E+06-3.28724E+05-1.27699E+05 8.33110E+05 2.46960E+05-1.14374E+06
 -1        45-7.77055E+05-4.25538E+05-4.17233E+05-3.69958E+06-4.66744E+04 1.21358E+07
 -1        46 8.84324E+06 2.75680E+06 2.67668E+06-2.14668E+06 1.05569E+05 1.09211E+07
 -1        47-5.32865E+06-2.55796E+06-8.97912E+04-4.21774E+06-8.29700E+04 1.19848E+07
 -1        48 5.38158E+06 2.25929E+06 1.15796E+06-4.19543E+06-1.43515E+05 1.13482E+07
 -1        49-9.12395E+06-3.58308E+06-3.52501E+06-1.71536E+06 1.91828E+05 9.95648E+06
 -1        50 8.48342E+06 3.19667E+06 2.95737E+06-4.61848E+05-3.00872E+05 8.99111E+06
 -1        51 5.13036E+06 2.19874E+06 2.19875E+06-1.37422E+06-2.14783E-01 1.25578E+07
 -1        52 6.76734E+05 1.79272E+05-7.92018E+04-2.86271E+06 1.15924E+05 1.29163E+07
 -1        53 5.03750E+06 2.06838E+06 2.39870E+06-2.99151E+06 4.01660E+04 1.13649E+07
 -1        54-3.97485E+06-1.85782E+06-1.39260E+06-3.31725E+06 4.21600E+04 1.37046E+07
 -1        55-5.35015E+06-2.25337E+06-1.69016E+06-4.80623E+06-1.72942E+05 1.04435E+07
 -1        56-3.25028E+06-1.41343E+06-8.99854E+05-3.86479E+06-1.27265E+05 1.22414E+07
 -1        57-2.18410E+06-9.16437E+05-7.27594E+04-4.68010E+06 2.37720E+05 9.42375E+06
 -1        58-2.31256E+06-1.02323E+06-1.00077E+06-3.69673E+06-4.03422E+05 9.91494E+06
 -1        59-4.13070E+06-1.77032E+06-1.77032E+06-2.86961E+06 3.90028E-01 8.16664E+06
 -1        60-7.43376E+06-2.76434E+06-2.52978E+06-4.98772E+05 2.90160E+05 8.59842E+06
 -1        61-6.46077E+06-2.68151E+06-2.61043E+06-2.75943E+06 6.62058E+04 1.07788E+07
 -1        62 6.44808E+06 2.23582E+06 1.59528E+06-2.70528E+06 4.56589E+05 9.01208E+06
 -1        63 7.13651E+06 3.05851E+06 3.05852E+06-3.73738E+06-5.79266E-01 1.08833E+07
 -1        64 1.50168E+06 8.14164E+05 7.14563E+05-3.29986E+06 6.50322E+04 1.27379E+07
 -1        65 4.65781E+06 1.94599E+06 1.38647E+06-4.61660E+06 1.77691E+05 9.74854E+06
 -1        66 2.74153E+06 1.17495E+06 1.17496E+06-3.78097E+06-6.44685E-01 1.19637E+07
 -1        67-1.93629E+06-8.00669E+05-7.32578E+05-2.96831E+06-1.67753E+05 1.26503E+07
 -1        68 5.80054E+06 2.19108E+06 1.40858E+06-4.48196E+06-3.69457E+05 9.32257E+06
 -1        69-4.62932E+06-1.98401E+06-1.98402E+06-1.27504E+06-1.85457E-01 1.20890E+07
 -1        70-5.04874E+05-4.97703E+04 1.01691E+05 5.69724E+05 1.65299E+05-1.84858E+06
 -1        71-6.71515E+05-1.81991E+06-1.12396E+06 3.36924E+05-1.02321E+06-5.38662E+05
 -1        72-1.08803E+06-1.41747E+06-3.20410E+05 2.61805E+05 3.62588E+05-1.37079E+06
 -1        73 7.06480E+05 1.93112E+06 1.32733E+06 1.46061E+05 1.03106E+06-7.14085E+05
 -1        74 7.78419E+04 1.11814E+06 8.08018E+05 3.51304E+05-4.92831E+05-1.03489E+06
 -1        75 1.80638E+05-2.94254E+06-3.45852E+05 5.17388E+05-2.07377E+05-1.05881E+06
 -1        76 7.75017E+04-9.00752E+05-4.67393E+05 2.47464E+05 3.20642E+05-7.52670E+05
 -1        77-5.90800E+05-5.49774E+05 1.12559E+06 2.41127E+05 1.13521E+06-1.24895E+06
 -1        78-1.32854E+06-2.86685E+06-4.86370E+03 4.74984E+05-1.42953E+05-1.26943E+06
 -1        79-1.91510E+06-9.67538E+05 3.78322E+05 3.00753E+05 2.18126E+05-1.57586E+06
 -1        80 2.45559E+05-7.50061E+04 6.44371E+05 5.13302E+05 1.32752E+06-1.68533E+06
 -1        81 2.04621E+05 3.69233E+06 1.58159E+06 4.75503E+05 9.65191E+05-4.52398E+05
 -1        82-1.96089E+05 1.64642E+06 1.57376E+06-1.72156E+04 3.99577E+05-5.52177E+05
 -1        83 4.44219E+05 6.46038E+05 6.42359E+05 1.03543E+05 1.22003E+06-1.12566E+06
 -1        84 1.41530E+06 9.00690E+05 1.79877E+05 2.31650E+05 1.25638E+06-8.68253E+05
 -1        85-7.45070E+05 2.43091E+06 2.07076E+05 1.40144E+05 1.34257E+05-1.57025E+06
 -1        86-1.05421E+06 3.14246E+06 1.24233E+06 4.68168E+05-3.45702E+05-7.88427E+05
 -1        87-1.09074E+05 7.43287E+05 8.61294E+05 2.51145E+05-3.12832E+05-6.96513E+05
 -1        88 5.92979E+05 3.08040E+04-7.88933E+05 2.33936E+05-7.08744E+05-1.61403E+06
 -1        89-1.43445E+05 7.20250E+05-3.59022E+05 5.01352E+05-6.93897E+05-1.93186E+06
 -1        90 2.63434E+05-4.92477E+04-1.12907E+06 3.50752E+05-9.96166E+05-1.52849E+06
 -1        91 5.28228E+04-3.48937E+06-6.53648E+05 4.15509E+05-5.93649E+05-3.64504E+05
 -1        92 1.72510E+05-1.57076E+06-1.50370E+06 9.96113E+04-4.32526E+05-4.81177E+05
 -1        93-1.16763E+06-6.60498E+05 4.23561E+04 3.50728E+05-1.20649E+06-5.32399E+05
 -1        94-6.91855E+05-9.54661E+05-6.76405E+05 5.65335E+04-1.10836E+06-1.17397E+06
 -1        95 5.98001E+06 3.00604E+05 1.00750E+05-9.67141E+04 6.89719E+04 3.77992E+06
 -1        96 8.29863E+06-1.51563E+05 6.04507E+03 9.72575E+04-5.20967E+04-1.90579E+06
 -1        97-1.07040E+06 2.45571E+05-1.48449E+06 5.02516E+05-9.04412E+04-2.32975E+06
 -1        98-3.34939E+06 8.34059E+05 1.17169E+05-1.58959E+06 2.80385E+05 9.89341E+06
 -1        99 1.31437E+07-2.97704E+05-8.70047E+05-4.27078E+05 1.92594E+04 8.81141E+06
 -1       100-5.94547E+06-7.26906E+05-6.11765E+05-3.15318E+06 2.11313E+05 9.47942E+06
 -1       101-2.00565E+06 9.20226E+05 6.20498E+05-1.25229E+06 1.44561E+05 1.25992E+07
 -1       102 4.21875E+06 3.81720E+05 5.32450E+05-7.68496E+05 2.20095E+05 1.00042E+07
 -1       103 1.21385E+06 7.41987E+05-4.61536E+05-3.33782E+05-3.20146E+04 7.63166E+06
 -1       104 9.56630E+06 3.07984E+05-2.54533E+04-5.89345E+05-1.91585E+05 6.72102E+06
 -1       105 7.54420E+06-9.30429E+04-4.94123E+05-1.06116E+06 2.67943E+05 1.16010E+07
 -1       106 1.10004E+07 7.62837E+05 5.36613E+05 2.84503E+05-1.57849E+05 8.18299E+06
 -1       107 8.00405E+06 1.06971E+05 7.21507E+05-1.04430E+05 3.19404E+05-6.24722E+04
 -1       108 1.74229E+07-2.80025E+04 2.89572E+04-3.79697E+05 2.62388E+05-8.72287E+05
 -1       109 1.50769E+07 1.46397E+05 5.41776E+05-2.97523E+05-2.54763E+05 1.81602E+06
 -1       110 3.92118E+06 1.09027E+05-6.15217E+05 2.34200E+05-5.22054E+05-1.12642E+06
 -1       111 4.05784E+06-3.68229E+05-6.26377E+05 1.83935E+05-5.56717E+05-2.07779E+06
 -1       112 5.13743E+06-3.69298E+04-6.40497E+04-1.07059E+05-3.91371E+05-1.30223E+06
 -1       113 3.14678E+06 1.05166E+05-1.44751E+06 2.83039E+05 2.73442E+05-2.85641E+05
 -1       114 4.43213E+05 1.85691E+05-1.10734E+06 1.11103E+05-7.34956E+05-2.43631E+06
 -1       115-1.66834E+06 5.16409E+05-6.94826E+05-1.51174E+05 2.18523E+05 2.22802E+06
 -1       116-6.67782E+06-9.53080E+04-9.75534E+05 4.22696E+05 1.87817E+05-8.76491E+05
 -1       117-1.46352E+06 3.17611E+05-5.52967E+05 4.85395E+05-2.70018E+05-1.57848E+06
 -1       118-8.93701E+06 4.54674E+05-6.57276E+05-1.37804E+06-8.66398E+04 5.01579E+06
 -1       119 2.07061E+07-1.57887E+05-1.67221E+05 3.05649E+05 1.23394E+05 4.31518E+06
 -1       120-5.77897E+06-3.02935E+05-8.78061E+04-8.01101E+04 1.68945E+03 3.39721E+06
 -1       121-7.82936E+06 3.14624E+05 3.06809E+04-3.98390E+04 2.12947E+05-1.77187E+06
 -1       122-1.39089E+07 3.98425E+05 9.83693E+05-4.10192E+05-2.37523E+05 8.86879E+06
 -1       123 7.85984E+05-3.67639E+05 1.44021E+06 7.69438E+05 1.06753E+05-2.02820E+06
 -1       124 4.55506E+06-6.40897E+05-9.17664E+05-1.07745E+06-9.25692E+04 1.02456E+07
 -1       125 7.28006E+06-6.11763E+05 1.33133E+06 9.33404E+05 2.62456E+05-1.09102E+06
 -1       126-2.56431E+06 1.12081E+04 1.65741E+06 4.63996E+05-8.47826E+04-9.96268E+03
 -1       127 1.35969E+06-7.49975E+05 6.48789E+05 2.35973E+05 6.34422E+04 2.12703E+06
 -1       128 1.16652E+06-7.75532E+04 7.46897E+05 6.59820E+05 2.18030E+05-1.58764E+06
 -1       129 8.13139E+06-3.14863E+05-1.58577E+05-7.31678E+05-3.40223E+05 4.87515E+06
 -1       130-2.02757E+06-1.86337E+05 5.13076E+04-3.14005E+05-1.65553E+05 7.55282E+06
 -1       131 6.47686E+06 7.44642E+05 6.99949E+05-2.58124E+06 2.36488E+05 9.31082E+06
 -1       132-1.75899E+07 2.12865E+05-1.14787E+05-3.44507E+05 1.23478E+05-9.00440E+05
 -1       133-1.55091E+07-3.17881E+05-6.86964E+05-2.36985E+05 2.64681E+05 2.18210E+06
 -1       134-6.96780E+06-2.58638E+05-6.40514E+05-1.16731E+05 1.28498E+05 3.13891E+05
 -1       135-5.03076E+06-1.70797E+04 6.44042E+04-2.34864E+05 4.16707E+05-1.36536E+06
 -1       136-3.75883E+06 5.24362E+03 6.37643E+05 1.29560E+05 5.85207E+05-2.00586E+06
 -1       137-3.42938E+06 2.74992E+05 8.66881E+05 6.29478E+03 7.12971E+04-9.88382E+05
 -1       138-7.77227E+06-2.54082E+04 4.84567E+05-9.79688E+05-2.17523E+05 1.13217E+07
 -1       139-4.15436E+06-1.89441E+05 1.47232E+05-7.15339E+05 4.45119E+04 1.03387E+07
 -1       140-1.08165E+07-1.02094E+05-3.26257E+05-3.29511E+05-1.39910E+05 7.02665E+06
 -1       141-1.07749E+07-7.82373E+05-5.84945E+05-5.06132E+04 3.99420E+05 8.04812E+06
 -1       142-2.08934E+07 4.85116E+05 6.46396E+05 2.48348E+05-6.21021E+05 4.12408E+06
 -1       143-1.83494E+05 1.56499E+05 1.77123E+06 2.08881E+05 4.43311E+05-2.05711E+06
 -1       144 2.58821E+06-3.53109E+05-6.22205E+05-1.31092E+06 3.09692E+05 1.26143E+07
 -1       145-2.21371E+07 7.74387E+05-5.43485E+05-1.04518E+06-3.08058E+04 8.70105E+04
 -1       146-1.89065E+07 3.84896E+05 5.00774E+05-1.17165E+06-1.12278E+05 3.98008E+06
 -1       147-1.41753E+07 2.02584E+06-4.24087E+05 3.28926E+05 5.52689E+04-9.07593E+05
 -1       148-1.20660E+07 2.38026E+06-4.24855E+05 1.21082E+06 1.19373E+05-8.04523E+05
 -1       149-1.49589E+07 1.25921E+05 1.17336E+05-4.65607E+06 3.87329E+04 7.68050E+05
 -1       150-6.16440E+06 7.26218E+05 1.16548E+06-5.19001E+06 3.52731E+05 3.27509E+06
 -1       151-5.86452E+06 9.28949E+05 7.16496E+05-4.54243E+06-3.06735E+05 4.55469E+06
 -1       152-1.37311E+07 2.14228E+05 8.49589E+05-2.93025E+06-2.43955E+05 3.39337E+06
 -1       153-9.11520E+06 5.50324E+05 5.25771E+05-2.23359E+06-2.29666E+05 5.50681E+06
 -1       154-2.11226E+07 5.42303E+05-1.76321E+05-1.16604E+06 3.71692E+05 2.43322E+06
 -1       155-1.97174E+07 5.16838E+05-7.50329E+05-3.34316E+06-1.25417E+05-6.65636E+05
 -1       156-1.14284E+07 8.72332E+04-1.90335E+05-1.03782E+05 2.73339E+05 4.40893E+06
 -1       157-1.82927E+07-2.36793E+05 6.00589E+05-2.30789E+06 7.33407E+04 5.29374E+05
 -1       158-2.42099E+07 9.07260E+04-1.00795E+04-1.22465E+05-4.07254E+05 1.67360E+06
 -1       159-2.48133E+07 7.08501E+04-8.47060E+05-2.56823E+05 4.92010E+04 4.24562E+05
 -1       160-2.24449E+07 8.51290E+05 3.95372E+05-3.25491E+04-3.21902E+05-1.27430E+05
 -1       161-2.04912E+07 7.31361E+05-4.35773E+05 8.91427E+04 8.47597E+04-3.80916E+05
 -1       162-7.80234E+06 1.35225E+06-4.39941E+05-1.52871E+04 1.36714E+05-5.29896E+05
 -1       163-8.05355E+06 3.41691E+06 1.02716E+05 5.77073E+05 1.88202E+05-7.19972E+05
 -1       164-1.37286E+07 2.45959E+06-5.72922E+05 4.27256E+05 2.48803E+05-8.79803E+05
 -1       165-7.16000E+06 3.47873E+06 3.20112E+04 9.75485E+05 2.63682E+05-4.71855E+05
 -1       166-1.91305E+07 1.66271E+06-5.75653E+05 2.86925E+05-1.78679E+05-6.24557E+05
 -1       167-1.46560E+07 7.95721E+05-4.02532E+05 7.22198E+05 7.28973E+04-3.46943E+05
 -1       168-2.03665E+07 2.84342E+05-1.12599E+06-7.68541E+05 3.63334E+04-2.50005E+05
 -1       169-6.07557E+06 1.39242E+06-3.86068E+05 8.28141E+05 8.91197E+04-6.92374E+05
 -1       170 2.14640E+07-1.15693E+06 7.81097E+05-8.93641E+05-8.82441E+04 6.89194E+04
 -1       171 1.23051E+07-2.64169E+06 6.77691E+04 9.98735E+05 9.91794E+03-2.43299E+05
 -1       172 1.40908E+07-1.86731E+06 8.19197E+04-7.32331E+03-2.50767E+05-1.37188E+06
 -1       173 1.37241E+07-2.76576E+05 1.78954E+05-4.61943E+06-5.66406E+04 2.17446E+06
 -1       174 1.98976E+07-9.21966E+05-3.68297E+05-5.68855E+05 1.92116E+05 7.40055E+05
 -1       175 1.70679E+07 4.34834E+05 7.80038E+05-2.40286E+06-6.44899E+04 1.02658E+06
 -1       176 5.69328E+06-9.59986E+05-3.83939E+05-4.57030E+06 1.30573E+05 4.65505E+06
 -1       177 2.11416E+07-8.20460E+04 1.01061E+06-3.26937E+06 2.23260E+05 1.70004E+06
 -1       178 2.06645E+07-3.49039E+05 1.20075E+06-7.81435E+05-2.52704E+05 2.17986E+05
 -1       179 1.53046E+07-1.18786E+06-5.57219E+05 6.63953E+05-7.86306E+03-2.85506E+05
 -1       180 6.11415E+06-1.61427E+06 3.22536E+04 7.19058E+05 2.14470E+04-5.44403E+05
 -1       181 1.72976E+07-2.46581E+06 2.49189E+05 3.35036E+05 8.19774E+04-6.84799E+04
 -1       182 2.12377E+07-6.06200E+05 2.81908E+05 8.78137E+03 1.30291E+05-6.76118E+05
 -1       183 1.80435E+07-1.33055E+06 8.85725E+05-4.76142E+05-3.49009E+05-7.46126E+05
 -1       184 2.49776E+07-1.04070E+04 1.01240E+06-4.02947E+05 1.70554E+05-1.88067E+05
 -1       185 7.77399E+06-1.26402E+06 1.97104E+05-7.55679E+04-2.31439E+05-6.79897E+05
 -1       186 7.43544E+06-3.63419E+06-1.38756E+05 1.57094E+05-1.17825E+05-7.00424E+05
 -1       187 1.20588E+07-3.32630E+06-6.37683E+05 4.57597E+05 6.25104E+04-2.73421E+05
 -1       188 6.77603E+06-1.09324E+05-7.44294E+05-5.35293E+06-4.63598E+05 3.95074E+06
 -1       189 1.44578E+07 1.51901E+05-2.41588E+05-2.82233E+06-2.74549E+05 3.24968E+06
 -1       190 2.64717E+07-3.70260E+04-5.30560E+05-1.14413E+05 4.55235E+05 2.80678E+05
 -1       191 2.29554E+07-9.11344E+04 6.52106E+05-7.78204E+05-7.75875E+04-3.26640E+05
 -1       192 1.06774E+07-7.13973E+05-1.49490E+05-2.99193E+05-4.45640E+05 3.74898E+06
 -1       193 8.89194E+06-1.34953E+06-1.80194E+06-1.67893E+06 4.00452E+05 3.37223E+06
 -1       194 6.96099E+06-3.82616E+06-1.42923E+05 1.05005E+06-1.53527E+05-9.14089E+04
 -1       195 3.84023E+06-3.91816E+05-1.70546E+05-1.80374E+06 9.86866E+04 6.13382E+06
 -1       196-2.74970E+06 7.83041E+05-6.84803E+05-1.94381E+03-1.16731E+05 1.69430E+05
 -1       197-4.29015E+06-5.36611E+05 1.06257E+06-2.83565E+06 2.92811E+05 1.09596E+07
 -1       198-5.84632E+05-1.23300E+06-9.27625E+04-2.13827E+06 3.93178E+04 8.54237E+06
 -1       199-4.23295E+06 2.32811E+05-1.69702E+06-8.77789E+05-6.57639E+04 5.10947E+06
 -1       200 1.69126E+06 5.25575E+05-2.30042E+05 1.92438E+04 3.24702E+04 1.94731E+06
 -1       201-4.23811E+06-3.76746E+05 1.04635E+05-2.30387E+06-1.12384E+05 6.09630E+06
 -1       202-1.49470E+07 7.49928E+05-5.26923E+05-1.92840E+05 5.01957E+04-5.73183E+05
 -1       203-1.09431E+07 1.22852E+06-1.06297E+05 6.66798E+04 1.20581E+05-1.40766E+06
 -1       204-4.70995E+06 1.05120E+06-3.82585E+05-3.77173E+04 9.46525E+04-6.51871E+05
 -1       205-8.14757E+06 1.63567E+06 9.94798E+04 3.59896E+05 1.53609E+05-7.67451E+05
 -1       206-1.20416E+07 9.77664E+05-8.40284E+05-6.61380E+05-1.65806E+02 3.88200E+05
 -1       207-3.28425E+06 3.12945E+05 7.44589E+05 4.71068E+05 5.45714E+05-1.75511E+06
 -1       208-3.68381E+06 8.36901E+05 9.65817E+05 9.64071E+04 5.72016E+05-1.43805E+06
 -1       209 9.47325E+06-1.90294E+06-3.30286E+05 2.97973E+05 4.34279E+05-9.57691E+05
 -1       210 5.14543E+06-1.94498E+06-6.92835E+04 6.25726E+05 1.61072E+05-8.18309E+05
 -1       211 5.09350E+06-1.35120E+06 1.32989E+05 4.68435E+05-3.75016E+05-1.51716E+06
 -1       212 5.86311E+06-2.00648E+06-4.08350E+05 2.03945E+05-5.75020E+05-9.18816E+05
 -1       213 1.71095E+07-2.24370E+05 5.28836E+05-9.07651E+05 3.40073E+04 4.46569E+06
 -1       214 1.60750E+07-6.62763E+05-6.06199E+05-3.14945E+05 3.60738E+05 5.24604E+06
 -1       215-9.47534E+06-1.36764E+06-1.88665E+05-4.37589E+06-1.77775E+05 6.62429E+06
 -1       216-1.22420E+07-5.09714E+05 6.25262E+05-2.77395E+06-3.93115E+05 5.95932E+06
 -1       217 1.67480E+05-4.39623E+05 1.43003E+05 5.02646E+05 2.09732E+05-1.84670E+06
 -1       218 3.13086E+05-8.89695E+05 2.15283E+05 3.88422E+05 2.93699E+05-1.65557E+06
 -1       219-2.07463E+06 1.56436E+05 1.00976E+06 3.22563E+05 1.81215E+05-3.29242E+05
 -1       220-3.70027E+06-6.82325E+04-1.19384E+06-1.27109E+05-1.93207E+04 1.42410E+06
 -1       221-1.21784E+06 3.90726E+05-2.23477E+05 3.62644E+05-1.07246E+05-1.14723E+06
 -1       222 7.85017E+06-1.39526E+06 3.01037E+04 2.69505E+05 2.05309E+05-1.17626E+06
 -1       223 5.59622E+06-7.61526E+05-4.58739E+05 3.23792E+04-4.16283E+05-6.23417E+05
 -1       224 7.21582E+06-3.69932E+05 2.83385E+05-5.39373E+05-4.34166E+05 2.85436E+05
 -1       225 1.21953E+07-3.83543E+05 4.50222E+05-6.49526E+05 1.93214E+04 2.08618E+06
 -1       226 9.02185E+06-2.15247E+05-3.59940E+05-1.48154E+06 3.69378E+04 6.89544E+06
 -1       227 4.40392E+06 1.88091E+04 8.75325E+05-1.12969E+06 5.75922E+04 5.05658E+06
 -1       228 1.23675E+07-8.84458E+05 7.48036E+05-1.38090E+06-2.58458E+05 3.12599E+06
 -1       229-1.05842E+07 2.79158E+05 3.59788E+05-2.43647E+06-1.24534E+05 6.54706E+06
 -1       230-1.69092E+06 4.41614E+05-6.22666E+05-2.19375E+06 3.72801E+04 6.91054E+06
 -1       231 2.43151E+06-4.94683E+05 1.42410E+06-2.40788E+05 1.34187E+05 1.35672E+06
 -1       232 1.39113E+06-4.69037E+05 6.96956E+05-1.94405E+05 1.90519E+05 8.52148E+05
 -1       233-1.19548E+06-3.02619E+05-1.11105E+05-9.08152E+05 8.85540E+04 4.84018E+06
 -1       234 2.77590E+06-1.21649E+05-2.40606E+05-1.86372E+06-1.30009E+04 8.31723E+06
 -1       235-1.25309E+07 2.91834E+05-3.68107E+05-5.30853E+05-1.25997E+01 2.06271E+06
 -1       236-7.66576E+06 3.66882E+05-6.79829E+04-1.36627E+06 1.97147E+05 3.97772E+06
 -1       237 1.63328E+06-2.43644E+05-2.86682E+05-2.80251E+06 1.93751E+05 9.40034E+06
 -1       238 2.80058E+05 4.25070E+04-3.36030E+05-9.73819E+05-1.22119E+05 3.21042E+06
 -1       239-4.89534E+06 1.91450E+06 7.82674E+04 7.37827E+05-1.48563E+05-7.64290E+05
 -1       240-3.34764E+06 2.50164E+06 2.36560E+05 4.17232E+05 6.07656E+04-8.69791E+05
 -1       241-1.67790E+06 8.08967E+05 3.26692E+05 3.86736E+05-2.21359E+05-9.84705E+05
 -1       242-7.49099E+06 1.79063E+06-5.65841E+05 5.93178E+05-1.11607E+05-9.51605E+05
 -1       243-1.03507E+06 6.76032E+05-4.25430E+05 3.15027E+05-2.77016E+05-1.57825E+06
 -1       244-2.15739E+05 1.80628E+05-5.64239E+05 3.05073E+05-5.21344E+05-1.23391E+06
 -1       245-1.95096E+06 6.07914E+05-1.24014E+06 5.08424E+05-3.90603E+04-1.29061E+06
 -1       246-6.46154E+06 1.20992E+06-7.47518E+05 9.24603E+05 3.58740E+04-1.67935E+06
 -1       247-8.05811E+06 6.23221E+05-1.05551E+06-2.71705E+04 3.02204E+04 4.57739E+05
 -1       248 9.19006E+06-4.12069E+05-2.97155E+05-3.04200E+06-2.22991E+05 6.43986E+06
 -1       249 4.44901E+06-4.61544E+04-1.48922E+05-1.89666E+06-1.33156E+05 8.17340E+06
 -1       250 9.03610E+06-5.72679E+05-1.44836E+05-2.73583E+06 3.32052E+05 5.04545E+06
 -1       251 8.43051E+06-3.53174E+05 8.12468E+05-9.77962E+05-5.11905E+04 2.88021E+06
 -1       252 4.99754E+06 4.17402E+05-5.07943E+05-2.77571E+06-2.61835E+03 1.08886E+07
 -1       253 3.38917E+05-1.70246E+05-7.77294E+05-2.14962E+06-1.56054E+05 1.02815E+07
 -1       254 4.95667E+06 9.92992E+05-5.41113E+05-2.92203E+06 1.23987E+04 9.14907E+06
 -1       255 8.92717E+06 9.71912E+05 3.80770E+05-4.48715E+06-2.54719E+05 6.66898E+06
 -1       256 6.71785E+06 7.50971E+05-1.56761E+05-2.96884E+06-4.41979E+04 7.05168E+06
 -1       257-5.87325E+06 3.38869E+05 2.70737E+05-1.33193E+06 2.62732E+04 8.01767E+06
 -1       258 3.32187E+06-3.47307E+04 1.57198E+05 2.87698E+05-6.52421E+04-8.90934E+05
 -1       259 6.92775E+06 3.66625E+05 1.44581E+05-2.40962E+06-2.11798E+04 8.22002E+06
 -1       260-1.13154E+07-1.25235E+06-5.85649E+05-8.77474E+05 1.84642E+04 9.69363E+06
 -1       261-1.32759E+07-1.41154E+06-1.12721E+06-1.43881E+06 3.70318E+04 6.67369E+06
 -1       262-6.11872E+06 2.05894E+06 2.04283E+05 1.79791E+05 5.67851E+05-8.40332E+05
 -1       263 1.09930E+07-9.06402E+05-5.90861E+04 5.65986E+04-1.09774E+05-1.63754E+06
 -1       264 1.40410E+07 7.92961E+05 7.84308E+05-1.38089E+06 8.43236E+04 5.92028E+06
 -1       265-8.85690E+06 6.01518E+05 5.50517E+05-3.32041E+06 2.46128E+05 5.70077E+06
 -1       266 1.08664E+07 8.88026E+05 4.40442E+05-1.16378E+06-4.74078E+04 1.00378E+07
 -1       267 6.46944E+06-1.43893E+06 8.41704E+05 9.04343E+05 1.46820E+05-1.32586E+06
 -1       268-1.60477E+07 2.90534E+05 6.58587E+05-7.68018E+05-3.71705E+05 6.41886E+06
 -1       269 3.75117E+06-8.72411E+05-8.64693E+05 2.05547E+05-6.14175E+05-1.32333E+06
 -1       270-5.20363E+06 1.36707E+06-2.74689E+05 2.85940E+05 4.47175E+05-1.65846E+06
 -1       271-9.66277E+06-6.07840E+05-4.33393E+04-2.71302E+06-3.87980E+04 8.41440E+06
 -1       272-8.29497E+06 4.36117E+04 4.29717E+05-1.68987E+06 8.43424E+04 6.00151E+06
 -1       273-1.23840E+07 5.65400E+05-1.40154E+06-1.81394E+06 1.05741E+04 4.53693E+06
 -1       274 1.03648E+07-6.87566E+05-2.17254E+05-1.62486E+05-1.65837E+04 4.36844E+05
 -1       275 3.38183E+06-8.72807E+04-4.59513E+05 4.59930E+05-5.35778E+05-1.50713E+06
 -1       276 6.89325E+06 1.31824E+05-6.73624E+05-2.16921E+06-1.78411E+05 1.00349E+07
 -1       277 1.05598E+07-1.38156E+06 6.73198E+05 1.60234E+05 1.26726E+05-1.03127E+06
 -1       278-1.27021E+07 6.51343E+04 1.53523E+05-7.24029E+05-8.81190E+04 4.68029E+06
 -1       279 1.53585E+07 3.94011E+05 7.16329E+05-2.13740E+06-4.13091E+04 5.72625E+06
 -1       280-7.98026E+06-5.11320E+05 2.83755E+05-1.93082E+06-5.36277E+04 1.04792E+07
 -3
    1PSTEP                        15           1           1          
    1PGM                1.000000E+00                                  
    1PGK                8.110909E+11                                  
    1PHID                         -1                                  
    1PSUBC                         0                                  
    1PMODE                         5                                  
  100CL  105 143335.8690         280                     2    5MODAL      1
 -4  ERROR       1    1
 -5  STR(%)      1    1    0    0
 -1         1 2.18131E+01
 -1         2 1.58928E+01
 -1         3 1.40634E+01
 -1         4 2.25409E+01
 -1         5 2.64864E+01
 -1         6 2.46394E+01
 -1         7 2.51759E+01
 -1         8 2.52210E+01
 -1         9 1.77715E+01
 -1        10 1.97923E+01
 -1        11 1.68322E+01
 -1        12 2.18131E+01
 -1        13 2.18131E+01
 -1        14 1.79383E+01
 -1        15 1.40191E+01
 -1        16 1.40413E+01
 -1        17 1.82800E+01
 -1        18 2.25409E+01
 -1        19 1.92169E+01
 -1        20 2.25409E+01
 -1        21 2.50955E+01
 -1        22 2.57909E+01
 -1        23 2.48674E+01
 -1        24 2.64864E+01
 -1        25 2.64864E+01
 -1        26 2.58311E+01
 -1        27 2.28293E+01
 -1        28 2.40026E+01
 -1        29 2.40251E+01
 -1        30 2.52210E+01
 -1        31 2.49302E+01
 -1        32 2.52210E+01
 -1        33 2.72871E+01
 -1        34 2.45501E+01
 -1        35 2.68867E+01
 -1        36 1.71644E+01
 -1        37 1.65286E+01
 -1        38 2.09019E+01
 -1        39 1.74342E+01
 -1        40 1.57488E+01
 -1        41 2.13050E+01
 -1        42 2.41880E+01
 -1        43 2.33645E+01
 -1        44 2.47045E+01
 -1        45 1.87364E+01
 -1        46 1.58928E+01
 -1        47 2.18131E+01
 -1        48 2.25409E+01
 -1        49 1.40634E+01
 -1        50 1.58928E+01
 -1        51 1.68322E+01
 -1        52 1.82540E+01
 -1        53 1.73146E+01
 -1        54 1.97923E+01
 -1        55 2.18131E+01
 -1        56 2.02747E+01
 -1        57 2.18131E+01
 -1        58 2.02747E+01
 -1        59 1.79383E+01
 -1        60 1.40634E+01
 -1        61 1.63999E+01
 -1        62 1.92169E+01
 -1        63 2.06387E+01
 -1        64 1.82800E+01
 -1        65 2.25409E+01
 -1        66 2.06387E+01
 -1        67 1.63778E+01
 -1        68 2.25409E+01
 -1        69 1.40413E+01
 -1        70 3.27104E+01
 -1        71 2.46394E+01
 -1        72 2.52210E+01
 -1        73 2.51759E+01
 -1        74 2.64864E+01
 -1        75 2.52210E+01
 -1        76 2.52210E+01
 -1        77 2.40251E+01
 -1        78 2.89657E+01
 -1        79 2.89657E+01
 -1        80 2.77698E+01
 -1        81 2.58311E+01
 -1        82 2.51759E+01
 -1        83 2.40026E+01
 -1        84 2.89431E+01
 -1        85 2.95984E+01
 -1        86 2.64864E+01
 -1        87 2.64864E+01
 -1        88 2.57909E+01
 -1        89 2.95984E+01
 -1        90 2.89029E+01
 -1        91 2.49302E+01
 -1        92 2.46394E+01
 -1        93 2.86749E+01
 -1        94 2.48674E+01
 -1        95 2.72871E+01
 -1        96 2.45137E+01
 -1        97 2.72871E+01
 -1        98 1.74117E+01
 -1        99 1.35017E+01
 -1       100 1.96124E+01
 -1       101 1.75916E+01
 -1       102 2.25293E+01
 -1       103 2.23494E+01
 -1       104 2.03944E+01
 -1       105 1.56366E+01
 -1       106 1.46973E+01
 -1       107 2.59004E+01
 -1       108 2.08391E+01
 -1       109 2.22257E+01
 -1       110 2.61913E+01
 -1       111 2.48046E+01
 -1       112 2.45766E+01
 -1       113 2.72871E+01
 -1       114 2.61913E+01
 -1       115 2.72871E+01
 -1       116 2.72871E+01
 -1       117 2.68867E+01
 -1       118 2.23494E+01
 -1       119 1.53331E+01
 -1       120 3.27104E+01
 -1       121 2.28293E+01
 -1       122 1.33089E+01
 -1       123 2.41880E+01
 -1       124 1.61849E+01
 -1       125 2.41880E+01
 -1       126 2.84492E+01
 -1       127 2.84492E+01
 -1       128 2.47045E+01
 -1       129 2.01865E+01
 -1       130 2.44476E+01
 -1       131 1.93629E+01
 -1       132 2.01317E+01
 -1       133 2.50723E+01
 -1       134 2.77698E+01
 -1       135 2.40026E+01
 -1       136 2.28293E+01
 -1       137 2.77698E+01
 -1       138 1.36640E+01
 -1       139 2.33647E+01
 -1       140 2.30096E+01
 -1       141 1.36862E+01
 -1       142 1.53715E+01
 -1       143 2.35087E+01
 -1       144 1.51020E+01
 -1       145 1.95238E+01
 -1       146 1.71972E+01
 -1       147 2.51759E+01
 -1       148 2.64864E+01
 -1       149 2.18131E+01
 -1       150 2.18131E+01
 -1       151 2.18131E+01
 -1       152 2.06684E+01
 -1       153 1.95052E+01
 -1       154 1.83605E+01
 -1       155 2.06684E+01
 -1       156 1.56303E+01
 -1       157 2.45501E+01
 -1       158 1.73157E+01
 -1       159 1.84790E+01
 -1       160 2.13050E+01
 -1       161 2.23498E+01
 -1       162 2.51759E+01
 -1       163 2.58311E+01
 -1       164 2.30051E+01
 -1       165 2.64864E+01
 -1       166 2.30051E+01
 -1       167 2.68867E+01
 -1       168 2.34054E+01
 -1       169 2.64864E+01
 -1       170 2.48589E+01
 -1       171 2.52210E+01
 -1       172 2.46394E+01
 -1       173 2.25409E+01
 -1       174 1.58928E+01
 -1       175 2.33645E+01
 -1       176 2.25409E+01
 -1       177 2.36999E+01
 -1       178 2.45235E+01
 -1       179 2.47045E+01
 -1       180 2.52210E+01
 -1       181 2.50399E+01
 -1       182 2.09019E+01
 -1       183 2.47492E+01
 -1       184 2.10117E+01
 -1       185 2.46394E+01
 -1       186 2.49302E+01
 -1       187 2.50399E+01
 -1       188 2.25409E+01
 -1       189 2.36999E+01
 -1       190 1.65286E+01
 -1       191 2.03759E+01
 -1       192 1.58928E+01
 -1       193 1.92169E+01
 -1       194 2.52210E+01
 -1       195 3.27104E+01
 -1       196 3.27104E+01
 -1       197 1.96124E+01
 -1       198 2.45501E+01
 -1       199 2.50610E+01
 -1       200 2.99987E+01
 -1       201 2.72617E+01
 -1       202 2.11765E+01
 -1       203 2.40026E+01
 -1       204 2.77698E+01
 -1       205 2.89431E+01
 -1       206 2.61171E+01
 -1       207 2.77698E+01
 -1       208 2.40026E+01
 -1       209 2.50399E+01
 -1       210 2.52210E+01
 -1       211 2.86749E+01
 -1       212 2.46394E+01
 -1       213 1.91803E+01
 -1       214 1.46973E+01
 -1       215 2.18131E+01
 -1       216 2.06684E+01
 -1       217 2.84492E+01
 -1       218 2.47045E+01
 -1       219 3.27104E+01
 -1       220 3.27104E+01
 -1       221 3.27104E+01
 -1       222 2.87846E+01
 -1       223 2.86749E+01
 -1       224 2.87846E+01
 -1       225 2.60730E+01
 -1       226 2.31060E+01
 -1       227 2.99987E+01
 -1       228 2.87846E+01
 -1       229 1.91301E+01
 -1       230 2.57234E+01
 -1       231 2.84492E+01
 -1       232 3.27104E+01
 -1       233 3.27104E+01
 -1       234 2.30117E+01
 -1       235 2.61171E+01
 -1       236 2.61171E+01
 -1       237 2.57234E+01
 -1       238 3.27104E+01
 -1       239 2.64864E+01
 -1       240 2.95984E+01
 -1       241 2.95984E+01
 -1       242 2.95984E+01
 -1       243 2.68867E+01
 -1       244 2.89029E+01
 -1       245 2.99987E+01
 -1       246 2.68867E+01
 -1       247 2.99987E+01
 -1       248 1.93629E+01
 -1       249 2.44476E+01
 -1       250 2.76257E+01
 -1       251 2.84492E+01
 -1       252 1.93629E+01
 -1       253 2.33647E+01
 -1       254 2.76257E+01
 -1       255 2.25409E+01
 -1       256 2.76257E+01
 -1       257 2.30096E+01
 -1       258 2.86121E+01
 -1       259 2.43016E+01
 -1       260 1.36862E+01
 -1       261 1.56303E+01
 -1       262 2.51759E+01
 -1       263 2.45766E+01
 -1       264 1.58928E+01
 -1       265 1.96124E+01
 -1       266 1.46973E+01
 -1       267 2.47045E+01
 -1       268 1.52530E+01
 -1       269 2.45766E+01
 -1       270 2.89431E+01
 -1       271 1.79668E+01
 -1       272 2.49538E+01
 -1       273 1.84677E+01
 -1       274 2.59632E+01
 -1       275 2.86121E+01
 -1       276 1.61191E+01
 -1       277 2.45235E+01
 -1       278 2.49538E+01
 -1       279 2.03759E+01
 -1       280 1.60226E+01
 -3
    1PSTEP                        16           1           1          
    1PGM                1.000000E+00                                  
    1PGK                8.126961E+11                                  
    1PHID                         -1                                  
    1PSUBC                         0                                  
    1PMODE                         6                                  
  100CL  106 143477.6348         280                     2    6MODAL      1
 -4  DISP        4    1
 -5  D1          1    2    1    0
 -5  D2          1    2    2    0
 -5  D3          1    2    3    0
 -5  ALL         1    2    0    0    1ALL
 -1         1 0.00000E+00 0.00000E+00 0.00000E+00
 -1         2 0.00000E+00 0.00000E+00 0.00000E+00
 -1         3 0.00000E+00 0.00000E+00 0.00000E+00
 -1         4 0.00000E+00 0.00000E+00 0.00000E+00
 -1         5 8.37720E+02 2.54600E+02 1.44878E+02
 -1         6 4.63450E+02 2.07002E+02-1.61837E+01
 -1         7-4.67989E+02 2.07122E+02-1.66951E+01
 -1         8-8.30907E+02 2.51045E+02 1.41308E+02
 -1         9 0.00000E+00 0.00000E+00 0.00000E+00
 -1        10 0.00000E+00 0.00000E+00 0.00000E+00
 -1        11 0.00000E+00 0.00000E+00 0.00000E+00
 -1        12 0.00000E+00 0.00000E+00 0.00000E+00
 -1        13 0.00000E+00 0.00000E+00 0.00000E+00
 -1        14 0.00000E+00 0.00000E+00 0.00000E+00
 -1        15 0.00000E+00 0.00000E+00 0.00000E+00
 -1        16 0.00000E+00 0.00000E+00 0.00000E+00
 -1        17 0.00000E+00 0.00000E+00 0.00000E+00
 -1        18 0.00000E+00 0.00000E+00 0.00000E+00
 -1        19 0.00000E+00 0.00000E+00 0.00000E+00
 -1        20 0.00000E+00 0.00000E+00 0.00000E+00
 -1        21 7.09017E+02 3.24945E+02 6.66832E+01
 -1        22 7.82218E+02 2.90904E+02 1.19997E+02
 -1        23 5.95128E+02 2.71882E+02 4.13034E+00
 -1        24 2.02432E+02 2.29602E+02 9.35063E+01
 -1        25 5.13073E+02 2.34544E+02 1.10042E+02
 -1        26-1.21230E+02 2.01368E+02 4.96883E+01
 -1        27-6.97681E+02 3.07379E+02 6.24983E+01
 -1        28-5.96868E+02 2.69551E+02 1.84417E+00
 -1        29-7.74181E+02 2.85133E+02 1.16186E+02
 -1        30-1.96201E+02 2.16530E+02 8.84241E+01
 -1        31 1.17830E+02 1.97641E+02 5.00249E+01
 -1        32-5.04747E+02 2.30244E+02 1.05208E+02
 -1        33 4.52066E+02-3.06153E+02 8.18720E+01
 -1        34 1.29716E+02-2.39255E+02 4.73015E+01
 -1        35 7.32194E+02-8.33337E+01 1.12252E+02
 -1        36 2.40574E+02-4.04553E+02-2.81819E+02
 -1        37 6.83330E+01-3.11704E+02-2.06277E+02
 -1        38 4.03867E+02-1.69083E+02-1.82911E+02
 -1        39-2.59947E+02-4.08930E+02-2.82851E+02
 -1        40-7.11358E+01-3.12044E+02-2.06137E+02
 -1        41-4.10280E+02-1.66604E+02-1.84095E+02
 -1        42-4.54625E+02-3.10682E+02 8.61168E+01
 -1        43-1.28248E+02-2.38216E+02 4.96535E+01
 -1        44-7.26938E+02-8.34678E+01 1.10856E+02
 -1        45 0.00000E+00 0.00000E+00 0.00000E+00
 -1        46 0.00000E+00 0.00000E+00 0.00000E+00
 -1        47 0.00000E+00 0.00000E+00 0.00000E+00
 -1        48 0.00000E+00 0.00000E+00 0.00000E+00
 -1        49 0.00000E+00 0.00000E+00 0.00000E+00
 -1        50 0.00000E+00 0.00000E+00 0.00000E+00
 -1        51 0.00000E+00 0.00000E+00 0.00000E+00
 -1        52 0.00000E+00 0.00000E+00 0.00000E+00
 -1        53 0.00000E+00 0.00000E+00 0.00000E+00
 -1        54 0.00000E+00 0.00000E+00 0.00000E+00
 -1        55 0.00000E+00 0.00000E+00 0.00000E+00
 -1        56 0.00000E+00 0.00000E+00 0.00000E+00
 -1        57 0.00000E+00 0.00000E+00 0.00000E+00
 -1        58 0.00000E+00 0.00000E+00 0.00000E+00
 -1        59 0.00000E+00 0.00000E+00 0.00000E+00
 -1        60 0.00000E+00 0.00000E+00 0.00000E+00
 -1        61 0.00000E+00 0.00000E+00 0.00000E+00
 -1        62 0.00000E+00 0.00000E+00 0.00000E+00
 -1        63 0.00000E+00 0.00000E+00 0.00000E+00
 -1        64 0.00000E+00 0.00000E+00 0.00000E+00
 -1        65 0.00000E+00 0.00000E+00 0.00000E+00
 -1        66 0.00000E+00 0.00000E+00 0.00000E+00
 -1        67 0.00000E+00 0.00000E+00 0.00000E+00
 -1        68 0.00000E+00 0.00000E+00 0.00000E+00
 -1        69 0.00000E+00 0.00000E+00 0.00000E+00
 -1        70 9.22480E+00 3.32367E+02 9.13938E+01
 -1        71 2.43787E+02 2.71080E+02 5.80286E+01
 -1        72-4.45631E+02 2.88554E+02 9.94004E+01
 -1        73-2.48793E+02 2.73426E+02 5.57661E+01
 -1        74 4.41083E+02 2.87183E+02 1.02916E+02
 -1        75-3.14410E+02 2.52209E+02 9.73842E+01
 -1        76-6.40265E+02 2.67134E+02 1.15562E+02
 -1        77-5.72274E+02 3.01787E+02 8.89471E+01
 -1        78-9.45275E+01 2.78938E+02 8.82863E+01
 -1        79-2.27665E+02 3.08551E+02 9.04375E+01
 -1        80-3.51307E+02 3.13584E+02 7.86793E+01
 -1        81-1.98471E+01 2.42333E+02 7.40044E+01
 -1        82-3.60328E+02 2.40690E+02 2.31298E+01
 -1        83-4.77952E+02 2.95763E+02 4.73007E+01
 -1        84-1.26162E+02 3.06422E+02 7.99402E+01
 -1        85 9.87167E+01 2.84747E+02 9.27873E+01
 -1        86 3.18725E+02 2.58237E+02 1.01457E+02
 -1        87 6.44987E+02 2.68423E+02 1.19683E+02
 -1        88 5.71946E+02 3.11503E+02 9.37621E+01
 -1        89 2.25859E+02 3.04338E+02 9.27762E+01
 -1        90 3.50045E+02 3.19178E+02 8.21240E+01
 -1        91 1.76795E+01 2.36711E+02 7.34465E+01
 -1        92 3.54877E+02 2.39447E+02 2.47238E+01
 -1        93 1.28510E+02 3.03643E+02 8.17722E+01
 -1        94 4.74654E+02 3.00534E+02 5.14916E+01
 -1        95 3.50810E+02-2.56821E+02-1.14584E+02
 -1        96 5.09752E+02-8.13664E+01-1.24241E+02
 -1        97 6.78582E+02-4.07730E+01 4.19852E+01
 -1        98 1.20060E+02-2.16732E+02-3.17830E+01
 -1        99 6.58203E+01-2.47381E+02-1.55381E+02
 -1       100 2.39671E+01-1.15477E+02 1.45377E+00
 -1       101 1.37020E+01-1.10903E+02-4.22107E+01
 -1       102 1.04549E+02-2.02733E+02-9.66841E+01
 -1       103 2.35649E+02-2.62345E+02-7.46766E+01
 -1       104 1.90566E+02-2.81552E+02-1.55139E+02
 -1       105 9.06121E+00-1.21814E+02-7.59517E+01
 -1       106-1.57119E+01-1.43114E+02-9.80052E+01
 -1       107 4.48886E+02-1.86804E+02-1.31490E+02
 -1       108 3.72209E+02-2.57423E+02-2.15611E+02
 -1       109 2.83918E+02-2.98078E+02-2.04394E+02
 -1       110 5.94193E+02-3.50685E+01-4.26443E+01
 -1       111 6.20294E+02 1.22181E+02-2.77249E+01
 -1       112 5.15062E+02 5.79734E+01-8.60849E+01
 -1       113 5.23827E+02-1.60861E+02-3.73398E+01
 -1       114 7.14713E+02 1.34401E+02 4.68946E+01
 -1       115 4.08649E+02-2.44950E+02-1.50989E+01
 -1       116 5.85329E+02-1.90634E+02 5.42428E+01
 -1       117 7.83217E+02 1.04175E+02 1.06965E+02
 -1       118 2.75652E+02-2.83859E+02 1.55505E+01
 -1       119 1.52857E+02-3.47976E+02-2.34030E+02
 -1       120-3.61354E+02-2.60152E+02-1.16391E+02
 -1       121-5.11900E+02-7.77362E+01-1.28862E+02
 -1       122-6.06265E+01-2.44624E+02-1.50764E+02
 -1       123-6.73813E+02-4.00484E+01 4.14851E+01
 -1       124-1.04528E+02-2.13502E+02-3.01860E+01
 -1       125-5.82137E+02-1.95563E+02 5.52645E+01
 -1       126-5.23829E+02-1.65893E+02-3.90816E+01
 -1       127-4.06421E+02-2.46813E+02-1.33717E+01
 -1       128-7.77770E+02 1.02208E+02 1.05085E+02
 -1       129-2.66665E+02-2.82653E+02 1.90566E+01
 -1       130-2.28260E+02-2.56546E+02-7.07891E+01
 -1       131-1.92443E+01-1.11662E+02 1.49694E+00
 -1       132-3.76815E+02-2.62174E+02-2.19357E+02
 -1       133-2.94880E+02-3.02767E+02-2.05441E+02
 -1       134-4.50568E+02-1.86949E+02-1.33381E+02
 -1       135-5.19206E+02 6.00250E+01-8.73021E+01
 -1       136-6.17540E+02 1.21650E+02-2.98650E+01
 -1       137-5.88974E+02-2.29525E+01-4.15718E+01
 -1       138-9.85864E+00-1.23088E+02-7.39610E+01
 -1       139-9.53819E+01-2.18705E+02-9.54666E+01
 -1       140-1.88514E+02-2.83065E+02-1.55734E+02
 -1       141 1.77881E+01-1.41784E+02-9.72282E+01
 -1       142-1.47941E+02-3.43850E+02-2.31791E+02
 -1       143-7.05653E+02 1.34823E+02 4.56465E+01
 -1       144-1.38782E+01-1.11296E+02-4.18366E+01
 -1       145 9.62614E+01-4.05827E+02-7.26342E+01
 -1       146-8.26671E+01-3.42602E+02-1.27674E+02
 -1       147-1.19237E+02-1.72252E+02-8.63773E+01
 -1       148 4.56124E+02-1.25567E+02 5.08585E+01
 -1       149 1.34282E+02-3.03276E+02-2.42826E+00
 -1       150 3.22910E+01-1.96971E+02-1.42970E+01
 -1       151 7.19092E+01-1.51722E+02 1.56781E+01
 -1       152 2.58530E+01-3.35769E+02-5.60869E+01
 -1       153-2.71373E+01-2.03031E+02-5.49709E+01
 -1       154-3.11525E+01-4.17660E+02-1.13890E+02
 -1       155 1.48138E+02-3.91531E+02-3.63121E+01
 -1       156-6.86451E+01-1.78628E+02-8.75453E+01
 -1       157 2.72844E+02-3.44556E+02 2.96551E+01
 -1       158-1.50675E+02-4.20255E+02-2.11401E+02
 -1       159-1.13102E+02-4.22180E+02-1.65265E+02
 -1       160-2.30682E+02-3.27480E+02-1.87855E+02
 -1       161 9.29984E+00-3.14994E+02-8.83139E+01
 -1       162-2.79395E+02 1.06962E+01-5.63047E+01
 -1       163 3.26217E+01 2.23282E+01 9.30345E+00
 -1       164 1.70437E+02-1.52006E+02-9.01140E+00
 -1       165 3.47996E+02 4.36028E+01 6.15124E+01
 -1       166 2.69560E+02-2.86351E+02-1.00080E+01
 -1       167 5.00243E+02-2.53690E+02 6.18308E+01
 -1       168 3.14613E+02-3.66208E+02 8.16753E+00
 -1       169 6.48310E+02 6.63617E+01 1.01265E+02
 -1       170-1.00138E+02-4.12370E+02-7.56155E+01
 -1       171-4.48163E+02-1.23846E+02 5.15486E+01
 -1       172 1.18105E+02-1.76251E+02-8.46807E+01
 -1       173-1.33042E+02-3.03851E+02 4.68551E-01
 -1       174 8.93648E+01-3.36431E+02-1.27109E+02
 -1       175-2.75302E+02-3.48784E+02 3.38936E+01
 -1       176-7.13664E+01-1.48964E+02 1.50926E+01
 -1       177-1.44100E+02-3.94333E+02-3.58377E+01
 -1       178-3.04781E+02-3.68924E+02 6.91697E+00
 -1       179-4.98357E+02-2.51672E+02 6.30804E+01
 -1       180-6.40914E+02 6.42097E+01 9.96152E+01
 -1       181-2.66345E+02-2.85354E+02-7.72206E+00
 -1       182 2.27771E+02-3.31232E+02-1.90081E+02
 -1       183-8.72125E+00-3.17458E+02-8.75440E+01
 -1       184 1.10942E+02-4.21334E+02-1.65526E+02
 -1       185 2.75198E+02 9.08845E+00-5.46959E+01
 -1       186-3.40242E+01 1.97413E+01 1.22831E+01
 -1       187-1.69348E+02-1.41573E+02-5.72691E+00
 -1       188-3.49587E+01-1.90285E+02-9.56849E+00
 -1       189-3.30657E+01-3.34404E+02-6.09201E+01
 -1       190 1.50150E+02-4.13871E+02-2.04084E+02
 -1       191 3.19071E+01-4.14736E+02-1.18308E+02
 -1       192 7.04845E+01-1.78479E+02-8.93147E+01
 -1       193 3.11752E+01-2.03400E+02-5.24505E+01
 -1       194-3.38361E+02 4.16535E+01 5.74845E+01
 -1       195-1.07918E+02-3.34506E+02-8.32930E+01
 -1       196 1.74540E+02-2.19849E+02-5.14975E+01
 -1       197 5.57091E+01-1.35263E+02-2.35030E+01
 -1       198 1.27212E+02-2.35974E+02-6.64307E+01
 -1       199 2.50981E+02-3.02600E+02-5.66198E+01
 -1       200 3.02743E+02-2.56131E+02-7.47581E+01
 -1       201 1.22728E+02-3.05617E+02-6.75048E+01
 -1       202-1.51988E+02-2.82365E+02-1.27678E+02
 -1       203-3.17497E+02-1.29665E+02-1.16452E+02
 -1       204-1.55174E+02-1.63216E+02-6.70619E+01
 -1       205 2.77159E+01-1.88290E+02-5.10277E+01
 -1       206 1.40803E+02-3.09683E+02-6.00117E+01
 -1       207-2.93454E+02 1.13411E+02 7.62551E+00
 -1       208-4.03910E+02 8.95420E+01-3.17412E+01
 -1       209-2.73876E+02-1.04897E+02 1.18708E+01
 -1       210-4.59457E+02 7.75858E+01 6.83949E+01
 -1       211 7.11361E+01 8.70809E+01 1.89054E+01
 -1       212 1.79645E+02 5.21240E+01-1.40946E+01
 -1       213 9.27507E+01-3.76098E+02-1.49183E+02
 -1       214 8.09193E+01-2.96362E+02-1.48905E+02
 -1       215 5.56512E+01-1.64299E+02-1.46544E+01
 -1       216 8.42131E+01-3.05461E+02-4.81331E+01
 -1       217-3.87697E+02 1.18762E+02 4.14769E+01
 -1       218-5.85801E+02 1.12254E+02 6.65986E+01
 -1       219-3.05821E+02-5.77085E+01-2.59601E+01
 -1       220-1.57313E+02-2.65844E+02-8.81931E+01
 -1       221 1.09515E+02 2.37101E+01 8.71708E+00
 -1       222-8.61741E+01-9.14297E+01-1.50868E+01
 -1       223 1.51334E+02-1.60133E+02-6.79116E+01
 -1       224 1.38220E+01-2.82742E+02-8.42383E+01
 -1       225 1.47678E+02-3.35246E+02-1.38069E+02
 -1       226 6.63944E+01-3.18760E+02-1.09622E+02
 -1       227 1.27801E+02-3.24523E+02-1.04495E+02
 -1       228-1.09636E+02-3.64921E+02-7.46640E+01
 -1       229 2.34600E+01-2.94424E+02-7.30674E+01
 -1       230 4.28374E+01-3.07396E+02-8.51680E+01
 -1       231-3.38403E+02-2.51848E+02-4.08247E+01
 -1       232-9.81010E+01-1.44774E+02-3.81589E+01
 -1       233-2.30782E+02-3.12460E+02-9.08557E+01
 -1       234 9.18811E+01-2.61602E+02-8.39772E+01
 -1       235-1.45224E+02-3.35922E+02-1.37174E+02
 -1       236-6.46256E+00-3.41312E+02-1.00331E+02
 -1       237-2.76432E+01-2.32039E+02-6.30973E+01
 -1       238 1.61146E+00-3.06022E+02-8.59357E+01
 -1       239 4.63806E+02 8.01120E+01 7.00955E+01
 -1       240 1.94271E+02-1.05214E+01 1.80348E+01
 -1       241 3.12503E+02 2.00689E+01 2.35407E+01
 -1       242 3.15619E+02-1.70011E+02-3.76509E+00
 -1       243 5.87700E+02 1.11862E+02 6.80176E+01
 -1       244 4.23977E+02 3.35324E+01 7.93780E+00
 -1       245 4.13365E+02-1.38167E+02-1.03839E+01
 -1       246 5.66893E+02-8.11185E+01 5.61133E+01
 -1       247 3.65827E+02-2.73283E+02-1.06198E+01
 -1       248-1.48025E+02-2.54163E+02-6.15905E+00
 -1       249-1.67164E+02-2.87474E+02-5.74322E+01
 -1       250-1.36624E+02-3.22572E+02-4.80999E+01
 -1       251-2.77990E+02-3.26309E+02-2.60159E+01
 -1       252-5.71603E+01-1.28818E+02-2.41155E+01
 -1       253-7.90371E+01-1.98689E+02-6.12736E+01
 -1       254-6.18553E+01-2.20234E+02-4.92764E+01
 -1       255-5.36910E+01-1.59594E+02-1.47073E+01
 -1       256-4.01269E+01-2.43798E+02-4.95709E+01
 -1       257-1.22904E+02-2.93883E+02-1.08514E+02
 -1       258 3.32427E+02-1.40192E+02-6.59508E+01
 -1       259 6.54044E+00-2.40457E+02-6.77121E+01
 -1       260-3.12198E+01-1.45039E+02-7.05065E+01
 -1       261-2.92211E+01-1.73642E+02-6.51012E+01
 -1       262-1.84472E+02 5.37875E+01-1.49586E+01
 -1       263 3.12849E+02-1.30168E+02-1.16181E+02
 -1       264 2.89834E+01-1.75783E+02-6.53638E+01
 -1       265 1.49737E+02-2.57560E+02-8.46564E+00
 -1       266 2.98450E+01-1.47137E+02-7.45391E+01
 -1       267-5.62468E+02-8.15917E+01 5.59778E+01
 -1       268-8.35324E+01-2.93650E+02-1.50152E+02
 -1       269 3.97502E+02 8.91168E+01-3.00082E+01
 -1       270-7.14037E+01 8.74062E+01 1.89839E+01
 -1       271-1.32883E+01-1.73254E+02-4.79756E+01
 -1       272-6.87852E+01-3.17124E+02-1.11332E+02
 -1       273 2.08996E+02-3.40092E+02-2.97782E+01
 -1       274 2.99142E+02-2.38257E+02-1.42122E+02
 -1       275 2.88135E+02 1.14566E+02 9.53425E+00
 -1       276 3.33408E+01-1.53791E+02-5.87965E+01
 -1       277-3.63781E+02-2.41029E+02 3.01197E+00
 -1       278-1.53408E+02-3.35562E+02-1.65544E+02
 -1       279 2.11721E+01-3.13767E+02-9.13302E+01
 -1       280-3.27673E+01-1.50913E+02-5.76909E+01
 -3
    1PSTEP                        17           1           1          
    1PGM                1.000000E+00                                  
    1PGK                8.126961E+11                                  
    1PHID                         -1                                  
    1PSUBC                         0                                  
    1PMODE                         6                                  
  100CL  106 143477.6348         280                     2    6MODAL      1
 -4  STRESS      6    1
 -5  SXX         1    4    1    1
 -5  SYY         1    4    2    2
 -5  SZZ         1    4    3    3
 -5  SXY         1    4    1    2
 -5  SYZ         1    4    2    3
 -5  SZX         1    4    3    1
 -1         1 5.68565E+06 2.07750E+06 1.73217E+06-7.22979E+06 1.03633E+06 4.72411E+05
 -1         2 2.85648E+06 1.39815E+06 6.41224E+05-8.75500E+06-5.96315E+05-5.12427E+06
 -1         3-2.73804E+06-1.51526E+06-7.78425E+05-8.61369E+06 5.04974E+05-5.04542E+06
 -1         4-5.45602E+06-2.12022E+06-1.63413E+06-6.88906E+06-1.02224E+06 4.12623E+05
 -1         5 1.72813E+06-5.28131E+05-7.21543E+05 5.57586E+05 2.88026E+05-1.15660E+05
 -1         6 8.22520E+05-8.36927E+04-5.64296E+05 7.15328E+05-6.67201E+04 6.03690E+05
 -1         7-9.11859E+05 1.82002E+05 5.96667E+05 7.25182E+05 1.73605E+05 5.31662E+05
 -1         8-1.55279E+06 6.13879E+05 7.67910E+05 4.60888E+05-2.80197E+05-1.79133E+05
 -1         9-8.92139E+05-1.16744E+06-7.69396E+05-7.37865E+06-6.15918E+04-4.13568E+06
 -1        10-4.81624E+06-2.06408E+06-2.06408E+06-7.26232E+06 2.81081E-01-1.53016E+06
 -1        11-8.52083E+06-3.65177E+06-3.65177E+06-8.69147E+06-6.00254E-01-5.92403E+06
 -1        12-8.74692E+05-2.46551E+05-6.17658E+05-1.46168E+07-1.10087E+05-2.34898E+06
 -1        13 7.98191E+06 3.42084E+06 3.42084E+06-1.21263E+07 1.65767E+00 1.59713E+05
 -1        14-1.17274E+07-5.02603E+06-5.02603E+06-1.29450E+07-3.01880E-01-4.84175E+06
 -1        15-2.70684E+06-5.56657E+05-7.96540E+05-7.06925E+06-1.84105E+05-3.91114E+06
 -1        16 8.23691E+06 3.53009E+06 3.53009E+06-8.77283E+06 1.92598E+00-5.89578E+06
 -1        17 4.12291E+06 1.76694E+06 1.76694E+06-7.15112E+06-1.26243E+00-1.55363E+06
 -1        18-1.21253E+06-1.20838E+05-1.37156E+05-1.40583E+07-7.98465E+04-1.86019E+06
 -1        19 1.22720E+07 5.25943E+06 5.25942E+06-1.31484E+07-1.09896E+00-4.81292E+06
 -1        20-8.57313E+06-3.67422E+06-3.67422E+06-1.15275E+07-7.71751E-01 3.25533E+05
 -1        21 2.43535E+06-8.72994E+05-4.85805E+06 5.97356E+05 4.11409E+05 6.09356E+05
 -1        22 4.56375E+05-7.39804E+05-3.21278E+06 2.65560E+05 4.11467E+05 4.82733E+05
 -1        23-2.79443E+05-1.28784E+06-3.78483E+06 2.10715E+05 5.90717E+04 4.34000E+05
 -1        24 4.25527E+05-1.49440E+06-1.76444E+05 2.24643E+06 1.14760E+06 2.32823E+05
 -1        25 4.75682E+05-8.92551E+05-1.17893E+05 1.47840E+06 9.00398E+05 1.44506E+05
 -1        26-5.85493E+05-1.22008E+06-4.84076E+05 1.46418E+06 5.05271E+05 2.79601E+05
 -1        27-1.66525E+06 6.90463E+05 5.09863E+06 3.12073E+05-3.43883E+05 5.51146E+05
 -1        28 7.00307E+04 7.99382E+05 3.42853E+06 1.98919E+05-2.57739E+05 5.29708E+05
 -1        29-2.85766E+05 9.33512E+05 3.34667E+06 6.63261E+04-1.08015E+05 2.36420E+05
 -1        30-1.54208E+05 1.67863E+06 2.85311E+05 2.05939E+06-1.11741E+06 1.48911E+05
 -1        31 6.64037E+05 6.46925E+05 2.21944E+05 1.33265E+06-6.73337E+05 1.31488E+05
 -1        32-6.22857E+05 1.21825E+06 8.17819E+04 1.27233E+06-9.05046E+05 1.01562E+05
 -1        33 2.72147E+07 5.18295E+05 2.84674E+05-2.67920E+05-2.10168E+05 3.75250E+04
 -1        34 1.84600E+07 1.00018E+06 2.58328E+05-2.56352E+06 2.21651E+05 1.06613E+06
 -1        35 1.55000E+07 1.47974E+05 9.85751E+04 3.71553E+05-6.91017E+04-5.92911E+05
 -1        36 1.54329E+07 1.12150E+05 1.73161E+04-1.59765E+04 1.28706E+05-1.00121E+05
 -1        37 9.84499E+06 1.05294E+06-3.12487E+05-3.30225E+06 8.89132E+04-2.84385E+06
 -1        38 8.91947E+06 1.48330E+05-1.33343E+05 1.04195E+06-2.91048E+05 8.54614E+05
 -1        39-1.60150E+07-2.78873E+05-1.28030E+05 1.23240E+05-1.00367E+05-9.45392E+04
 -1        40-1.06261E+07-9.90227E+05 2.29153E+05-3.71493E+06 5.66966E+05-2.11873E+06
 -1        41-8.40009E+06-3.24757E+05 6.30942E+04 7.51218E+05-2.60664E+05 1.15270E+06
 -1        42-2.72074E+07-6.77815E+05-2.67612E+05 1.06540E+05 2.75158E+05 1.15253E+04
 -1        43-1.84360E+07-7.63313E+05-7.40838E+04-2.42623E+06-3.62557E+05 8.16625E+05
 -1        44-1.51596E+07-2.38802E+05-1.22838E+05 4.49215E+05 3.53469E+05-7.09056E+05
 -1        45 2.76926E+05 4.04169E+05 1.05918E+05-1.21473E+07 3.57293E+04-3.14863E+06
 -1        46 6.56764E+06 8.73642E+05 2.27012E+06-1.13846E+07 7.28963E+04-4.64815E+06
 -1        47 1.01467E+07 1.56438E+06 2.88425E+06-1.12237E+07-1.32157E+05-2.29589E+06
 -1        48-9.73184E+06-2.79757E+06-3.45347E+06-1.06951E+07 2.57211E+05-2.02879E+06
 -1        49-5.16447E+06-1.96609E+06-2.11960E+06-1.07308E+07 9.18178E+04-4.21541E+06
 -1        50 3.63538E+06 1.01981E+06 1.49603E+06-1.00949E+07-1.61603E+05-4.96786E+06
 -1        51 1.29143E+06 5.53489E+05 5.53485E+05-8.93900E+06-1.73183E-01-4.47997E+06
 -1        52 2.33322E+06 1.08135E+06 1.27117E+06-1.00069E+07 3.29177E+05-3.72196E+06
 -1        53 5.00440E+06 1.18134E+06 1.73422E+06-1.18717E+07-3.69906E+05-3.65193E+06
 -1        54 4.09060E+06 6.82060E+05 1.26706E+06-8.80609E+06-4.19244E+05-2.80713E+06
 -1        55 8.15461E+06 2.77609E+06 3.05535E+06-9.02038E+06 3.11849E+05-5.38791E+05
 -1        56 5.73608E+06 1.79294E+06 2.09407E+06-1.19632E+07 2.77219E+05-3.05330E+06
 -1        57 5.45567E+06 1.67058E+06 1.80647E+06-1.30826E+07-3.22884E+05-1.75330E+06
 -1        58 4.16416E+05 6.85793E+05 3.30665E+05-1.29629E+07 1.49934E+05-2.70657E+06
 -1        59-3.23607E+06-1.38690E+06-1.38689E+06-1.26382E+07-3.62434E-01-3.46058E+06
 -1        60-4.07139E+06-1.29376E+06-1.70404E+06-9.87709E+06 1.32461E+05-4.82121E+06
 -1        61-3.77795E+06-1.59330E+06-1.70674E+06-1.10789E+07-1.66292E+04-3.47344E+06
 -1        62 3.50677E+06 1.35247E+06 1.37233E+06-1.33046E+07 7.56514E+04-3.36318E+06
 -1        63-1.98309E+06-8.49906E+05-8.49903E+05-1.26597E+07-1.12003E+00-2.91369E+06
 -1        64-7.99993E+06-2.27024E+06-3.23862E+06-8.85421E+06 3.62998E+05-2.48595E+06
 -1        65-8.43312E+06-2.87558E+06-3.18792E+06-8.58133E+06-3.13642E+05-5.79683E+05
 -1        66-5.10303E+06-2.18703E+06-2.18703E+06-1.16930E+07 4.66377E-01-2.90161E+06
 -1        67-5.49502E+06-2.34026E+06-2.30578E+06-1.01948E+07-3.68622E+05-3.77382E+06
 -1        68-5.65216E+06-2.28220E+06-1.94436E+06-1.20566E+07 1.66439E+05-1.83376E+06
 -1        69-2.31863E+06-9.93714E+05-9.93711E+05-8.97314E+06 9.79236E-01-4.25137E+06
 -1        70 1.28220E+06-4.47995E+04 6.16499E+04 1.87917E+06-3.37862E+05 5.43680E+05
 -1        71-4.21120E+05-6.20817E+05-1.52259E+06 5.96239E+05-6.46133E+05 1.89421E+05
 -1        72-3.79169E+05 1.51721E+06 1.39012E+06 1.32502E+06-1.00827E+06 4.84265E+05
 -1        73 3.70097E+05 1.79215E+05 1.20847E+06 5.82011E+05 5.73276E+05 3.14898E+04
 -1        74-1.72854E+05-1.52923E+06-1.75781E+06 1.01312E+06 8.79213E+05 2.38709E+05
 -1        75-4.92999E+04 1.96127E+06 8.34905E+05 1.82083E+06-1.11419E+06 4.21425E+05
 -1        76-3.26657E+05 1.18279E+06 1.28755E+06 7.93184E+05-6.05159E+05 2.63232E+05
 -1        77-1.13805E+05 4.78258E+05 3.09237E+06 5.84737E+05-7.27057E+05 3.99901E+05
 -1        78 3.89685E+05-5.30335E+04-1.77906E+04 1.52354E+06-1.51268E+06 2.74208E+05
 -1        79 1.13514E+06 7.63887E+05 1.07968E+06 1.30287E+06-1.33614E+06 4.57092E+05
 -1        80 1.49788E+06 2.62404E+05 2.70868E+06 1.26849E+06-4.40410E+05 4.07414E+05
 -1        81 6.93076E+05-1.47120E+06 9.15508E+04 1.07955E+06 7.18552E+05 2.08789E+05
 -1        82-9.96450E+04 7.78650E+05 8.19958E+05 5.96382E+05 2.63930E+05 2.09689E+05
 -1        83-3.26269E+05 4.18883E+05 3.48109E+06 4.07160E+05 1.26557E+05 1.35355E+05
 -1        84 6.10332E+05-4.46448E+05 6.15416E+05 5.57784E+05 6.22012E+05 1.41852E+05
 -1        85 1.85973E+05-7.83647E+04-5.22195E+04 1.68816E+06 1.07559E+06 5.96933E+05
 -1        86-1.92661E+04-8.71383E+05-7.60933E+05 1.58848E+06 1.04713E+06 2.10329E+05
 -1        87 2.22996E+05-1.42850E+06-1.40729E+06 7.02061E+05 5.26384E+05 1.49705E+05
 -1        88 8.67296E+05-1.40877E+06-3.15150E+06 7.85167E+05 8.48871E+05 4.42901E+05
 -1        89 2.68463E+05 1.24692E+05-5.40827E+05 2.02478E+06 1.20975E+06 6.40881E+05
 -1        90 7.43082E+05-1.16916E+05-2.12242E+06 1.68110E+06 4.18215E+05 7.43944E+05
 -1        91-4.85286E+05 8.87535E+05-3.24347E+05 9.24301E+05-1.00684E+06 1.26557E+05
 -1        92 8.32162E+04-9.67049E+05-9.80256E+05 5.68911E+05-2.31684E+05 3.32060E+05
 -1        93-8.44811E+05 1.31771E+05-9.41796E+05 7.64345E+05-8.82265E+05 8.58699E+04
 -1        94 1.82106E+05-1.32974E+06-3.94058E+06 4.90129E+05-4.62708E+05 1.68954E+05
 -1        95 2.22687E+07 3.09550E+05-1.03282E+06-3.38914E+05 2.65703E+03-1.22006E+06
 -1        96 1.15356E+07 6.08675E+05-2.44558E+06 9.82470E+05-3.77943E+04 7.79219E+05
 -1        97 1.48930E+07 4.01884E+05-1.82886E+06 6.64729E+05-9.74740E+02 1.40079E+05
 -1        98 1.99744E+07 3.04934E+05-4.33673E+05-2.67888E+06 1.54289E+03-8.84689E+05
 -1        99 1.40782E+07-1.63075E+05 1.90029E+05-4.16635E+06 1.41839E+05-3.97177E+06
 -1       100 1.17841E+07 5.04622E+04-2.82411E+05-4.35793E+06 4.26252E+05-3.68783E+05
 -1       101 9.76365E+06-1.39877E+06-8.40092E+05-3.83270E+06-2.05657E+05-1.94676E+06
 -1       102 1.36444E+07-1.01284E+06-2.80047E+05-3.68588E+06 1.56729E+05-2.82128E+06
 -1       103 2.12882E+07 7.00681E+05-5.43608E+05-1.26137E+06 5.19880E+05-8.71117E+05
 -1       104 1.86244E+07 1.65302E+05-6.25970E+05-2.43661E+06-2.45592E+05-2.70599E+06
 -1       105 6.40486E+06-6.32514E+05-2.19896E+05-5.88661E+06 6.05090E+04-4.56685E+06
 -1       106 6.88645E+06-3.62148E+05-4.56012E+05-5.50226E+06-2.72414E+05-4.99130E+06
 -1       107 1.91666E+07 3.97322E+05-1.40688E+06 4.85654E+05-2.72151E+05-9.64305E+04
 -1       108 1.55013E+07-4.47164E+05-1.07933E+06 3.43851E+05 2.12350E+05 5.52201E+05
 -1       109 1.97002E+07 9.08654E+05-5.06744E+05-4.10488E+05 1.15766E+05-8.30676E+05
 -1       110 1.37111E+07 5.24723E+05-2.58169E+06 9.02591E+05 5.70922E+04 1.75030E+05
 -1       111 6.95378E+06 1.15712E+05-3.67189E+06 7.09522E+05 1.25764E+05 6.00244E+05
 -1       112 6.02586E+06 5.68947E+05-1.56361E+06 6.74718E+05 7.72480E+04 8.30063E+05
 -1       113 2.04234E+07 5.71354E+05-1.05625E+06 4.48947E+05-1.09090E+05-1.85371E+05
 -1       114 8.16661E+06-8.59555E+04-3.42502E+06 5.16142E+05 1.77122E+05 3.99978E+05
 -1       115 2.56751E+07 6.01206E+05 2.47300E+04-6.15918E+05-1.26450E+05-3.53320E+05
 -1       116 2.20457E+07 1.14687E+05-4.69601E+05 1.04623E+05-6.38236E+04-4.00922E+04
 -1       117 8.09413E+06 2.86275E+05-1.27396E+06 5.19571E+05 8.85095E+04 3.95318E+04
 -1       118 2.44344E+07 7.65425E+05 1.56060E+04-1.73764E+06-2.72273E+05-3.12408E+05
 -1       119 1.53779E+07 2.74465E+05-1.56104E+05-2.07984E+06 3.68683E+05-2.54822E+06
 -1       120-2.21991E+07-8.73429E+05 1.02387E+06-1.41672E+05 1.20967E+05-9.26454E+05
 -1       121-1.19591E+07-3.09157E+05 2.24883E+06 1.60626E+06 1.17317E+05 1.05743E+06
 -1       122-1.34819E+07 5.74607E+05 4.25652E+05-3.61802E+06 3.02394E+04-4.22628E+06
 -1       123-1.46846E+07-3.33935E+05 1.88931E+06 1.21199E+06-2.34781E+05 5.32340E+04
 -1       124-1.88317E+07 1.10701E+05 8.64169E+05-1.95209E+06 8.70299E+04-9.65122E+05
 -1       125-2.15207E+07-8.41648E+05 6.12279E+05 7.55472E+05 1.04656E+05-6.40179E+04
 -1       126-1.83833E+07-2.02341E+05 1.77684E+06 5.59421E+05-4.17052E+05-3.32126E+05
 -1       127-2.64428E+07-9.77774E+05-1.25939E+05 2.42767E+05 8.21680E+04-4.47861E+05
 -1       128-7.87710E+06-1.27021E+05 1.32060E+06 5.91919E+05-2.46517E+05-2.62647E+04
 -1       129-2.54807E+07-3.38453E+05-2.38199E+05-7.54287E+05 1.94099E+05-3.47379E+05
 -1       130-2.41013E+07-1.10870E+06-1.17683E+05-1.42702E+06 6.36845E+03-1.01480E+06
 -1       131-1.06528E+07-6.70496E+04 6.66205E+05-3.87170E+06-3.63120E+05-3.85793E+05
 -1       132-1.42927E+07-4.45899E+05 7.84472E+05 9.70549E+05-2.38519E+05 5.19670E+05
 -1       133-1.98031E+07-9.77637E+05 4.24159E+05 2.30083E+05-2.01283E+05-9.35491E+05
 -1       134-1.71481E+07-8.04826E+05 2.01675E+06 7.26490E+05 3.67317E+05 3.60333E+05
 -1       135-6.17446E+06-2.62082E+05 1.47114E+06 9.16638E+05-9.15825E+03 8.94363E+05
 -1       136-6.68179E+06 2.95517E+04 3.82703E+06 7.13446E+05-1.15762E+05 9.47078E+05
 -1       137-1.23091E+07 5.65135E+05 3.24775E+06 2.36649E+05-6.02844E+04 2.77735E+05
 -1       138-7.21150E+06-1.48331E+05 1.27845E+04-5.76547E+06-5.08087E+05-4.67733E+06
 -1       139-1.47861E+07-9.33571E+05-1.73494E+05-3.20160E+06 1.07803E+05-2.46183E+06
 -1       140-2.08568E+07-4.35153E+05-5.47604E+04-1.96492E+06 1.49235E+05-2.66585E+06
 -1       141-6.29311E+06 3.50710E+05 8.77239E+05-4.95527E+06 1.60840E+05-4.96521E+06
 -1       142-1.77941E+07 4.23572E+05 8.77173E+04-8.87757E+05-1.21920E+05-2.79614E+06
 -1       143-7.52767E+06 2.67588E+05 3.48589E+06 5.95576E+05-2.18370E+05 2.31017E+05
 -1       144-9.15030E+06 1.04921E+06 5.21727E+05-3.74113E+06 3.43663E+05-1.57981E+06
 -1       145 6.74805E+06-4.46203E+05-1.15074E+05-4.29007E+06 3.71025E+04-5.92063E+04
 -1       146-3.93298E+06 8.65621E+05-4.99341E+04-9.53559E+06-8.95599E+04-1.91828E+06
 -1       147-1.01761E+06-1.27234E+06 4.63342E+05 2.04626E+06 2.36362E+04 4.35700E+05
 -1       148 8.43247E+06 4.93433E+05-1.81397E+04 2.07892E+06 8.47123E+04-1.28891E+05
 -1       149 1.37961E+07-1.27074E+06-7.15746E+05-8.84127E+06-4.94474E+05-7.64458E+04
 -1       150 6.90128E+06-1.02545E+06-1.06769E+06-1.16348E+07-1.23601E+05-9.39660E+05
 -1       151 1.10860E+07 3.27979E+05 7.42989E+05-8.10131E+06 2.23877E+05 1.49658E+05
 -1       152 3.45901E+06-4.11990E+05-8.92666E+05-1.01367E+07-1.60346E+04-1.26928E+06
 -1       153-3.44074E+06 4.64611E+05-1.91386E+05-1.23280E+07-1.52695E+05-2.14529E+06
 -1       154 1.74729E+06-4.62967E+05-1.93655E+05-7.06035E+06-6.40251E+04-7.68696E+05
 -1       155 1.07495E+07 1.96939E+05-3.72732E+05-7.35838E+06 1.96112E+05-2.01174E+05
 -1       156-5.71321E+06-6.97245E+05-1.02169E+06-9.48807E+06 2.03679E+05-2.85759E+06
 -1       157 2.11510E+07-1.33458E+05-1.33313E+05-4.17709E+06-7.30960E+05 4.03088E+05
 -1       158-9.95772E+06 1.34915E+05 7.87923E+04-4.83275E+06 9.48379E+04-1.15528E+06
 -1       159-2.37412E+06-7.10781E+05 4.18536E+05-1.94731E+06 2.42513E+05 6.22662E+04
 -1       160-6.74720E+06-5.57941E+05-1.94499E+05 1.03092E+06-1.05175E+05 5.21427E+05
 -1       161 3.44968E+06-1.33872E+06 1.55789E+05 2.38294E+04-4.05874E+05 3.74436E+05
 -1       162-1.23776E+06-7.53200E+05 3.26225E+05 1.55353E+06 3.74466E+05 4.45307E+05
 -1       163 1.97415E+05-1.37481E+06 3.72729E+05 2.06422E+06 5.34308E+05 2.00635E+05
 -1       164 4.05085E+06-8.51268E+05 1.98128E+05 9.15717E+05 4.98250E+05 2.57603E+05
 -1       165 3.76384E+06-7.42931E+05-2.30366E+05 2.25589E+06 7.17548E+05 1.77001E+05
 -1       166 7.90190E+06 9.82002E+05 2.57071E+05-1.16812E+05-2.30644E+05-3.84632E+04
 -1       167 1.72424E+07 3.79411E+05 5.03002E+04 9.48579E+05-1.82689E+05-3.84565E+05
 -1       168 1.50814E+07 4.86824E+05-1.68924E+05-2.47437E+06 8.68224E+04-2.79816E+05
 -1       169 5.35863E+06-7.17089E+04-1.34868E+05 1.41059E+06 2.87800E+05-1.84705E+05
 -1       170-6.39806E+06 1.90738E+05-4.17082E+05-3.19388E+06 1.92734E+04 5.85918E+04
 -1       171-8.02899E+06-5.01876E+05-2.24313E+05 1.74245E+06 7.87281E+04-1.78431E+05
 -1       172 2.72400E+05 1.21876E+06-4.24442E+05 2.12224E+06-1.41297E+05 8.91183E+05
 -1       173-1.36450E+07 9.01989E+05 6.36753E+05-9.36581E+06 1.26094E+05-5.90573E+04
 -1       174 3.53778E+06-7.97635E+05-5.64770E+05-9.89612E+06 3.27393E+05-2.41229E+05
 -1       175-2.04415E+07 6.29084E+04 9.98049E+04-4.59539E+06 3.81681E+05 3.01194E+05
 -1       176-1.10627E+07-4.56126E+05-6.72908E+05-8.20158E+06-4.02333E+05 1.92863E+05
 -1       177-1.02955E+07-3.66934E+05-3.72847E+05-7.13606E+06 3.99680E+04-5.34766E+05
 -1       178-1.49137E+07-3.72706E+05 1.12999E+05-1.80949E+06 5.33998E+04-1.23675E+04
 -1       179-1.71715E+07-5.14554E+05-7.37783E+04 8.05311E+05 4.30785E+05-4.38711E+05
 -1       180-5.12941E+06 7.70630E+04 1.32863E+05 1.14926E+06-1.52134E+05-2.07143E+05
 -1       181-7.85551E+06-1.25655E+06-3.06949E+05 5.51648E+05 1.08892E+05-6.08118E+04
 -1       182 7.41613E+06 4.96131E+05-4.18148E+05 1.02967E+06-2.73818E+05 8.16397E+05
 -1       183-3.26529E+06 1.36227E+06-3.61355E+05 1.21104E+05 5.93626E+03 5.38001E+05
 -1       184 2.86625E+06 4.25386E+05-4.06092E+05-2.45300E+06-4.53323E+05 3.72640E+05
 -1       185 9.49933E+05 7.78730E+05-1.15859E+05 1.65852E+06-3.54406E+05 6.76638E+05
 -1       186-2.90467E+05 1.47932E+06 6.97587E+04 2.11060E+06-4.86944E+05 1.83113E+05
 -1       187-3.53366E+06 9.33531E+05 9.59956E+04 1.10276E+06 2.56398E+04 3.53676E+04
 -1       188-7.37151E+06 4.45804E+05 7.40190E+05-1.14073E+07 1.62159E+04-8.87804E+05
 -1       189-4.16850E+06-3.96032E+04-5.03777E+05-1.01227E+07-9.04401E+04-7.54254E+05
 -1       190 8.16052E+06-3.59069E+05 1.86379E+05-4.69121E+06 4.63047E+05-4.94908E+05
 -1       191-1.44534E+06 4.29339E+05-7.17824E+05-8.05950E+06-1.78410E+05 5.63994E+05
 -1       192 6.04887E+06 9.38653E+05 1.05719E+06-9.23926E+06-4.03216E+04-2.45505E+06
 -1       193 2.46420E+06-4.84527E+05-3.40105E+05-1.24898E+07-1.14187E+05-9.15498E+05
 -1       194-3.49416E+06 8.72556E+05-1.70272E+05 2.05390E+06-3.10238E+05 1.30750E+05
 -1       195-6.44487E+06 5.52499E+04 3.40951E+05-6.11650E+06-1.69249E+04-1.66243E+06
 -1       196 4.82449E+06 1.84207E+05-5.85608E+05-3.50256E+05 1.69620E+05-2.14363E+05
 -1       197 1.43935E+07 1.94528E+05 6.75232E+05-6.59102E+06-1.07291E+05-1.52938E+06
 -1       198 1.55323E+07 2.70803E+05 7.71890E+05-5.58930E+06 5.15161E+05-2.40487E+06
 -1       199 1.29697E+07 8.96536E+05-2.38823E+05-2.43538E+06 1.18046E+05-8.56521E+05
 -1       200 1.31557E+07 5.83291E+05-1.13767E+06-5.15262E+05-1.45785E+05-5.64785E+05
 -1       201 8.81129E+06 3.61694E+05 6.30859E+05-6.55738E+06 1.01349E+05-2.08063E+06
 -1       202-2.97815E+06-2.87662E+05 1.14184E+06-3.53349E+05-3.02697E+04 5.37745E+05
 -1       203-6.24724E+06-6.67588E+05 1.17509E+06 1.90174E+06 2.26451E+04 7.79125E+05
 -1       204-3.70364E+06-1.69407E+05 1.18182E+06 7.12795E+05 3.88182E+05 3.83353E+05
 -1       205 1.15486E+06-1.26921E+06 1.14707E+04 7.62825E+05-2.39254E+04 1.66350E+05
 -1       206 5.47853E+06-3.55684E+05-8.83747E+04-2.23214E+06-5.95858E+03-2.49773E+05
 -1       207-3.77643E+06-1.86366E+05 1.22317E+06 1.58172E+06 9.91044E+03 5.10538E+05
 -1       208-4.71613E+06-2.84681E+04 1.76810E+06 1.02393E+06 2.89072E+05 6.01765E+05
 -1       209-4.79162E+06 2.17947E+05 1.24830E+05 6.88494E+05-1.35430E+05 1.29910E+05
 -1       210-4.29336E+06 8.26303E+05 5.44355E+05 1.49949E+06-3.68964E+05 1.94422E+05
 -1       211 8.57316E+05 1.24083E+05-2.75560E+05 1.78535E+06-5.34645E+05 4.20641E+05
 -1       212 5.54981E+05 1.32689E+05-6.98853E+05 1.54106E+06-3.61897E+05 4.54563E+05
 -1       213 4.00260E+06 7.57485E+04-6.92343E+05-5.22092E+06-4.77785E+04-1.73023E+06
 -1       214 9.18563E+06-1.37460E+05-1.86724E+05-6.88218E+06 3.36955E+05-2.68532E+06
 -1       215 1.19423E+07-2.36431E+05 1.03402E+06-9.99123E+06-5.49853E+05-6.58249E+05
 -1       216 8.89633E+06 3.34299E+05 9.35219E+05-8.87300E+06-2.29213E+04-1.00264E+06
 -1       217-5.03944E+06 4.48604E+05 1.59936E+06 1.79412E+06-3.18816E+05 4.59301E+05
 -1       218-6.45578E+06 5.18972E+05 1.68097E+06 1.10354E+06-6.02893E+05 2.52164E+05
 -1       219-7.63015E+06 6.35015E+03 1.00839E+06 1.12918E+06-4.24696E+05 3.97561E+04
 -1       220-6.16174E+06-6.98446E+04 1.22137E+06-3.54747E+05 4.61312E+05-2.37950E+05
 -1       221 2.35558E+06-3.50731E+04-3.39152E+05 1.12480E+06 1.97498E+05 2.61967E+05
 -1       222-2.22423E+06-1.63914E+05-9.73746E+04 4.44911E+05-3.20425E+05 2.99642E+05
 -1       223 2.08197E+06 9.45347E+05-9.76680E+05 7.84255E+05 1.08912E+05 4.09245E+05
 -1       224-1.93371E+04 1.52389E+06-9.46567E+04-1.26459E+06 1.75189E+05-6.35524E+04
 -1       225 7.33883E+06 4.67944E+05-6.30453E+05-2.09543E+06-5.62067E+04-6.77472E+05
 -1       226 4.04065E+06-1.66610E+05 1.14115E+05-6.19647E+06 1.57686E+05-2.26556E+06
 -1       227 6.34561E+06-5.63732E+04-1.11132E+06-3.94167E+06-1.56467E+05-1.54465E+06
 -1       228-5.84146E+06 2.50729E+05-9.18084E+04-5.00377E+06-4.96983E+04-8.23007E+05
 -1       229 3.15625E+06 1.58202E+05-1.31912E+05-8.36898E+06 1.89358E+05-1.82063E+06
 -1       230 3.03417E+06 4.33873E+05-1.91812E+05-6.80588E+06-1.25727E+05-1.73140E+06
 -1       231-1.12237E+07-8.23798E+05 9.14221E+05-1.21748E+06-1.42101E+05-5.66599E+05
 -1       232-2.20611E+06-6.81836E+05-3.22604E+04-6.46083E+05-1.90796E+05-1.04849E+04
 -1       233-1.43980E+07-7.83970E+05 7.91378E+05-2.81124E+06 2.68163E+05-1.47205E+06
 -1       234 1.06372E+07-3.11699E+05-1.88175E+05-6.52472E+06 9.80133E+04-2.22615E+06
 -1       235-6.67102E+06-6.10107E+05 6.68025E+05-2.05376E+06 1.29110E+04-5.08823E+05
 -1       236-3.53018E+05-1.42848E+06-8.68131E+04-5.17082E+06-1.48930E+05-1.08066E+06
 -1       237-2.91458E+06 2.69816E+05 1.25507E+03-9.47741E+06-1.22565E+05-2.48469E+06
 -1       238-5.35611E+05 1.89309E+05 8.66401E+04-3.19056E+06 2.09667E+05-8.24503E+05
 -1       239 4.16193E+06-5.44127E+05-8.13800E+05 1.45248E+06 4.43663E+05 1.11972E+05
 -1       240 2.33059E+06-8.95601E+05-3.52159E+05 1.09587E+06 5.60749E+05 1.83200E+05
 -1       241 2.95225E+06-9.23458E+05-1.17763E+06 8.81550E+05 3.96264E+05 1.34162E+05
 -1       242 6.72924E+06 4.75395E+05-3.51736E+05 1.13814E+06 1.54923E+05 6.12122E+03
 -1       243 6.40347E+06-4.41062E+05-1.96083E+06 7.25494E+05 3.86551E+05 1.71793E+05
 -1       244 4.07037E+06-4.04163E+05-2.62029E+06 8.28944E+05 2.37479E+05 2.15296E+05
 -1       245 9.94516E+06 2.82916E+05-1.29772E+06 8.57604E+05 2.13981E+05 1.26242E+05
 -1       246 1.14582E+07 2.13094E+05-9.56882E+05 1.48091E+06 3.76078E+04-1.70252E+04
 -1       247 1.49974E+07 3.49977E+05-3.20558E+05-5.73298E+05 2.25413E+05-2.54579E+05
 -1       248-1.62799E+07 4.87893E+05 6.69169E+05-5.81088E+06 3.45268E+05-4.23472E+05
 -1       249-1.31491E+07 8.39650E+04 6.62878E+05-4.85909E+06-2.92854E+05-1.82361E+06
 -1       250-1.05640E+07 2.56175E+05 1.03739E+05-7.97695E+06-4.67815E+04-9.31714E+05
 -1       251-1.55657E+07-3.51381E+05 1.87457E+05-2.80506E+06-1.11404E+05-7.35936E+05
 -1       252-1.35448E+07-7.47195E+05-8.14196E+05-6.12550E+06 2.55714E+05-1.47383E+06
 -1       253-7.38859E+06 8.28208E+04-2.66411E+05-6.79170E+06-8.78643E+04-2.75823E+06
 -1       254-8.73342E+06-4.69392E+04-9.36708E+05-8.90845E+06 5.53663E+04-2.15518E+06
 -1       255-1.13786E+07-1.75107E+05-7.86443E+05-1.00663E+07 1.56891E+05-8.44343E+05
 -1       256-4.79454E+06-5.66373E+03-1.19491E+05-9.82787E+06 1.35018E+05-1.78758E+06
 -1       257-1.06668E+07 7.21095E+05 6.35831E+05-5.22259E+06 3.90051E+05-2.40032E+06
 -1       258 7.53198E+06-8.86388E+04-2.09168E+06 7.30810E+05-1.51715E+05 7.92950E+04
 -1       259 1.11768E+06 2.07579E+05 9.23077E+05-9.61352E+06 7.11142E+02-2.82527E+06
 -1       260-8.59537E+06-5.09974E+05-1.06721E+06-7.18707E+06 6.14863E+04-4.35950E+06
 -1       261-5.26586E+06 2.27228E+05-9.87524E+05-1.06645E+07-4.16575E+04-3.12086E+06
 -1       262-6.45680E+05-2.52645E+05 8.82886E+05 1.45334E+06 3.72980E+05 2.65139E+05
 -1       263 6.04186E+06 7.20648E+05-1.40893E+06 1.61362E+06-1.22672E+05 9.53099E+05
 -1       264 4.96915E+06-6.68954E+05 6.96265E+05-1.05716E+07 4.60647E+05-2.84103E+06
 -1       265 1.64054E+07-3.98298E+05-5.32413E+05-5.92119E+06-4.70355E+05-5.91752E+05
 -1       266 9.32151E+06-9.38043E+04 1.27448E+06-7.44659E+06 5.59320E+04-4.23137E+06
 -1       267-1.10964E+07-4.76705E+05 7.69501E+05 1.38328E+06-2.48454E+05 8.48375E+03
 -1       268-8.88915E+06 6.96969E+05 2.63040E+05-6.52713E+06-5.54846E+03-3.25951E+06
 -1       269 4.87548E+06 2.58225E+05-1.90406E+06 8.39397E+05-3.13695E+05 6.01324E+05
 -1       270-7.55073E+05-3.08718E+05 3.06461E+05 1.57121E+06 3.43440E+05 5.09218E+05
 -1       271-2.80348E+06 8.72952E+05-5.00566E+05-1.05553E+07 2.03245E+04-2.82550E+06
 -1       272-4.10508E+06-1.14659E+05 3.07405E+05-7.21630E+06-2.33186E+05-2.13997E+06
 -1       273 1.27755E+07 4.16829E+05-1.90121E+05-4.72415E+06 2.37974E+05-6.87628E+05
 -1       274 1.11825E+07 1.05896E+06-7.83855E+05 7.21739E+05-5.12012E+04-4.05052E+04
 -1       275 4.04858E+06 4.78728E+05-1.31901E+06 1.68973E+06-2.36702E+05 5.29216E+05
 -1       276 7.48214E+06 1.65328E+05 1.33251E+06-8.52776E+06 7.22724E+04-2.96446E+06
 -1       277-1.05982E+07-4.71594E+05 5.91384E+05 8.09258E+04-9.33997E+04-1.11718E+03
 -1       278-1.24693E+07-4.83306E+05 2.03975E+05-4.53051E+06-5.29055E+04-1.73245E+06
 -1       279 1.31094E+06 1.84946E+05 8.33421E+05-8.91461E+06 2.93708E+05-2.58002E+06
 -1       280-6.57571E+06 1.17832E+05-6.70572E+05-8.53338E+06-3.11440E+04-3.17667E+06
 -3
    1PSTEP                        18           1           1          
    1PGM                1.000000E+00                                  
    1PGK                8.126961E+11                                  
    1PHID                         -1                                  
    1PSUBC                         0                                  
    1PMODE                         6                                  
  100CL  106 143477.6348         280                     2    6MODAL      1
 -4  ERROR       1    1
 -5  STR(%)      1    1    0    0
 -1         1 1.63499E+01
 -1         2 2.22555E+01
 -1         3 2.29452E+01
 -1         4 1.49080E+01
 -1         5 2.54799E+01
 -1         6 2.64559E+01
 -1         7 2.59687E+01
 -1         8 2.35302E+01
 -1         9 2.22555E+01
 -1        10 1.93027E+01
 -1        11 2.22555E+01
 -1        12 1.10078E+01
 -1        13 1.36789E+01
 -1        14 1.69765E+01
 -1        15 2.29452E+01
 -1        16 2.29452E+01
 -1        17 1.89266E+01
 -1        18 1.91345E+01
 -1        19 2.06950E+01
 -1        20 1.70212E+01
 -1        21 2.64559E+01
 -1        22 2.59679E+01
 -1        23 2.64559E+01
 -1        24 2.42341E+01
 -1        25 2.48570E+01
 -1        26 2.51014E+01
 -1        27 2.59687E+01
 -1        28 2.59687E+01
 -1        29 2.47495E+01
 -1        30 2.33034E+01
 -1        31 2.48797E+01
 -1        32 2.34168E+01
 -1        33 1.70964E+01
 -1        34 1.67231E+01
 -1        35 2.12881E+01
 -1        36 2.72623E+01
 -1        37 2.47589E+01
 -1        38 2.68591E+01
 -1        39 2.72948E+01
 -1        40 2.51200E+01
 -1        41 2.66317E+01
 -1        42 1.70657E+01
 -1        43 1.59868E+01
 -1        44 2.02980E+01
 -1        45 1.75279E+01
 -1        46 2.22555E+01
 -1        47 1.63499E+01
 -1        48 1.49080E+01
 -1        49 2.29452E+01
 -1        50 2.22555E+01
 -1        51 2.22555E+01
 -1        52 1.98917E+01
 -1        53 1.98917E+01
 -1        54 1.93027E+01
 -1        55 1.63499E+01
 -1        56 1.69389E+01
 -1        57 1.36789E+01
 -1        58 1.42679E+01
 -1        59 1.69765E+01
 -1        60 2.29452E+01
 -1        61 2.02366E+01
 -1        62 2.06950E+01
 -1        63 1.83312E+01
 -1        64 1.89266E+01
 -1        65 1.49080E+01
 -1        66 1.62180E+01
 -1        67 2.02366E+01
 -1        68 1.70212E+01
 -1        69 2.29452E+01
 -1        70 3.82124E+01
 -1        71 2.64559E+01
 -1        72 2.47303E+01
 -1        73 2.59687E+01
 -1        74 2.54799E+01
 -1        75 2.40169E+01
 -1        76 2.41303E+01
 -1        77 2.53495E+01
 -1        78 3.07579E+01
 -1        79 3.14714E+01
 -1        80 3.20905E+01
 -1        81 2.51014E+01
 -1        82 2.59687E+01
 -1        83 2.59687E+01
 -1        84 3.20905E+01
 -1        85 3.12232E+01
 -1        86 2.48570E+01
 -1        87 2.54799E+01
 -1        88 2.59679E+01
 -1        89 3.18461E+01
 -1        90 3.23342E+01
 -1        91 2.48797E+01
 -1        92 2.64559E+01
 -1        93 3.23342E+01
 -1        94 2.64559E+01
 -1        95 2.72623E+01
 -1        96 2.64559E+01
 -1        97 2.54799E+01
 -1        98 1.63499E+01
 -1        99 2.22555E+01
 -1       100 1.63499E+01
 -1       101 1.93027E+01
 -1       102 2.47589E+01
 -1       103 2.18061E+01
 -1       104 2.47589E+01
 -1       105 2.22555E+01
 -1       106 2.22555E+01
 -1       107 2.68591E+01
 -1       108 2.68591E+01
 -1       109 2.72623E+01
 -1       110 2.68591E+01
 -1       111 2.64559E+01
 -1       112 2.64559E+01
 -1       113 2.63711E+01
 -1       114 2.59679E+01
 -1       115 2.21793E+01
 -1       116 2.12881E+01
 -1       117 2.54799E+01
 -1       118 1.67231E+01
 -1       119 2.47589E+01
 -1       120 2.86113E+01
 -1       121 2.86113E+01
 -1       122 2.29452E+01
 -1       123 2.47303E+01
 -1       124 1.57129E+01
 -1       125 2.08980E+01
 -1       126 2.66708E+01
 -1       127 2.28385E+01
 -1       128 2.41303E+01
 -1       129 1.63893E+01
 -1       130 2.21621E+01
 -1       131 1.53104E+01
 -1       132 2.79530E+01
 -1       133 2.79530E+01
 -1       134 2.86113E+01
 -1       135 2.72900E+01
 -1       136 2.72900E+01
 -1       137 2.72900E+01
 -1       138 2.29452E+01
 -1       139 2.57783E+01
 -1       140 2.57783E+01
 -1       141 2.29452E+01
 -1       142 2.51200E+01
 -1       143 2.53495E+01
 -1       144 1.93290E+01
 -1       145 2.86113E+01
 -1       146 1.95349E+01
 -1       147 2.72948E+01
 -1       148 2.02277E+01
 -1       149 1.33319E+01
 -1       150 1.21699E+01
 -1       151 1.48409E+01
 -1       152 1.98096E+01
 -1       153 1.52714E+01
 -1       154 2.40731E+01
 -1       155 2.09716E+01
 -1       156 2.12400E+01
 -1       157 1.52141E+01
 -1       158 2.34148E+01
 -1       159 2.79530E+01
 -1       160 2.72948E+01
 -1       161 2.79530E+01
 -1       162 2.66317E+01
 -1       163 2.57644E+01
 -1       164 2.64227E+01
 -1       165 2.22309E+01
 -1       166 2.44195E+01
 -1       167 1.86621E+01
 -1       168 2.28539E+01
 -1       169 2.28538E+01
 -1       170 3.82124E+01
 -1       171 1.94174E+01
 -1       172 2.72623E+01
 -1       173 1.36482E+01
 -1       174 1.72435E+01
 -1       175 1.53570E+01
 -1       176 1.42781E+01
 -1       177 2.59303E+01
 -1       178 2.76390E+01
 -1       179 1.82416E+01
 -1       180 2.14738E+01
 -1       181 2.88149E+01
 -1       182 2.72623E+01
 -1       183 3.27374E+01
 -1       184 3.27374E+01
 -1       185 2.68591E+01
 -1       186 2.52829E+01
 -1       187 3.07579E+01
 -1       188 1.63913E+01
 -1       189 2.86734E+01
 -1       190 2.22529E+01
 -1       191 2.77279E+01
 -1       192 1.97495E+01
 -1       193 1.81890E+01
 -1       194 2.13604E+01
 -1       195 3.82124E+01
 -1       196 3.82124E+01
 -1       197 1.63499E+01
 -1       198 2.18061E+01
 -1       199 2.72812E+01
 -1       200 3.27374E+01
 -1       201 2.72812E+01
 -1       202 2.86113E+01
 -1       203 2.79530E+01
 -1       204 3.34119E+01
 -1       205 3.27536E+01
 -1       206 3.34119E+01
 -1       207 3.34119E+01
 -1       208 2.72900E+01
 -1       209 3.14714E+01
 -1       210 2.20739E+01
 -1       211 3.27374E+01
 -1       212 2.68591E+01
 -1       213 3.02339E+01
 -1       214 1.97495E+01
 -1       215 1.48409E+01
 -1       216 2.24806E+01
 -1       217 3.14714E+01
 -1       218 2.47303E+01
 -1       219 3.34119E+01
 -1       220 3.34119E+01
 -1       221 3.82124E+01
 -1       222 3.82124E+01
 -1       223 3.27374E+01
 -1       224 3.82124E+01
 -1       225 3.27374E+01
 -1       226 3.02339E+01
 -1       227 3.27374E+01
 -1       228 3.82124E+01
 -1       229 2.30696E+01
 -1       230 2.78702E+01
 -1       231 3.14714E+01
 -1       232 3.82124E+01
 -1       233 3.34119E+01
 -1       234 2.23951E+01
 -1       235 2.86113E+01
 -1       236 3.34119E+01
 -1       237 2.78702E+01
 -1       238 3.82124E+01
 -1       239 2.28538E+01
 -1       240 3.12232E+01
 -1       241 3.18461E+01
 -1       242 2.92201E+01
 -1       243 2.54799E+01
 -1       244 3.23342E+01
 -1       245 3.18461E+01
 -1       246 2.28538E+01
 -1       247 2.76544E+01
 -1       248 1.46805E+01
 -1       249 2.69626E+01
 -1       250 2.59303E+01
 -1       251 2.76390E+01
 -1       252 1.53104E+01
 -1       253 3.05788E+01
 -1       254 2.65602E+01
 -1       255 1.42781E+01
 -1       256 2.86734E+01
 -1       257 3.05788E+01
 -1       258 3.23342E+01
 -1       259 3.02339E+01
 -1       260 2.29452E+01
 -1       261 2.12400E+01
 -1       262 2.66317E+01
 -1       263 2.68591E+01
 -1       264 1.97495E+01
 -1       265 1.48409E+01
 -1       266 2.22555E+01
 -1       267 2.20739E+01
 -1       268 2.12400E+01
 -1       269 2.64559E+01
 -1       270 3.27536E+01
 -1       271 1.85314E+01
 -1       272 2.88736E+01
 -1       273 2.24806E+01
 -1       274 2.72623E+01
 -1       275 3.23342E+01
 -1       276 1.98917E+01
 -1       277 3.14714E+01
 -1       278 2.40731E+01
 -1       279 3.02339E+01
 -1       280 2.02366E+01
 -3
 9999
