# Finely-tessellated UV-sphere test asset (radius 50, 64 lon segments x 32 lat rings)
# True single-vertex poles (no degenerate zero-area cap quads), for testing
# UVGenerator::generateSpherical()'s pole-cap handling with a fine pole ring.
#  Vertices: 1986
#     Faces: 3968
v 0.000000 -50.000000 0.000000
v 4.900857 -49.759236 0.000000
v 4.877258 -49.759236 0.480368
v 4.806688 -49.759236 0.956110
v 4.689828 -49.759236 1.422644
v 4.527801 -49.759236 1.875477
v 4.322170 -49.759236 2.310248
v 4.074914 -49.759236 2.722770
v 3.788414 -49.759236 3.109071
v 3.465429 -49.759236 3.465429
v 3.109071 -49.759236 3.788414
v 2.722770 -49.759236 4.074914
v 2.310248 -49.759236 4.322170
v 1.875477 -49.759236 4.527801
v 1.422644 -49.759236 4.689828
v 0.956110 -49.759236 4.806688
v 0.480368 -49.759236 4.877258
v 0.000000 -49.759236 4.900857
v -0.480368 -49.759236 4.877258
v -0.956110 -49.759236 4.806688
v -1.422644 -49.759236 4.689828
v -1.875477 -49.759236 4.527801
v -2.310248 -49.759236 4.322170
v -2.722770 -49.759236 4.074914
v -3.109071 -49.759236 3.788414
v -3.465429 -49.759236 3.465429
v -3.788414 -49.759236 3.109071
v -4.074914 -49.759236 2.722770
v -4.322170 -49.759236 2.310248
v -4.527801 -49.759236 1.875477
v -4.689828 -49.759236 1.422644
v -4.806688 -49.759236 0.956110
v -4.877258 -49.759236 0.480368
v -4.900857 -49.759236 0.000000
v -4.877258 -49.759236 -0.480368
v -4.806688 -49.759236 -0.956110
v -4.689828 -49.759236 -1.422644
v -4.527801 -49.759236 -1.875477
v -4.322170 -49.759236 -2.310248
v -4.074914 -49.759236 -2.722770
v -3.788414 -49.759236 -3.109071
v -3.465429 -49.759236 -3.465429
v -3.109071 -49.759236 -3.788414
v -2.722770 -49.759236 -4.074914
v -2.310248 -49.759236 -4.322170
v -1.875477 -49.759236 -4.527801
v -1.422644 -49.759236 -4.689828
v -0.956110 -49.759236 -4.806688
v -0.480368 -49.759236 -4.877258
v -0.000000 -49.759236 -4.900857
v 0.480368 -49.759236 -4.877258
v 0.956110 -49.759236 -4.806688
v 1.422644 -49.759236 -4.689828
v 1.875477 -49.759236 -4.527801
v 2.310248 -49.759236 -4.322170
v 2.722770 -49.759236 -4.074914
v 3.109071 -49.759236 -3.788414
v 3.465429 -49.759236 -3.465429
v 3.788414 -49.759236 -3.109071
v 4.074914 -49.759236 -2.722770
v 4.322170 -49.759236 -2.310248
v 4.527801 -49.759236 -1.875477
v 4.689828 -49.759236 -1.422644
v 4.806688 -49.759236 -0.956110
v 4.877258 -49.759236 -0.480368
v 9.754516 -49.039264 0.000000
v 9.707545 -49.039264 0.956110
v 9.567086 -49.039264 1.903012
v 9.334490 -49.039264 2.831587
v 9.011998 -49.039264 3.732892
v 8.602715 -49.039264 4.598247
v 8.110584 -49.039264 5.419319
v 7.540343 -49.039264 6.188200
v 6.897484 -49.039264 6.897484
v 6.188200 -49.039264 7.540343
v 5.419319 -49.039264 8.110584
v 4.598247 -49.039264 8.602715
v 3.732892 -49.039264 9.011998
v 2.831587 -49.039264 9.334490
v 1.903012 -49.039264 9.567086
v 0.956110 -49.039264 9.707545
v 0.000000 -49.039264 9.754516
v -0.956110 -49.039264 9.707545
v -1.903012 -49.039264 9.567086
v -2.831587 -49.039264 9.334490
v -3.732892 -49.039264 9.011998
v -4.598247 -49.039264 8.602715
v -5.419319 -49.039264 8.110584
v -6.188200 -49.039264 7.540343
v -6.897484 -49.039264 6.897484
v -7.540343 -49.039264 6.188200
v -8.110584 -49.039264 5.419319
v -8.602715 -49.039264 4.598247
v -9.011998 -49.039264 3.732892
v -9.334490 -49.039264 2.831587
v -9.567086 -49.039264 1.903012
v -9.707545 -49.039264 0.956110
v -9.754516 -49.039264 0.000000
v -9.707545 -49.039264 -0.956110
v -9.567086 -49.039264 -1.903012
v -9.334490 -49.039264 -2.831587
v -9.011998 -49.039264 -3.732892
v -8.602715 -49.039264 -4.598247
v -8.110584 -49.039264 -5.419319
v -7.540343 -49.039264 -6.188200
v -6.897484 -49.039264 -6.897484
v -6.188200 -49.039264 -7.540343
v -5.419319 -49.039264 -8.110584
v -4.598247 -49.039264 -8.602715
v -3.732892 -49.039264 -9.011998
v -2.831587 -49.039264 -9.334490
v -1.903012 -49.039264 -9.567086
v -0.956110 -49.039264 -9.707545
v -0.000000 -49.039264 -9.754516
v 0.956110 -49.039264 -9.707545
v 1.903012 -49.039264 -9.567086
v 2.831587 -49.039264 -9.334490
v 3.732892 -49.039264 -9.011998
v 4.598247 -49.039264 -8.602715
v 5.419319 -49.039264 -8.110584
v 6.188200 -49.039264 -7.540343
v 6.897484 -49.039264 -6.897484
v 7.540343 -49.039264 -6.188200
v 8.110584 -49.039264 -5.419319
v 8.602715 -49.039264 -4.598247
v 9.011998 -49.039264 -3.732892
v 9.334490 -49.039264 -2.831587
v 9.567086 -49.039264 -1.903012
v 9.707545 -49.039264 -0.956110
v 14.514234 -47.847017 0.000000
v 14.444344 -47.847017 1.422644
v 14.235347 -47.847017 2.831587
v 13.889256 -47.847017 4.213260
v 13.409404 -47.847017 5.554357
v 12.800411 -47.847017 6.841962
v 12.068144 -47.847017 8.063676
v 11.219654 -47.847017 9.207732
v 10.263113 -47.847017 10.263113
v 9.207732 -47.847017 11.219654
v 8.063676 -47.847017 12.068144
v 6.841962 -47.847017 12.800411
v 5.554357 -47.847017 13.409404
v 4.213260 -47.847017 13.889256
v 2.831587 -47.847017 14.235347
v 1.422644 -47.847017 14.444344
v 0.000000 -47.847017 14.514234
v -1.422644 -47.847017 14.444344
v -2.831587 -47.847017 14.235347
v -4.213260 -47.847017 13.889256
v -5.554357 -47.847017 13.409404
v -6.841962 -47.847017 12.800411
v -8.063676 -47.847017 12.068144
v -9.207732 -47.847017 11.219654
v -10.263113 -47.847017 10.263113
v -11.219654 -47.847017 9.207732
v -12.068144 -47.847017 8.063676
v -12.800411 -47.847017 6.841962
v -13.409404 -47.847017 5.554357
v -13.889256 -47.847017 4.213260
v -14.235347 -47.847017 2.831587
v -14.444344 -47.847017 1.422644
v -14.514234 -47.847017 0.000000
v -14.444344 -47.847017 -1.422644
v -14.235347 -47.847017 -2.831587
v -13.889256 -47.847017 -4.213260
v -13.409404 -47.847017 -5.554357
v -12.800411 -47.847017 -6.841962
v -12.068144 -47.847017 -8.063676
v -11.219654 -47.847017 -9.207732
v -10.263113 -47.847017 -10.263113
v -9.207732 -47.847017 -11.219654
v -8.063676 -47.847017 -12.068144
v -6.841962 -47.847017 -12.800411
v -5.554357 -47.847017 -13.409404
v -4.213260 -47.847017 -13.889256
v -2.831587 -47.847017 -14.235347
v -1.422644 -47.847017 -14.444344
v -0.000000 -47.847017 -14.514234
v 1.422644 -47.847017 -14.444344
v 2.831587 -47.847017 -14.235347
v 4.213260 -47.847017 -13.889256
v 5.554357 -47.847017 -13.409404
v 6.841962 -47.847017 -12.800411
v 8.063676 -47.847017 -12.068144
v 9.207732 -47.847017 -11.219654
v 10.263113 -47.847017 -10.263113
v 11.219654 -47.847017 -9.207732
v 12.068144 -47.847017 -8.063676
v 12.800411 -47.847017 -6.841962
v 13.409404 -47.847017 -5.554357
v 13.889256 -47.847017 -4.213260
v 14.235347 -47.847017 -2.831587
v 14.444344 -47.847017 -1.422644
v 19.134172 -46.193977 0.000000
v 19.042035 -46.193977 1.875477
v 18.766514 -46.193977 3.732892
v 18.310261 -46.193977 5.554357
v 17.677670 -46.193977 7.322330
v 16.874833 -46.193977 9.019786
v 15.909482 -46.193977 10.630376
v 14.790915 -46.193977 12.138590
v 13.529903 -46.193977 13.529903
v 12.138590 -46.193977 14.790915
v 10.630376 -46.193977 15.909482
v 9.019786 -46.193977 16.874833
v 7.322330 -46.193977 17.677670
v 5.554357 -46.193977 18.310261
v 3.732892 -46.193977 18.766514
v 1.875477 -46.193977 19.042035
v 0.000000 -46.193977 19.134172
v -1.875477 -46.193977 19.042035
v -3.732892 -46.193977 18.766514
v -5.554357 -46.193977 18.310261
v -7.322330 -46.193977 17.677670
v -9.019786 -46.193977 16.874833
v -10.630376 -46.193977 15.909482
v -12.138590 -46.193977 14.790915
v -13.529903 -46.193977 13.529903
v -14.790915 -46.193977 12.138590
v -15.909482 -46.193977 10.630376
v -16.874833 -46.193977 9.019786
v -17.677670 -46.193977 7.322330
v -18.310261 -46.193977 5.554357
v -18.766514 -46.193977 3.732892
v -19.042035 -46.193977 1.875477
v -19.134172 -46.193977 0.000000
v -19.042035 -46.193977 -1.875477
v -18.766514 -46.193977 -3.732892
v -18.310261 -46.193977 -5.554357
v -17.677670 -46.193977 -7.322330
v -16.874833 -46.193977 -9.019786
v -15.909482 -46.193977 -10.630376
v -14.790915 -46.193977 -12.138590
v -13.529903 -46.193977 -13.529903
v -12.138590 -46.193977 -14.790915
v -10.630376 -46.193977 -15.909482
v -9.019786 -46.193977 -16.874833
v -7.322330 -46.193977 -17.677670
v -5.554357 -46.193977 -18.310261
v -3.732892 -46.193977 -18.766514
v -1.875477 -46.193977 -19.042035
v -0.000000 -46.193977 -19.134172
v 1.875477 -46.193977 -19.042035
v 3.732892 -46.193977 -18.766514
v 5.554357 -46.193977 -18.310261
v 7.322330 -46.193977 -17.677670
v 9.019786 -46.193977 -16.874833
v 10.630376 -46.193977 -15.909482
v 12.138590 -46.193977 -14.790915
v 13.529903 -46.193977 -13.529903
v 14.790915 -46.193977 -12.138590
v 15.909482 -46.193977 -10.630376
v 16.874833 -46.193977 -9.019786
v 17.677670 -46.193977 -7.322330
v 18.310261 -46.193977 -5.554357
v 18.766514 -46.193977 -3.732892
v 19.042035 -46.193977 -1.875477
v 23.569837 -44.096063 0.000000
v 23.456342 -44.096063 2.310248
v 23.116949 -44.096063 4.598247
v 22.554928 -44.096063 6.841962
v 21.775690 -44.096063 9.019786
v 20.786740 -44.096063 11.110744
v 19.597603 -44.096063 13.094700
v 18.219730 -44.096063 14.952546
v 16.666391 -44.096063 16.666391
v 14.952546 -44.096063 18.219730
v 13.094700 -44.096063 19.597603
v 11.110744 -44.096063 20.786740
v 9.019786 -44.096063 21.775690
v 6.841962 -44.096063 22.554928
v 4.598247 -44.096063 23.116949
v 2.310248 -44.096063 23.456342
v 0.000000 -44.096063 23.569837
v -2.310248 -44.096063 23.456342
v -4.598247 -44.096063 23.116949
v -6.841962 -44.096063 22.554928
v -9.019786 -44.096063 21.775690
v -11.110744 -44.096063 20.786740
v -13.094700 -44.096063 19.597603
v -14.952546 -44.096063 18.219730
v -16.666391 -44.096063 16.666391
v -18.219730 -44.096063 14.952546
v -19.597603 -44.096063 13.094700
v -20.786740 -44.096063 11.110744
v -21.775690 -44.096063 9.019786
v -22.554928 -44.096063 6.841962
v -23.116949 -44.096063 4.598247
v -23.456342 -44.096063 2.310248
v -23.569837 -44.096063 0.000000
v -23.456342 -44.096063 -2.310248
v -23.116949 -44.096063 -4.598247
v -22.554928 -44.096063 -6.841962
v -21.775690 -44.096063 -9.019786
v -20.786740 -44.096063 -11.110744
v -19.597603 -44.096063 -13.094700
v -18.219730 -44.096063 -14.952546
v -16.666391 -44.096063 -16.666391
v -14.952546 -44.096063 -18.219730
v -13.094700 -44.096063 -19.597603
v -11.110744 -44.096063 -20.786740
v -9.019786 -44.096063 -21.775690
v -6.841962 -44.096063 -22.554928
v -4.598247 -44.096063 -23.116949
v -2.310248 -44.096063 -23.456342
v -0.000000 -44.096063 -23.569837
v 2.310248 -44.096063 -23.456342
v 4.598247 -44.096063 -23.116949
v 6.841962 -44.096063 -22.554928
v 9.019786 -44.096063 -21.775690
v 11.110744 -44.096063 -20.786740
v 13.094700 -44.096063 -19.597603
v 14.952546 -44.096063 -18.219730
v 16.666391 -44.096063 -16.666391
v 18.219730 -44.096063 -14.952546
v 19.597603 -44.096063 -13.094700
v 20.786740 -44.096063 -11.110744
v 21.775690 -44.096063 -9.019786
v 22.554928 -44.096063 -6.841962
v 23.116949 -44.096063 -4.598247
v 23.456342 -44.096063 -2.310248
v 27.778512 -41.573481 0.000000
v 27.644751 -41.573481 2.722770
v 27.244755 -41.573481 5.419319
v 26.582378 -41.573481 8.063676
v 25.663998 -41.573481 10.630376
v 24.498460 -41.573481 13.094700
v 23.096988 -41.573481 15.432914
v 21.473080 -41.573481 17.622501
v 19.642374 -41.573481 19.642374
v 17.622501 -41.573481 21.473080
v 15.432914 -41.573481 23.096988
v 13.094700 -41.573481 24.498460
v 10.630376 -41.573481 25.663998
v 8.063676 -41.573481 26.582378
v 5.419319 -41.573481 27.244755
v 2.722770 -41.573481 27.644751
v 0.000000 -41.573481 27.778512
v -2.722770 -41.573481 27.644751
v -5.419319 -41.573481 27.244755
v -8.063676 -41.573481 26.582378
v -10.630376 -41.573481 25.663998
v -13.094700 -41.573481 24.498460
v -15.432914 -41.573481 23.096988
v -17.622501 -41.573481 21.473080
v -19.642374 -41.573481 19.642374
v -21.473080 -41.573481 17.622501
v -23.096988 -41.573481 15.432914
v -24.498460 -41.573481 13.094700
v -25.663998 -41.573481 10.630376
v -26.582378 -41.573481 8.063676
v -27.244755 -41.573481 5.419319
v -27.644751 -41.573481 2.722770
v -27.778512 -41.573481 0.000000
v -27.644751 -41.573481 -2.722770
v -27.244755 -41.573481 -5.419319
v -26.582378 -41.573481 -8.063676
v -25.663998 -41.573481 -10.630376
v -24.498460 -41.573481 -13.094700
v -23.096988 -41.573481 -15.432914
v -21.473080 -41.573481 -17.622501
v -19.642374 -41.573481 -19.642374
v -17.622501 -41.573481 -21.473080
v -15.432914 -41.573481 -23.096988
v -13.094700 -41.573481 -24.498460
v -10.630376 -41.573481 -25.663998
v -8.063676 -41.573481 -26.582378
v -5.419319 -41.573481 -27.244755
v -2.722770 -41.573481 -27.644751
v -0.000000 -41.573481 -27.778512
v 2.722770 -41.573481 -27.644751
v 5.419319 -41.573481 -27.244755
v 8.063676 -41.573481 -26.582378
v 10.630376 -41.573481 -25.663998
v 13.094700 -41.573481 -24.498460
v 15.432914 -41.573481 -23.096988
v 17.622501 -41.573481 -21.473080
v 19.642374 -41.573481 -19.642374
v 21.473080 -41.573481 -17.622501
v 23.096988 -41.573481 -15.432914
v 24.498460 -41.573481 -13.094700
v 25.663998 -41.573481 -10.630376
v 26.582378 -41.573481 -8.063676
v 27.244755 -41.573481 -5.419319
v 27.644751 -41.573481 -2.722770
v 31.719664 -38.650523 0.000000
v 31.566925 -38.650523 3.109071
v 31.110180 -38.650523 6.188200
v 30.353826 -38.650523 9.207732
v 29.305149 -38.650523 12.138590
v 27.974246 -38.650523 14.952546
v 26.373937 -38.650523 17.622501
v 24.519632 -38.650523 20.122742
v 22.429190 -38.650523 22.429190
v 20.122742 -38.650523 24.519632
v 17.622501 -38.650523 26.373937
v 14.952546 -38.650523 27.974246
v 12.138590 -38.650523 29.305149
v 9.207732 -38.650523 30.353826
v 6.188200 -38.650523 31.110180
v 3.109071 -38.650523 31.566925
v 0.000000 -38.650523 31.719664
v -3.109071 -38.650523 31.566925
v -6.188200 -38.650523 31.110180
v -9.207732 -38.650523 30.353826
v -12.138590 -38.650523 29.305149
v -14.952546 -38.650523 27.974246
v -17.622501 -38.650523 26.373937
v -20.122742 -38.650523 24.519632
v -22.429190 -38.650523 22.429190
v -24.519632 -38.650523 20.122742
v -26.373937 -38.650523 17.622501
v -27.974246 -38.650523 14.952546
v -29.305149 -38.650523 12.138590
v -30.353826 -38.650523 9.207732
v -31.110180 -38.650523 6.188200
v -31.566925 -38.650523 3.109071
v -31.719664 -38.650523 0.000000
v -31.566925 -38.650523 -3.109071
v -31.110180 -38.650523 -6.188200
v -30.353826 -38.650523 -9.207732
v -29.305149 -38.650523 -12.138590
v -27.974246 -38.650523 -14.952546
v -26.373937 -38.650523 -17.622501
v -24.519632 -38.650523 -20.122742
v -22.429190 -38.650523 -22.429190
v -20.122742 -38.650523 -24.519632
v -17.622501 -38.650523 -26.373937
v -14.952546 -38.650523 -27.974246
v -12.138590 -38.650523 -29.305149
v -9.207732 -38.650523 -30.353826
v -6.188200 -38.650523 -31.110180
v -3.109071 -38.650523 -31.566925
v -0.000000 -38.650523 -31.719664
v 3.109071 -38.650523 -31.566925
v 6.188200 -38.650523 -31.110180
v 9.207732 -38.650523 -30.353826
v 12.138590 -38.650523 -29.305149
v 14.952546 -38.650523 -27.974246
v 17.622501 -38.650523 -26.373937
v 20.122742 -38.650523 -24.519632
v 22.429190 -38.650523 -22.429190
v 24.519632 -38.650523 -20.122742
v 26.373937 -38.650523 -17.622501
v 27.974246 -38.650523 -14.952546
v 29.305149 -38.650523 -12.138590
v 30.353826 -38.650523 -9.207732
v 31.110180 -38.650523 -6.188200
v 31.566925 -38.650523 -3.109071
v 35.355339 -35.355339 0.000000
v 35.185093 -35.355339 3.465429
v 34.675996 -35.355339 6.897484
v 33.832950 -35.355339 10.263113
v 32.664074 -35.355339 13.529903
v 31.180625 -35.355339 16.666391
v 29.396890 -35.355339 19.642374
v 27.330047 -35.355339 22.429190
v 25.000000 -35.355339 25.000000
v 22.429190 -35.355339 27.330047
v 19.642374 -35.355339 29.396890
v 16.666391 -35.355339 31.180625
v 13.529903 -35.355339 32.664074
v 10.263113 -35.355339 33.832950
v 6.897484 -35.355339 34.675996
v 3.465429 -35.355339 35.185093
v 0.000000 -35.355339 35.355339
v -3.465429 -35.355339 35.185093
v -6.897484 -35.355339 34.675996
v -10.263113 -35.355339 33.832950
v -13.529903 -35.355339 32.664074
v -16.666391 -35.355339 31.180625
v -19.642374 -35.355339 29.396890
v -22.429190 -35.355339 27.330047
v -25.000000 -35.355339 25.000000
v -27.330047 -35.355339 22.429190
v -29.396890 -35.355339 19.642374
v -31.180625 -35.355339 16.666391
v -32.664074 -35.355339 13.529903
v -33.832950 -35.355339 10.263113
v -34.675996 -35.355339 6.897484
v -35.185093 -35.355339 3.465429
v -35.355339 -35.355339 0.000000
v -35.185093 -35.355339 -3.465429
v -34.675996 -35.355339 -6.897484
v -33.832950 -35.355339 -10.263113
v -32.664074 -35.355339 -13.529903
v -31.180625 -35.355339 -16.666391
v -29.396890 -35.355339 -19.642374
v -27.330047 -35.355339 -22.429190
v -25.000000 -35.355339 -25.000000
v -22.429190 -35.355339 -27.330047
v -19.642374 -35.355339 -29.396890
v -16.666391 -35.355339 -31.180625
v -13.529903 -35.355339 -32.664074
v -10.263113 -35.355339 -33.832950
v -6.897484 -35.355339 -34.675996
v -3.465429 -35.355339 -35.185093
v -0.000000 -35.355339 -35.355339
v 3.465429 -35.355339 -35.185093
v 6.897484 -35.355339 -34.675996
v 10.263113 -35.355339 -33.832950
v 13.529903 -35.355339 -32.664074
v 16.666391 -35.355339 -31.180625
v 19.642374 -35.355339 -29.396890
v 22.429190 -35.355339 -27.330047
v 25.000000 -35.355339 -25.000000
v 27.330047 -35.355339 -22.429190
v 29.396890 -35.355339 -19.642374
v 31.180625 -35.355339 -16.666391
v 32.664074 -35.355339 -13.529903
v 33.832950 -35.355339 -10.263113
v 34.675996 -35.355339 -6.897484
v 35.185093 -35.355339 -3.465429
v 38.650523 -31.719664 0.000000
v 38.464410 -31.719664 3.788414
v 37.907864 -31.719664 7.540343
v 36.986244 -31.719664 11.219654
v 35.708427 -31.719664 14.790915
v 34.086718 -31.719664 18.219730
v 32.136735 -31.719664 21.473080
v 29.877258 -31.719664 24.519632
v 27.330047 -31.719664 27.330047
v 24.519632 -31.719664 29.877258
v 21.473080 -31.719664 32.136735
v 18.219730 -31.719664 34.086718
v 14.790915 -31.719664 35.708427
v 11.219654 -31.719664 36.986244
v 7.540343 -31.719664 37.907864
v 3.788414 -31.719664 38.464410
v 0.000000 -31.719664 38.650523
v -3.788414 -31.719664 38.464410
v -7.540343 -31.719664 37.907864
v -11.219654 -31.719664 36.986244
v -14.790915 -31.719664 35.708427
v -18.219730 -31.719664 34.086718
v -21.473080 -31.719664 32.136735
v -24.519632 -31.719664 29.877258
v -27.330047 -31.719664 27.330047
v -29.877258 -31.719664 24.519632
v -32.136735 -31.719664 21.473080
v -34.086718 -31.719664 18.219730
v -35.708427 -31.719664 14.790915
v -36.986244 -31.719664 11.219654
v -37.907864 -31.719664 7.540343
v -38.464410 -31.719664 3.788414
v -38.650523 -31.719664 0.000000
v -38.464410 -31.719664 -3.788414
v -37.907864 -31.719664 -7.540343
v -36.986244 -31.719664 -11.219654
v -35.708427 -31.719664 -14.790915
v -34.086718 -31.719664 -18.219730
v -32.136735 -31.719664 -21.473080
v -29.877258 -31.719664 -24.519632
v -27.330047 -31.719664 -27.330047
v -24.519632 -31.719664 -29.877258
v -21.473080 -31.719664 -32.136735
v -18.219730 -31.719664 -34.086718
v -14.790915 -31.719664 -35.708427
v -11.219654 -31.719664 -36.986244
v -7.540343 -31.719664 -37.907864
v -3.788414 -31.719664 -38.464410
v -0.000000 -31.719664 -38.650523
v 3.788414 -31.719664 -38.464410
v 7.540343 -31.719664 -37.907864
v 11.219654 -31.719664 -36.986244
v 14.790915 -31.719664 -35.708427
v 18.219730 -31.719664 -34.086718
v 21.473080 -31.719664 -32.136735
v 24.519632 -31.719664 -29.877258
v 27.330047 -31.719664 -27.330047
v 29.877258 -31.719664 -24.519632
v 32.136735 -31.719664 -21.473080
v 34.086718 -31.719664 -18.219730
v 35.708427 -31.719664 -14.790915
v 36.986244 -31.719664 -11.219654
v 37.907864 -31.719664 -7.540343
v 38.464410 -31.719664 -3.788414
v 41.573481 -27.778512 0.000000
v 41.373293 -27.778512 4.074914
v 40.774658 -27.778512 8.110584
v 39.783340 -27.778512 12.068144
v 38.408888 -27.778512 15.909482
v 36.664537 -27.778512 19.597603
v 34.567086 -27.778512 23.096988
v 32.136735 -27.778512 26.373937
v 29.396890 -27.778512 29.396890
v 26.373937 -27.778512 32.136735
v 23.096988 -27.778512 34.567086
v 19.597603 -27.778512 36.664537
v 15.909482 -27.778512 38.408888
v 12.068144 -27.778512 39.783340
v 8.110584 -27.778512 40.774658
v 4.074914 -27.778512 41.373293
v 0.000000 -27.778512 41.573481
v -4.074914 -27.778512 41.373293
v -8.110584 -27.778512 40.774658
v -12.068144 -27.778512 39.783340
v -15.909482 -27.778512 38.408888
v -19.597603 -27.778512 36.664537
v -23.096988 -27.778512 34.567086
v -26.373937 -27.778512 32.136735
v -29.396890 -27.778512 29.396890
v -32.136735 -27.778512 26.373937
v -34.567086 -27.778512 23.096988
v -36.664537 -27.778512 19.597603
v -38.408888 -27.778512 15.909482
v -39.783340 -27.778512 12.068144
v -40.774658 -27.778512 8.110584
v -41.373293 -27.778512 4.074914
v -41.573481 -27.778512 0.000000
v -41.373293 -27.778512 -4.074914
v -40.774658 -27.778512 -8.110584
v -39.783340 -27.778512 -12.068144
v -38.408888 -27.778512 -15.909482
v -36.664537 -27.778512 -19.597603
v -34.567086 -27.778512 -23.096988
v -32.136735 -27.778512 -26.373937
v -29.396890 -27.778512 -29.396890
v -26.373937 -27.778512 -32.136735
v -23.096988 -27.778512 -34.567086
v -19.597603 -27.778512 -36.664537
v -15.909482 -27.778512 -38.408888
v -12.068144 -27.778512 -39.783340
v -8.110584 -27.778512 -40.774658
v -4.074914 -27.778512 -41.373293
v -0.000000 -27.778512 -41.573481
v 4.074914 -27.778512 -41.373293
v 8.110584 -27.778512 -40.774658
v 12.068144 -27.778512 -39.783340
v 15.909482 -27.778512 -38.408888
v 19.597603 -27.778512 -36.664537
v 23.096988 -27.778512 -34.567086
v 26.373937 -27.778512 -32.136735
v 29.396890 -27.778512 -29.396890
v 32.136735 -27.778512 -26.373937
v 34.567086 -27.778512 -23.096988
v 36.664537 -27.778512 -19.597603
v 38.408888 -27.778512 -15.909482
v 39.783340 -27.778512 -12.068144
v 40.774658 -27.778512 -8.110584
v 41.373293 -27.778512 -4.074914
v 44.096063 -23.569837 0.000000
v 43.883729 -23.569837 4.322170
v 43.248770 -23.569837 8.602715
v 42.197302 -23.569837 12.800411
v 40.739450 -23.569837 16.874833
v 38.889256 -23.569837 20.786740
v 36.664537 -23.569837 24.498460
v 34.086718 -23.569837 27.974246
v 31.180625 -23.569837 31.180625
v 27.974246 -23.569837 34.086718
v 24.498460 -23.569837 36.664537
v 20.786740 -23.569837 38.889256
v 16.874833 -23.569837 40.739450
v 12.800411 -23.569837 42.197302
v 8.602715 -23.569837 43.248770
v 4.322170 -23.569837 43.883729
v 0.000000 -23.569837 44.096063
v -4.322170 -23.569837 43.883729
v -8.602715 -23.569837 43.248770
v -12.800411 -23.569837 42.197302
v -16.874833 -23.569837 40.739450
v -20.786740 -23.569837 38.889256
v -24.498460 -23.569837 36.664537
v -27.974246 -23.569837 34.086718
v -31.180625 -23.569837 31.180625
v -34.086718 -23.569837 27.974246
v -36.664537 -23.569837 24.498460
v -38.889256 -23.569837 20.786740
v -40.739450 -23.569837 16.874833
v -42.197302 -23.569837 12.800411
v -43.248770 -23.569837 8.602715
v -43.883729 -23.569837 4.322170
v -44.096063 -23.569837 0.000000
v -43.883729 -23.569837 -4.322170
v -43.248770 -23.569837 -8.602715
v -42.197302 -23.569837 -12.800411
v -40.739450 -23.569837 -16.874833
v -38.889256 -23.569837 -20.786740
v -36.664537 -23.569837 -24.498460
v -34.086718 -23.569837 -27.974246
v -31.180625 -23.569837 -31.180625
v -27.974246 -23.569837 -34.086718
v -24.498460 -23.569837 -36.664537
v -20.786740 -23.569837 -38.889256
v -16.874833 -23.569837 -40.739450
v -12.800411 -23.569837 -42.197302
v -8.602715 -23.569837 -43.248770
v -4.322170 -23.569837 -43.883729
v -0.000000 -23.569837 -44.096063
v 4.322170 -23.569837 -43.883729
v 8.602715 -23.569837 -43.248770
v 12.800411 -23.569837 -42.197302
v 16.874833 -23.569837 -40.739450
v 20.786740 -23.569837 -38.889256
v 24.498460 -23.569837 -36.664537
v 27.974246 -23.569837 -34.086718
v 31.180625 -23.569837 -31.180625
v 34.086718 -23.569837 -27.974246
v 36.664537 -23.569837 -24.498460
v 38.889256 -23.569837 -20.786740
v 40.739450 -23.569837 -16.874833
v 42.197302 -23.569837 -12.800411
v 43.248770 -23.569837 -8.602715
v 43.883729 -23.569837 -4.322170
v 46.193977 -19.134172 0.000000
v 45.971540 -19.134172 4.527801
v 45.306372 -19.134172 9.011998
v 44.204880 -19.134172 13.409404
v 42.677670 -19.134172 17.677670
v 40.739450 -19.134172 21.775690
v 38.408888 -19.134172 25.663998
v 35.708427 -19.134172 29.305149
v 32.664074 -19.134172 32.664074
v 29.305149 -19.134172 35.708427
v 25.663998 -19.134172 38.408888
v 21.775690 -19.134172 40.739450
v 17.677670 -19.134172 42.677670
v 13.409404 -19.134172 44.204880
v 9.011998 -19.134172 45.306372
v 4.527801 -19.134172 45.971540
v 0.000000 -19.134172 46.193977
v -4.527801 -19.134172 45.971540
v -9.011998 -19.134172 45.306372
v -13.409404 -19.134172 44.204880
v -17.677670 -19.134172 42.677670
v -21.775690 -19.134172 40.739450
v -25.663998 -19.134172 38.408888
v -29.305149 -19.134172 35.708427
v -32.664074 -19.134172 32.664074
v -35.708427 -19.134172 29.305149
v -38.408888 -19.134172 25.663998
v -40.739450 -19.134172 21.775690
v -42.677670 -19.134172 17.677670
v -44.204880 -19.134172 13.409404
v -45.306372 -19.134172 9.011998
v -45.971540 -19.134172 4.527801
v -46.193977 -19.134172 0.000000
v -45.971540 -19.134172 -4.527801
v -45.306372 -19.134172 -9.011998
v -44.204880 -19.134172 -13.409404
v -42.677670 -19.134172 -17.677670
v -40.739450 -19.134172 -21.775690
v -38.408888 -19.134172 -25.663998
v -35.708427 -19.134172 -29.305149
v -32.664074 -19.134172 -32.664074
v -29.305149 -19.134172 -35.708427
v -25.663998 -19.134172 -38.408888
v -21.775690 -19.134172 -40.739450
v -17.677670 -19.134172 -42.677670
v -13.409404 -19.134172 -44.204880
v -9.011998 -19.134172 -45.306372
v -4.527801 -19.134172 -45.971540
v -0.000000 -19.134172 -46.193977
v 4.527801 -19.134172 -45.971540
v 9.011998 -19.134172 -45.306372
v 13.409404 -19.134172 -44.204880
v 17.677670 -19.134172 -42.677670
v 21.775690 -19.134172 -40.739450
v 25.663998 -19.134172 -38.408888
v 29.305149 -19.134172 -35.708427
v 32.664074 -19.134172 -32.664074
v 35.708427 -19.134172 -29.305149
v 38.408888 -19.134172 -25.663998
v 40.739450 -19.134172 -21.775690
v 42.677670 -19.134172 -17.677670
v 44.204880 -19.134172 -13.409404
v 45.306372 -19.134172 -9.011998
v 45.971540 -19.134172 -4.527801
v 47.847017 -14.514234 0.000000
v 47.616620 -14.514234 4.689828
v 46.927650 -14.514234 9.334490
v 45.786740 -14.514234 13.889256
v 44.204880 -14.514234 18.310261
v 42.197302 -14.514234 22.554928
v 39.783340 -14.514234 26.582378
v 36.986244 -14.514234 30.353826
v 33.832950 -14.514234 33.832950
v 30.353826 -14.514234 36.986244
v 26.582378 -14.514234 39.783340
v 22.554928 -14.514234 42.197302
v 18.310261 -14.514234 44.204880
v 13.889256 -14.514234 45.786740
v 9.334490 -14.514234 46.927650
v 4.689828 -14.514234 47.616620
v 0.000000 -14.514234 47.847017
v -4.689828 -14.514234 47.616620
v -9.334490 -14.514234 46.927650
v -13.889256 -14.514234 45.786740
v -18.310261 -14.514234 44.204880
v -22.554928 -14.514234 42.197302
v -26.582378 -14.514234 39.783340
v -30.353826 -14.514234 36.986244
v -33.832950 -14.514234 33.832950
v -36.986244 -14.514234 30.353826
v -39.783340 -14.514234 26.582378
v -42.197302 -14.514234 22.554928
v -44.204880 -14.514234 18.310261
v -45.786740 -14.514234 13.889256
v -46.927650 -14.514234 9.334490
v -47.616620 -14.514234 4.689828
v -47.847017 -14.514234 0.000000
v -47.616620 -14.514234 -4.689828
v -46.927650 -14.514234 -9.334490
v -45.786740 -14.514234 -13.889256
v -44.204880 -14.514234 -18.310261
v -42.197302 -14.514234 -22.554928
v -39.783340 -14.514234 -26.582378
v -36.986244 -14.514234 -30.353826
v -33.832950 -14.514234 -33.832950
v -30.353826 -14.514234 -36.986244
v -26.582378 -14.514234 -39.783340
v -22.554928 -14.514234 -42.197302
v -18.310261 -14.514234 -44.204880
v -13.889256 -14.514234 -45.786740
v -9.334490 -14.514234 -46.927650
v -4.689828 -14.514234 -47.616620
v -0.000000 -14.514234 -47.847017
v 4.689828 -14.514234 -47.616620
v 9.334490 -14.514234 -46.927650
v 13.889256 -14.514234 -45.786740
v 18.310261 -14.514234 -44.204880
v 22.554928 -14.514234 -42.197302
v 26.582378 -14.514234 -39.783340
v 30.353826 -14.514234 -36.986244
v 33.832950 -14.514234 -33.832950
v 36.986244 -14.514234 -30.353826
v 39.783340 -14.514234 -26.582378
v 42.197302 -14.514234 -22.554928
v 44.204880 -14.514234 -18.310261
v 45.786740 -14.514234 -13.889256
v 46.927650 -14.514234 -9.334490
v 47.616620 -14.514234 -4.689828
v 49.039264 -9.754516 0.000000
v 48.803127 -9.754516 4.806688
v 48.096988 -9.754516 9.567086
v 46.927650 -9.754516 14.235347
v 45.306372 -9.754516 18.766514
v 43.248770 -9.754516 23.116949
v 40.774658 -9.754516 27.244755
v 37.907864 -9.754516 31.110180
v 34.675996 -9.754516 34.675996
v 31.110180 -9.754516 37.907864
v 27.244755 -9.754516 40.774658
v 23.116949 -9.754516 43.248770
v 18.766514 -9.754516 45.306372
v 14.235347 -9.754516 46.927650
v 9.567086 -9.754516 48.096988
v 4.806688 -9.754516 48.803127
v 0.000000 -9.754516 49.039264
v -4.806688 -9.754516 48.803127
v -9.567086 -9.754516 48.096988
v -14.235347 -9.754516 46.927650
v -18.766514 -9.754516 45.306372
v -23.116949 -9.754516 43.248770
v -27.244755 -9.754516 40.774658
v -31.110180 -9.754516 37.907864
v -34.675996 -9.754516 34.675996
v -37.907864 -9.754516 31.110180
v -40.774658 -9.754516 27.244755
v -43.248770 -9.754516 23.116949
v -45.306372 -9.754516 18.766514
v -46.927650 -9.754516 14.235347
v -48.096988 -9.754516 9.567086
v -48.803127 -9.754516 4.806688
v -49.039264 -9.754516 0.000000
v -48.803127 -9.754516 -4.806688
v -48.096988 -9.754516 -9.567086
v -46.927650 -9.754516 -14.235347
v -45.306372 -9.754516 -18.766514
v -43.248770 -9.754516 -23.116949
v -40.774658 -9.754516 -27.244755
v -37.907864 -9.754516 -31.110180
v -34.675996 -9.754516 -34.675996
v -31.110180 -9.754516 -37.907864
v -27.244755 -9.754516 -40.774658
v -23.116949 -9.754516 -43.248770
v -18.766514 -9.754516 -45.306372
v -14.235347 -9.754516 -46.927650
v -9.567086 -9.754516 -48.096988
v -4.806688 -9.754516 -48.803127
v -0.000000 -9.754516 -49.039264
v 4.806688 -9.754516 -48.803127
v 9.567086 -9.754516 -48.096988
v 14.235347 -9.754516 -46.927650
v 18.766514 -9.754516 -45.306372
v 23.116949 -9.754516 -43.248770
v 27.244755 -9.754516 -40.774658
v 31.110180 -9.754516 -37.907864
v 34.675996 -9.754516 -34.675996
v 37.907864 -9.754516 -31.110180
v 40.774658 -9.754516 -27.244755
v 43.248770 -9.754516 -23.116949
v 45.306372 -9.754516 -18.766514
v 46.927650 -9.754516 -14.235347
v 48.096988 -9.754516 -9.567086
v 48.803127 -9.754516 -4.806688
v 49.759236 -4.900857 0.000000
v 49.519632 -4.900857 4.877258
v 48.803127 -4.900857 9.707545
v 47.616620 -4.900857 14.444344
v 45.971540 -4.900857 19.042035
v 43.883729 -4.900857 23.456342
v 41.373293 -4.900857 27.644751
v 38.464410 -4.900857 31.566925
v 35.185093 -4.900857 35.185093
v 31.566925 -4.900857 38.464410
v 27.644751 -4.900857 41.373293
v 23.456342 -4.900857 43.883729
v 19.042035 -4.900857 45.971540
v 14.444344 -4.900857 47.616620
v 9.707545 -4.900857 48.803127
v 4.877258 -4.900857 49.519632
v 0.000000 -4.900857 49.759236
v -4.877258 -4.900857 49.519632
v -9.707545 -4.900857 48.803127
v -14.444344 -4.900857 47.616620
v -19.042035 -4.900857 45.971540
v -23.456342 -4.900857 43.883729
v -27.644751 -4.900857 41.373293
v -31.566925 -4.900857 38.464410
v -35.185093 -4.900857 35.185093
v -38.464410 -4.900857 31.566925
v -41.373293 -4.900857 27.644751
v -43.883729 -4.900857 23.456342
v -45.971540 -4.900857 19.042035
v -47.616620 -4.900857 14.444344
v -48.803127 -4.900857 9.707545
v -49.519632 -4.900857 4.877258
v -49.759236 -4.900857 0.000000
v -49.519632 -4.900857 -4.877258
v -48.803127 -4.900857 -9.707545
v -47.616620 -4.900857 -14.444344
v -45.971540 -4.900857 -19.042035
v -43.883729 -4.900857 -23.456342
v -41.373293 -4.900857 -27.644751
v -38.464410 -4.900857 -31.566925
v -35.185093 -4.900857 -35.185093
v -31.566925 -4.900857 -38.464410
v -27.644751 -4.900857 -41.373293
v -23.456342 -4.900857 -43.883729
v -19.042035 -4.900857 -45.971540
v -14.444344 -4.900857 -47.616620
v -9.707545 -4.900857 -48.803127
v -4.877258 -4.900857 -49.519632
v -0.000000 -4.900857 -49.759236
v 4.877258 -4.900857 -49.519632
v 9.707545 -4.900857 -48.803127
v 14.444344 -4.900857 -47.616620
v 19.042035 -4.900857 -45.971540
v 23.456342 -4.900857 -43.883729
v 27.644751 -4.900857 -41.373293
v 31.566925 -4.900857 -38.464410
v 35.185093 -4.900857 -35.185093
v 38.464410 -4.900857 -31.566925
v 41.373293 -4.900857 -27.644751
v 43.883729 -4.900857 -23.456342
v 45.971540 -4.900857 -19.042035
v 47.616620 -4.900857 -14.444344
v 48.803127 -4.900857 -9.707545
v 49.519632 -4.900857 -4.877258
v 50.000000 -0.000000 0.000000
v 49.759236 -0.000000 4.900857
v 49.039264 -0.000000 9.754516
v 47.847017 -0.000000 14.514234
v 46.193977 -0.000000 19.134172
v 44.096063 -0.000000 23.569837
v 41.573481 -0.000000 27.778512
v 38.650523 -0.000000 31.719664
v 35.355339 -0.000000 35.355339
v 31.719664 -0.000000 38.650523
v 27.778512 -0.000000 41.573481
v 23.569837 -0.000000 44.096063
v 19.134172 -0.000000 46.193977
v 14.514234 -0.000000 47.847017
v 9.754516 -0.000000 49.039264
v 4.900857 -0.000000 49.759236
v 0.000000 -0.000000 50.000000
v -4.900857 -0.000000 49.759236
v -9.754516 -0.000000 49.039264
v -14.514234 -0.000000 47.847017
v -19.134172 -0.000000 46.193977
v -23.569837 -0.000000 44.096063
v -27.778512 -0.000000 41.573481
v -31.719664 -0.000000 38.650523
v -35.355339 -0.000000 35.355339
v -38.650523 -0.000000 31.719664
v -41.573481 -0.000000 27.778512
v -44.096063 -0.000000 23.569837
v -46.193977 -0.000000 19.134172
v -47.847017 -0.000000 14.514234
v -49.039264 -0.000000 9.754516
v -49.759236 -0.000000 4.900857
v -50.000000 -0.000000 0.000000
v -49.759236 -0.000000 -4.900857
v -49.039264 -0.000000 -9.754516
v -47.847017 -0.000000 -14.514234
v -46.193977 -0.000000 -19.134172
v -44.096063 -0.000000 -23.569837
v -41.573481 -0.000000 -27.778512
v -38.650523 -0.000000 -31.719664
v -35.355339 -0.000000 -35.355339
v -31.719664 -0.000000 -38.650523
v -27.778512 -0.000000 -41.573481
v -23.569837 -0.000000 -44.096063
v -19.134172 -0.000000 -46.193977
v -14.514234 -0.000000 -47.847017
v -9.754516 -0.000000 -49.039264
v -4.900857 -0.000000 -49.759236
v -0.000000 -0.000000 -50.000000
v 4.900857 -0.000000 -49.759236
v 9.754516 -0.000000 -49.039264
v 14.514234 -0.000000 -47.847017
v 19.134172 -0.000000 -46.193977
v 23.569837 -0.000000 -44.096063
v 27.778512 -0.000000 -41.573481
v 31.719664 -0.000000 -38.650523
v 35.355339 -0.000000 -35.355339
v 38.650523 -0.000000 -31.719664
v 41.573481 -0.000000 -27.778512
v 44.096063 -0.000000 -23.569837
v 46.193977 -0.000000 -19.134172
v 47.847017 -0.000000 -14.514234
v 49.039264 -0.000000 -9.754516
v 49.759236 -0.000000 -4.900857
v 49.759236 4.900857 0.000000
v 49.519632 4.900857 4.877258
v 48.803127 4.900857 9.707545
v 47.616620 4.900857 14.444344
v 45.971540 4.900857 19.042035
v 43.883729 4.900857 23.456342
v 41.373293 4.900857 27.644751
v 38.464410 4.900857 31.566925
v 35.185093 4.900857 35.185093
v 31.566925 4.900857 38.464410
v 27.644751 4.900857 41.373293
v 23.456342 4.900857 43.883729
v 19.042035 4.900857 45.971540
v 14.444344 4.900857 47.616620
v 9.707545 4.900857 48.803127
v 4.877258 4.900857 49.519632
v 0.000000 4.900857 49.759236
v -4.877258 4.900857 49.519632
v -9.707545 4.900857 48.803127
v -14.444344 4.900857 47.616620
v -19.042035 4.900857 45.971540
v -23.456342 4.900857 43.883729
v -27.644751 4.900857 41.373293
v -31.566925 4.900857 38.464410
v -35.185093 4.900857 35.185093
v -38.464410 4.900857 31.566925
v -41.373293 4.900857 27.644751
v -43.883729 4.900857 23.456342
v -45.971540 4.900857 19.042035
v -47.616620 4.900857 14.444344
v -48.803127 4.900857 9.707545
v -49.519632 4.900857 4.877258
v -49.759236 4.900857 0.000000
v -49.519632 4.900857 -4.877258
v -48.803127 4.900857 -9.707545
v -47.616620 4.900857 -14.444344
v -45.971540 4.900857 -19.042035
v -43.883729 4.900857 -23.456342
v -41.373293 4.900857 -27.644751
v -38.464410 4.900857 -31.566925
v -35.185093 4.900857 -35.185093
v -31.566925 4.900857 -38.464410
v -27.644751 4.900857 -41.373293
v -23.456342 4.900857 -43.883729
v -19.042035 4.900857 -45.971540
v -14.444344 4.900857 -47.616620
v -9.707545 4.900857 -48.803127
v -4.877258 4.900857 -49.519632
v -0.000000 4.900857 -49.759236
v 4.877258 4.900857 -49.519632
v 9.707545 4.900857 -48.803127
v 14.444344 4.900857 -47.616620
v 19.042035 4.900857 -45.971540
v 23.456342 4.900857 -43.883729
v 27.644751 4.900857 -41.373293
v 31.566925 4.900857 -38.464410
v 35.185093 4.900857 -35.185093
v 38.464410 4.900857 -31.566925
v 41.373293 4.900857 -27.644751
v 43.883729 4.900857 -23.456342
v 45.971540 4.900857 -19.042035
v 47.616620 4.900857 -14.444344
v 48.803127 4.900857 -9.707545
v 49.519632 4.900857 -4.877258
v 49.039264 9.754516 0.000000
v 48.803127 9.754516 4.806688
v 48.096988 9.754516 9.567086
v 46.927650 9.754516 14.235347
v 45.306372 9.754516 18.766514
v 43.248770 9.754516 23.116949
v 40.774658 9.754516 27.244755
v 37.907864 9.754516 31.110180
v 34.675996 9.754516 34.675996
v 31.110180 9.754516 37.907864
v 27.244755 9.754516 40.774658
v 23.116949 9.754516 43.248770
v 18.766514 9.754516 45.306372
v 14.235347 9.754516 46.927650
v 9.567086 9.754516 48.096988
v 4.806688 9.754516 48.803127
v 0.000000 9.754516 49.039264
v -4.806688 9.754516 48.803127
v -9.567086 9.754516 48.096988
v -14.235347 9.754516 46.927650
v -18.766514 9.754516 45.306372
v -23.116949 9.754516 43.248770
v -27.244755 9.754516 40.774658
v -31.110180 9.754516 37.907864
v -34.675996 9.754516 34.675996
v -37.907864 9.754516 31.110180
v -40.774658 9.754516 27.244755
v -43.248770 9.754516 23.116949
v -45.306372 9.754516 18.766514
v -46.927650 9.754516 14.235347
v -48.096988 9.754516 9.567086
v -48.803127 9.754516 4.806688
v -49.039264 9.754516 0.000000
v -48.803127 9.754516 -4.806688
v -48.096988 9.754516 -9.567086
v -46.927650 9.754516 -14.235347
v -45.306372 9.754516 -18.766514
v -43.248770 9.754516 -23.116949
v -40.774658 9.754516 -27.244755
v -37.907864 9.754516 -31.110180
v -34.675996 9.754516 -34.675996
v -31.110180 9.754516 -37.907864
v -27.244755 9.754516 -40.774658
v -23.116949 9.754516 -43.248770
v -18.766514 9.754516 -45.306372
v -14.235347 9.754516 -46.927650
v -9.567086 9.754516 -48.096988
v -4.806688 9.754516 -48.803127
v -0.000000 9.754516 -49.039264
v 4.806688 9.754516 -48.803127
v 9.567086 9.754516 -48.096988
v 14.235347 9.754516 -46.927650
v 18.766514 9.754516 -45.306372
v 23.116949 9.754516 -43.248770
v 27.244755 9.754516 -40.774658
v 31.110180 9.754516 -37.907864
v 34.675996 9.754516 -34.675996
v 37.907864 9.754516 -31.110180
v 40.774658 9.754516 -27.244755
v 43.248770 9.754516 -23.116949
v 45.306372 9.754516 -18.766514
v 46.927650 9.754516 -14.235347
v 48.096988 9.754516 -9.567086
v 48.803127 9.754516 -4.806688
v 47.847017 14.514234 0.000000
v 47.616620 14.514234 4.689828
v 46.927650 14.514234 9.334490
v 45.786740 14.514234 13.889256
v 44.204880 14.514234 18.310261
v 42.197302 14.514234 22.554928
v 39.783340 14.514234 26.582378
v 36.986244 14.514234 30.353826
v 33.832950 14.514234 33.832950
v 30.353826 14.514234 36.986244
v 26.582378 14.514234 39.783340
v 22.554928 14.514234 42.197302
v 18.310261 14.514234 44.204880
v 13.889256 14.514234 45.786740
v 9.334490 14.514234 46.927650
v 4.689828 14.514234 47.616620
v 0.000000 14.514234 47.847017
v -4.689828 14.514234 47.616620
v -9.334490 14.514234 46.927650
v -13.889256 14.514234 45.786740
v -18.310261 14.514234 44.204880
v -22.554928 14.514234 42.197302
v -26.582378 14.514234 39.783340
v -30.353826 14.514234 36.986244
v -33.832950 14.514234 33.832950
v -36.986244 14.514234 30.353826
v -39.783340 14.514234 26.582378
v -42.197302 14.514234 22.554928
v -44.204880 14.514234 18.310261
v -45.786740 14.514234 13.889256
v -46.927650 14.514234 9.334490
v -47.616620 14.514234 4.689828
v -47.847017 14.514234 0.000000
v -47.616620 14.514234 -4.689828
v -46.927650 14.514234 -9.334490
v -45.786740 14.514234 -13.889256
v -44.204880 14.514234 -18.310261
v -42.197302 14.514234 -22.554928
v -39.783340 14.514234 -26.582378
v -36.986244 14.514234 -30.353826
v -33.832950 14.514234 -33.832950
v -30.353826 14.514234 -36.986244
v -26.582378 14.514234 -39.783340
v -22.554928 14.514234 -42.197302
v -18.310261 14.514234 -44.204880
v -13.889256 14.514234 -45.786740
v -9.334490 14.514234 -46.927650
v -4.689828 14.514234 -47.616620
v -0.000000 14.514234 -47.847017
v 4.689828 14.514234 -47.616620
v 9.334490 14.514234 -46.927650
v 13.889256 14.514234 -45.786740
v 18.310261 14.514234 -44.204880
v 22.554928 14.514234 -42.197302
v 26.582378 14.514234 -39.783340
v 30.353826 14.514234 -36.986244
v 33.832950 14.514234 -33.832950
v 36.986244 14.514234 -30.353826
v 39.783340 14.514234 -26.582378
v 42.197302 14.514234 -22.554928
v 44.204880 14.514234 -18.310261
v 45.786740 14.514234 -13.889256
v 46.927650 14.514234 -9.334490
v 47.616620 14.514234 -4.689828
v 46.193977 19.134172 0.000000
v 45.971540 19.134172 4.527801
v 45.306372 19.134172 9.011998
v 44.204880 19.134172 13.409404
v 42.677670 19.134172 17.677670
v 40.739450 19.134172 21.775690
v 38.408888 19.134172 25.663998
v 35.708427 19.134172 29.305149
v 32.664074 19.134172 32.664074
v 29.305149 19.134172 35.708427
v 25.663998 19.134172 38.408888
v 21.775690 19.134172 40.739450
v 17.677670 19.134172 42.677670
v 13.409404 19.134172 44.204880
v 9.011998 19.134172 45.306372
v 4.527801 19.134172 45.971540
v 0.000000 19.134172 46.193977
v -4.527801 19.134172 45.971540
v -9.011998 19.134172 45.306372
v -13.409404 19.134172 44.204880
v -17.677670 19.134172 42.677670
v -21.775690 19.134172 40.739450
v -25.663998 19.134172 38.408888
v -29.305149 19.134172 35.708427
v -32.664074 19.134172 32.664074
v -35.708427 19.134172 29.305149
v -38.408888 19.134172 25.663998
v -40.739450 19.134172 21.775690
v -42.677670 19.134172 17.677670
v -44.204880 19.134172 13.409404
v -45.306372 19.134172 9.011998
v -45.971540 19.134172 4.527801
v -46.193977 19.134172 0.000000
v -45.971540 19.134172 -4.527801
v -45.306372 19.134172 -9.011998
v -44.204880 19.134172 -13.409404
v -42.677670 19.134172 -17.677670
v -40.739450 19.134172 -21.775690
v -38.408888 19.134172 -25.663998
v -35.708427 19.134172 -29.305149
v -32.664074 19.134172 -32.664074
v -29.305149 19.134172 -35.708427
v -25.663998 19.134172 -38.408888
v -21.775690 19.134172 -40.739450
v -17.677670 19.134172 -42.677670
v -13.409404 19.134172 -44.204880
v -9.011998 19.134172 -45.306372
v -4.527801 19.134172 -45.971540
v -0.000000 19.134172 -46.193977
v 4.527801 19.134172 -45.971540
v 9.011998 19.134172 -45.306372
v 13.409404 19.134172 -44.204880
v 17.677670 19.134172 -42.677670
v 21.775690 19.134172 -40.739450
v 25.663998 19.134172 -38.408888
v 29.305149 19.134172 -35.708427
v 32.664074 19.134172 -32.664074
v 35.708427 19.134172 -29.305149
v 38.408888 19.134172 -25.663998
v 40.739450 19.134172 -21.775690
v 42.677670 19.134172 -17.677670
v 44.204880 19.134172 -13.409404
v 45.306372 19.134172 -9.011998
v 45.971540 19.134172 -4.527801
v 44.096063 23.569837 0.000000
v 43.883729 23.569837 4.322170
v 43.248770 23.569837 8.602715
v 42.197302 23.569837 12.800411
v 40.739450 23.569837 16.874833
v 38.889256 23.569837 20.786740
v 36.664537 23.569837 24.498460
v 34.086718 23.569837 27.974246
v 31.180625 23.569837 31.180625
v 27.974246 23.569837 34.086718
v 24.498460 23.569837 36.664537
v 20.786740 23.569837 38.889256
v 16.874833 23.569837 40.739450
v 12.800411 23.569837 42.197302
v 8.602715 23.569837 43.248770
v 4.322170 23.569837 43.883729
v 0.000000 23.569837 44.096063
v -4.322170 23.569837 43.883729
v -8.602715 23.569837 43.248770
v -12.800411 23.569837 42.197302
v -16.874833 23.569837 40.739450
v -20.786740 23.569837 38.889256
v -24.498460 23.569837 36.664537
v -27.974246 23.569837 34.086718
v -31.180625 23.569837 31.180625
v -34.086718 23.569837 27.974246
v -36.664537 23.569837 24.498460
v -38.889256 23.569837 20.786740
v -40.739450 23.569837 16.874833
v -42.197302 23.569837 12.800411
v -43.248770 23.569837 8.602715
v -43.883729 23.569837 4.322170
v -44.096063 23.569837 0.000000
v -43.883729 23.569837 -4.322170
v -43.248770 23.569837 -8.602715
v -42.197302 23.569837 -12.800411
v -40.739450 23.569837 -16.874833
v -38.889256 23.569837 -20.786740
v -36.664537 23.569837 -24.498460
v -34.086718 23.569837 -27.974246
v -31.180625 23.569837 -31.180625
v -27.974246 23.569837 -34.086718
v -24.498460 23.569837 -36.664537
v -20.786740 23.569837 -38.889256
v -16.874833 23.569837 -40.739450
v -12.800411 23.569837 -42.197302
v -8.602715 23.569837 -43.248770
v -4.322170 23.569837 -43.883729
v -0.000000 23.569837 -44.096063
v 4.322170 23.569837 -43.883729
v 8.602715 23.569837 -43.248770
v 12.800411 23.569837 -42.197302
v 16.874833 23.569837 -40.739450
v 20.786740 23.569837 -38.889256
v 24.498460 23.569837 -36.664537
v 27.974246 23.569837 -34.086718
v 31.180625 23.569837 -31.180625
v 34.086718 23.569837 -27.974246
v 36.664537 23.569837 -24.498460
v 38.889256 23.569837 -20.786740
v 40.739450 23.569837 -16.874833
v 42.197302 23.569837 -12.800411
v 43.248770 23.569837 -8.602715
v 43.883729 23.569837 -4.322170
v 41.573481 27.778512 0.000000
v 41.373293 27.778512 4.074914
v 40.774658 27.778512 8.110584
v 39.783340 27.778512 12.068144
v 38.408888 27.778512 15.909482
v 36.664537 27.778512 19.597603
v 34.567086 27.778512 23.096988
v 32.136735 27.778512 26.373937
v 29.396890 27.778512 29.396890
v 26.373937 27.778512 32.136735
v 23.096988 27.778512 34.567086
v 19.597603 27.778512 36.664537
v 15.909482 27.778512 38.408888
v 12.068144 27.778512 39.783340
v 8.110584 27.778512 40.774658
v 4.074914 27.778512 41.373293
v 0.000000 27.778512 41.573481
v -4.074914 27.778512 41.373293
v -8.110584 27.778512 40.774658
v -12.068144 27.778512 39.783340
v -15.909482 27.778512 38.408888
v -19.597603 27.778512 36.664537
v -23.096988 27.778512 34.567086
v -26.373937 27.778512 32.136735
v -29.396890 27.778512 29.396890
v -32.136735 27.778512 26.373937
v -34.567086 27.778512 23.096988
v -36.664537 27.778512 19.597603
v -38.408888 27.778512 15.909482
v -39.783340 27.778512 12.068144
v -40.774658 27.778512 8.110584
v -41.373293 27.778512 4.074914
v -41.573481 27.778512 0.000000
v -41.373293 27.778512 -4.074914
v -40.774658 27.778512 -8.110584
v -39.783340 27.778512 -12.068144
v -38.408888 27.778512 -15.909482
v -36.664537 27.778512 -19.597603
v -34.567086 27.778512 -23.096988
v -32.136735 27.778512 -26.373937
v -29.396890 27.778512 -29.396890
v -26.373937 27.778512 -32.136735
v -23.096988 27.778512 -34.567086
v -19.597603 27.778512 -36.664537
v -15.909482 27.778512 -38.408888
v -12.068144 27.778512 -39.783340
v -8.110584 27.778512 -40.774658
v -4.074914 27.778512 -41.373293
v -0.000000 27.778512 -41.573481
v 4.074914 27.778512 -41.373293
v 8.110584 27.778512 -40.774658
v 12.068144 27.778512 -39.783340
v 15.909482 27.778512 -38.408888
v 19.597603 27.778512 -36.664537
v 23.096988 27.778512 -34.567086
v 26.373937 27.778512 -32.136735
v 29.396890 27.778512 -29.396890
v 32.136735 27.778512 -26.373937
v 34.567086 27.778512 -23.096988
v 36.664537 27.778512 -19.597603
v 38.408888 27.778512 -15.909482
v 39.783340 27.778512 -12.068144
v 40.774658 27.778512 -8.110584
v 41.373293 27.778512 -4.074914
v 38.650523 31.719664 0.000000
v 38.464410 31.719664 3.788414
v 37.907864 31.719664 7.540343
v 36.986244 31.719664 11.219654
v 35.708427 31.719664 14.790915
v 34.086718 31.719664 18.219730
v 32.136735 31.719664 21.473080
v 29.877258 31.719664 24.519632
v 27.330047 31.719664 27.330047
v 24.519632 31.719664 29.877258
v 21.473080 31.719664 32.136735
v 18.219730 31.719664 34.086718
v 14.790915 31.719664 35.708427
v 11.219654 31.719664 36.986244
v 7.540343 31.719664 37.907864
v 3.788414 31.719664 38.464410
v 0.000000 31.719664 38.650523
v -3.788414 31.719664 38.464410
v -7.540343 31.719664 37.907864
v -11.219654 31.719664 36.986244
v -14.790915 31.719664 35.708427
v -18.219730 31.719664 34.086718
v -21.473080 31.719664 32.136735
v -24.519632 31.719664 29.877258
v -27.330047 31.719664 27.330047
v -29.877258 31.719664 24.519632
v -32.136735 31.719664 21.473080
v -34.086718 31.719664 18.219730
v -35.708427 31.719664 14.790915
v -36.986244 31.719664 11.219654
v -37.907864 31.719664 7.540343
v -38.464410 31.719664 3.788414
v -38.650523 31.719664 0.000000
v -38.464410 31.719664 -3.788414
v -37.907864 31.719664 -7.540343
v -36.986244 31.719664 -11.219654
v -35.708427 31.719664 -14.790915
v -34.086718 31.719664 -18.219730
v -32.136735 31.719664 -21.473080
v -29.877258 31.719664 -24.519632
v -27.330047 31.719664 -27.330047
v -24.519632 31.719664 -29.877258
v -21.473080 31.719664 -32.136735
v -18.219730 31.719664 -34.086718
v -14.790915 31.719664 -35.708427
v -11.219654 31.719664 -36.986244
v -7.540343 31.719664 -37.907864
v -3.788414 31.719664 -38.464410
v -0.000000 31.719664 -38.650523
v 3.788414 31.719664 -38.464410
v 7.540343 31.719664 -37.907864
v 11.219654 31.719664 -36.986244
v 14.790915 31.719664 -35.708427
v 18.219730 31.719664 -34.086718
v 21.473080 31.719664 -32.136735
v 24.519632 31.719664 -29.877258
v 27.330047 31.719664 -27.330047
v 29.877258 31.719664 -24.519632
v 32.136735 31.719664 -21.473080
v 34.086718 31.719664 -18.219730
v 35.708427 31.719664 -14.790915
v 36.986244 31.719664 -11.219654
v 37.907864 31.719664 -7.540343
v 38.464410 31.719664 -3.788414
v 35.355339 35.355339 0.000000
v 35.185093 35.355339 3.465429
v 34.675996 35.355339 6.897484
v 33.832950 35.355339 10.263113
v 32.664074 35.355339 13.529903
v 31.180625 35.355339 16.666391
v 29.396890 35.355339 19.642374
v 27.330047 35.355339 22.429190
v 25.000000 35.355339 25.000000
v 22.429190 35.355339 27.330047
v 19.642374 35.355339 29.396890
v 16.666391 35.355339 31.180625
v 13.529903 35.355339 32.664074
v 10.263113 35.355339 33.832950
v 6.897484 35.355339 34.675996
v 3.465429 35.355339 35.185093
v 0.000000 35.355339 35.355339
v -3.465429 35.355339 35.185093
v -6.897484 35.355339 34.675996
v -10.263113 35.355339 33.832950
v -13.529903 35.355339 32.664074
v -16.666391 35.355339 31.180625
v -19.642374 35.355339 29.396890
v -22.429190 35.355339 27.330047
v -25.000000 35.355339 25.000000
v -27.330047 35.355339 22.429190
v -29.396890 35.355339 19.642374
v -31.180625 35.355339 16.666391
v -32.664074 35.355339 13.529903
v -33.832950 35.355339 10.263113
v -34.675996 35.355339 6.897484
v -35.185093 35.355339 3.465429
v -35.355339 35.355339 0.000000
v -35.185093 35.355339 -3.465429
v -34.675996 35.355339 -6.897484
v -33.832950 35.355339 -10.263113
v -32.664074 35.355339 -13.529903
v -31.180625 35.355339 -16.666391
v -29.396890 35.355339 -19.642374
v -27.330047 35.355339 -22.429190
v -25.000000 35.355339 -25.000000
v -22.429190 35.355339 -27.330047
v -19.642374 35.355339 -29.396890
v -16.666391 35.355339 -31.180625
v -13.529903 35.355339 -32.664074
v -10.263113 35.355339 -33.832950
v -6.897484 35.355339 -34.675996
v -3.465429 35.355339 -35.185093
v -0.000000 35.355339 -35.355339
v 3.465429 35.355339 -35.185093
v 6.897484 35.355339 -34.675996
v 10.263113 35.355339 -33.832950
v 13.529903 35.355339 -32.664074
v 16.666391 35.355339 -31.180625
v 19.642374 35.355339 -29.396890
v 22.429190 35.355339 -27.330047
v 25.000000 35.355339 -25.000000
v 27.330047 35.355339 -22.429190
v 29.396890 35.355339 -19.642374
v 31.180625 35.355339 -16.666391
v 32.664074 35.355339 -13.529903
v 33.832950 35.355339 -10.263113
v 34.675996 35.355339 -6.897484
v 35.185093 35.355339 -3.465429
v 31.719664 38.650523 0.000000
v 31.566925 38.650523 3.109071
v 31.110180 38.650523 6.188200
v 30.353826 38.650523 9.207732
v 29.305149 38.650523 12.138590
v 27.974246 38.650523 14.952546
v 26.373937 38.650523 17.622501
v 24.519632 38.650523 20.122742
v 22.429190 38.650523 22.429190
v 20.122742 38.650523 24.519632
v 17.622501 38.650523 26.373937
v 14.952546 38.650523 27.974246
v 12.138590 38.650523 29.305149
v 9.207732 38.650523 30.353826
v 6.188200 38.650523 31.110180
v 3.109071 38.650523 31.566925
v 0.000000 38.650523 31.719664
v -3.109071 38.650523 31.566925
v -6.188200 38.650523 31.110180
v -9.207732 38.650523 30.353826
v -12.138590 38.650523 29.305149
v -14.952546 38.650523 27.974246
v -17.622501 38.650523 26.373937
v -20.122742 38.650523 24.519632
v -22.429190 38.650523 22.429190
v -24.519632 38.650523 20.122742
v -26.373937 38.650523 17.622501
v -27.974246 38.650523 14.952546
v -29.305149 38.650523 12.138590
v -30.353826 38.650523 9.207732
v -31.110180 38.650523 6.188200
v -31.566925 38.650523 3.109071
v -31.719664 38.650523 0.000000
v -31.566925 38.650523 -3.109071
v -31.110180 38.650523 -6.188200
v -30.353826 38.650523 -9.207732
v -29.305149 38.650523 -12.138590
v -27.974246 38.650523 -14.952546
v -26.373937 38.650523 -17.622501
v -24.519632 38.650523 -20.122742
v -22.429190 38.650523 -22.429190
v -20.122742 38.650523 -24.519632
v -17.622501 38.650523 -26.373937
v -14.952546 38.650523 -27.974246
v -12.138590 38.650523 -29.305149
v -9.207732 38.650523 -30.353826
v -6.188200 38.650523 -31.110180
v -3.109071 38.650523 -31.566925
v -0.000000 38.650523 -31.719664
v 3.109071 38.650523 -31.566925
v 6.188200 38.650523 -31.110180
v 9.207732 38.650523 -30.353826
v 12.138590 38.650523 -29.305149
v 14.952546 38.650523 -27.974246
v 17.622501 38.650523 -26.373937
v 20.122742 38.650523 -24.519632
v 22.429190 38.650523 -22.429190
v 24.519632 38.650523 -20.122742
v 26.373937 38.650523 -17.622501
v 27.974246 38.650523 -14.952546
v 29.305149 38.650523 -12.138590
v 30.353826 38.650523 -9.207732
v 31.110180 38.650523 -6.188200
v 31.566925 38.650523 -3.109071
v 27.778512 41.573481 0.000000
v 27.644751 41.573481 2.722770
v 27.244755 41.573481 5.419319
v 26.582378 41.573481 8.063676
v 25.663998 41.573481 10.630376
v 24.498460 41.573481 13.094700
v 23.096988 41.573481 15.432914
v 21.473080 41.573481 17.622501
v 19.642374 41.573481 19.642374
v 17.622501 41.573481 21.473080
v 15.432914 41.573481 23.096988
v 13.094700 41.573481 24.498460
v 10.630376 41.573481 25.663998
v 8.063676 41.573481 26.582378
v 5.419319 41.573481 27.244755
v 2.722770 41.573481 27.644751
v 0.000000 41.573481 27.778512
v -2.722770 41.573481 27.644751
v -5.419319 41.573481 27.244755
v -8.063676 41.573481 26.582378
v -10.630376 41.573481 25.663998
v -13.094700 41.573481 24.498460
v -15.432914 41.573481 23.096988
v -17.622501 41.573481 21.473080
v -19.642374 41.573481 19.642374
v -21.473080 41.573481 17.622501
v -23.096988 41.573481 15.432914
v -24.498460 41.573481 13.094700
v -25.663998 41.573481 10.630376
v -26.582378 41.573481 8.063676
v -27.244755 41.573481 5.419319
v -27.644751 41.573481 2.722770
v -27.778512 41.573481 0.000000
v -27.644751 41.573481 -2.722770
v -27.244755 41.573481 -5.419319
v -26.582378 41.573481 -8.063676
v -25.663998 41.573481 -10.630376
v -24.498460 41.573481 -13.094700
v -23.096988 41.573481 -15.432914
v -21.473080 41.573481 -17.622501
v -19.642374 41.573481 -19.642374
v -17.622501 41.573481 -21.473080
v -15.432914 41.573481 -23.096988
v -13.094700 41.573481 -24.498460
v -10.630376 41.573481 -25.663998
v -8.063676 41.573481 -26.582378
v -5.419319 41.573481 -27.244755
v -2.722770 41.573481 -27.644751
v -0.000000 41.573481 -27.778512
v 2.722770 41.573481 -27.644751
v 5.419319 41.573481 -27.244755
v 8.063676 41.573481 -26.582378
v 10.630376 41.573481 -25.663998
v 13.094700 41.573481 -24.498460
v 15.432914 41.573481 -23.096988
v 17.622501 41.573481 -21.473080
v 19.642374 41.573481 -19.642374
v 21.473080 41.573481 -17.622501
v 23.096988 41.573481 -15.432914
v 24.498460 41.573481 -13.094700
v 25.663998 41.573481 -10.630376
v 26.582378 41.573481 -8.063676
v 27.244755 41.573481 -5.419319
v 27.644751 41.573481 -2.722770
v 23.569837 44.096063 0.000000
v 23.456342 44.096063 2.310248
v 23.116949 44.096063 4.598247
v 22.554928 44.096063 6.841962
v 21.775690 44.096063 9.019786
v 20.786740 44.096063 11.110744
v 19.597603 44.096063 13.094700
v 18.219730 44.096063 14.952546
v 16.666391 44.096063 16.666391
v 14.952546 44.096063 18.219730
v 13.094700 44.096063 19.597603
v 11.110744 44.096063 20.786740
v 9.019786 44.096063 21.775690
v 6.841962 44.096063 22.554928
v 4.598247 44.096063 23.116949
v 2.310248 44.096063 23.456342
v 0.000000 44.096063 23.569837
v -2.310248 44.096063 23.456342
v -4.598247 44.096063 23.116949
v -6.841962 44.096063 22.554928
v -9.019786 44.096063 21.775690
v -11.110744 44.096063 20.786740
v -13.094700 44.096063 19.597603
v -14.952546 44.096063 18.219730
v -16.666391 44.096063 16.666391
v -18.219730 44.096063 14.952546
v -19.597603 44.096063 13.094700
v -20.786740 44.096063 11.110744
v -21.775690 44.096063 9.019786
v -22.554928 44.096063 6.841962
v -23.116949 44.096063 4.598247
v -23.456342 44.096063 2.310248
v -23.569837 44.096063 0.000000
v -23.456342 44.096063 -2.310248
v -23.116949 44.096063 -4.598247
v -22.554928 44.096063 -6.841962
v -21.775690 44.096063 -9.019786
v -20.786740 44.096063 -11.110744
v -19.597603 44.096063 -13.094700
v -18.219730 44.096063 -14.952546
v -16.666391 44.096063 -16.666391
v -14.952546 44.096063 -18.219730
v -13.094700 44.096063 -19.597603
v -11.110744 44.096063 -20.786740
v -9.019786 44.096063 -21.775690
v -6.841962 44.096063 -22.554928
v -4.598247 44.096063 -23.116949
v -2.310248 44.096063 -23.456342
v -0.000000 44.096063 -23.569837
v 2.310248 44.096063 -23.456342
v 4.598247 44.096063 -23.116949
v 6.841962 44.096063 -22.554928
v 9.019786 44.096063 -21.775690
v 11.110744 44.096063 -20.786740
v 13.094700 44.096063 -19.597603
v 14.952546 44.096063 -18.219730
v 16.666391 44.096063 -16.666391
v 18.219730 44.096063 -14.952546
v 19.597603 44.096063 -13.094700
v 20.786740 44.096063 -11.110744
v 21.775690 44.096063 -9.019786
v 22.554928 44.096063 -6.841962
v 23.116949 44.096063 -4.598247
v 23.456342 44.096063 -2.310248
v 19.134172 46.193977 0.000000
v 19.042035 46.193977 1.875477
v 18.766514 46.193977 3.732892
v 18.310261 46.193977 5.554357
v 17.677670 46.193977 7.322330
v 16.874833 46.193977 9.019786
v 15.909482 46.193977 10.630376
v 14.790915 46.193977 12.138590
v 13.529903 46.193977 13.529903
v 12.138590 46.193977 14.790915
v 10.630376 46.193977 15.909482
v 9.019786 46.193977 16.874833
v 7.322330 46.193977 17.677670
v 5.554357 46.193977 18.310261
v 3.732892 46.193977 18.766514
v 1.875477 46.193977 19.042035
v 0.000000 46.193977 19.134172
v -1.875477 46.193977 19.042035
v -3.732892 46.193977 18.766514
v -5.554357 46.193977 18.310261
v -7.322330 46.193977 17.677670
v -9.019786 46.193977 16.874833
v -10.630376 46.193977 15.909482
v -12.138590 46.193977 14.790915
v -13.529903 46.193977 13.529903
v -14.790915 46.193977 12.138590
v -15.909482 46.193977 10.630376
v -16.874833 46.193977 9.019786
v -17.677670 46.193977 7.322330
v -18.310261 46.193977 5.554357
v -18.766514 46.193977 3.732892
v -19.042035 46.193977 1.875477
v -19.134172 46.193977 0.000000
v -19.042035 46.193977 -1.875477
v -18.766514 46.193977 -3.732892
v -18.310261 46.193977 -5.554357
v -17.677670 46.193977 -7.322330
v -16.874833 46.193977 -9.019786
v -15.909482 46.193977 -10.630376
v -14.790915 46.193977 -12.138590
v -13.529903 46.193977 -13.529903
v -12.138590 46.193977 -14.790915
v -10.630376 46.193977 -15.909482
v -9.019786 46.193977 -16.874833
v -7.322330 46.193977 -17.677670
v -5.554357 46.193977 -18.310261
v -3.732892 46.193977 -18.766514
v -1.875477 46.193977 -19.042035
v -0.000000 46.193977 -19.134172
v 1.875477 46.193977 -19.042035
v 3.732892 46.193977 -18.766514
v 5.554357 46.193977 -18.310261
v 7.322330 46.193977 -17.677670
v 9.019786 46.193977 -16.874833
v 10.630376 46.193977 -15.909482
v 12.138590 46.193977 -14.790915
v 13.529903 46.193977 -13.529903
v 14.790915 46.193977 -12.138590
v 15.909482 46.193977 -10.630376
v 16.874833 46.193977 -9.019786
v 17.677670 46.193977 -7.322330
v 18.310261 46.193977 -5.554357
v 18.766514 46.193977 -3.732892
v 19.042035 46.193977 -1.875477
v 14.514234 47.847017 0.000000
v 14.444344 47.847017 1.422644
v 14.235347 47.847017 2.831587
v 13.889256 47.847017 4.213260
v 13.409404 47.847017 5.554357
v 12.800411 47.847017 6.841962
v 12.068144 47.847017 8.063676
v 11.219654 47.847017 9.207732
v 10.263113 47.847017 10.263113
v 9.207732 47.847017 11.219654
v 8.063676 47.847017 12.068144
v 6.841962 47.847017 12.800411
v 5.554357 47.847017 13.409404
v 4.213260 47.847017 13.889256
v 2.831587 47.847017 14.235347
v 1.422644 47.847017 14.444344
v 0.000000 47.847017 14.514234
v -1.422644 47.847017 14.444344
v -2.831587 47.847017 14.235347
v -4.213260 47.847017 13.889256
v -5.554357 47.847017 13.409404
v -6.841962 47.847017 12.800411
v -8.063676 47.847017 12.068144
v -9.207732 47.847017 11.219654
v -10.263113 47.847017 10.263113
v -11.219654 47.847017 9.207732
v -12.068144 47.847017 8.063676
v -12.800411 47.847017 6.841962
v -13.409404 47.847017 5.554357
v -13.889256 47.847017 4.213260
v -14.235347 47.847017 2.831587
v -14.444344 47.847017 1.422644
v -14.514234 47.847017 0.000000
v -14.444344 47.847017 -1.422644
v -14.235347 47.847017 -2.831587
v -13.889256 47.847017 -4.213260
v -13.409404 47.847017 -5.554357
v -12.800411 47.847017 -6.841962
v -12.068144 47.847017 -8.063676
v -11.219654 47.847017 -9.207732
v -10.263113 47.847017 -10.263113
v -9.207732 47.847017 -11.219654
v -8.063676 47.847017 -12.068144
v -6.841962 47.847017 -12.800411
v -5.554357 47.847017 -13.409404
v -4.213260 47.847017 -13.889256
v -2.831587 47.847017 -14.235347
v -1.422644 47.847017 -14.444344
v -0.000000 47.847017 -14.514234
v 1.422644 47.847017 -14.444344
v 2.831587 47.847017 -14.235347
v 4.213260 47.847017 -13.889256
v 5.554357 47.847017 -13.409404
v 6.841962 47.847017 -12.800411
v 8.063676 47.847017 -12.068144
v 9.207732 47.847017 -11.219654
v 10.263113 47.847017 -10.263113
v 11.219654 47.847017 -9.207732
v 12.068144 47.847017 -8.063676
v 12.800411 47.847017 -6.841962
v 13.409404 47.847017 -5.554357
v 13.889256 47.847017 -4.213260
v 14.235347 47.847017 -2.831587
v 14.444344 47.847017 -1.422644
v 9.754516 49.039264 0.000000
v 9.707545 49.039264 0.956110
v 9.567086 49.039264 1.903012
v 9.334490 49.039264 2.831587
v 9.011998 49.039264 3.732892
v 8.602715 49.039264 4.598247
v 8.110584 49.039264 5.419319
v 7.540343 49.039264 6.188200
v 6.897484 49.039264 6.897484
v 6.188200 49.039264 7.540343
v 5.419319 49.039264 8.110584
v 4.598247 49.039264 8.602715
v 3.732892 49.039264 9.011998
v 2.831587 49.039264 9.334490
v 1.903012 49.039264 9.567086
v 0.956110 49.039264 9.707545
v 0.000000 49.039264 9.754516
v -0.956110 49.039264 9.707545
v -1.903012 49.039264 9.567086
v -2.831587 49.039264 9.334490
v -3.732892 49.039264 9.011998
v -4.598247 49.039264 8.602715
v -5.419319 49.039264 8.110584
v -6.188200 49.039264 7.540343
v -6.897484 49.039264 6.897484
v -7.540343 49.039264 6.188200
v -8.110584 49.039264 5.419319
v -8.602715 49.039264 4.598247
v -9.011998 49.039264 3.732892
v -9.334490 49.039264 2.831587
v -9.567086 49.039264 1.903012
v -9.707545 49.039264 0.956110
v -9.754516 49.039264 0.000000
v -9.707545 49.039264 -0.956110
v -9.567086 49.039264 -1.903012
v -9.334490 49.039264 -2.831587
v -9.011998 49.039264 -3.732892
v -8.602715 49.039264 -4.598247
v -8.110584 49.039264 -5.419319
v -7.540343 49.039264 -6.188200
v -6.897484 49.039264 -6.897484
v -6.188200 49.039264 -7.540343
v -5.419319 49.039264 -8.110584
v -4.598247 49.039264 -8.602715
v -3.732892 49.039264 -9.011998
v -2.831587 49.039264 -9.334490
v -1.903012 49.039264 -9.567086
v -0.956110 49.039264 -9.707545
v -0.000000 49.039264 -9.754516
v 0.956110 49.039264 -9.707545
v 1.903012 49.039264 -9.567086
v 2.831587 49.039264 -9.334490
v 3.732892 49.039264 -9.011998
v 4.598247 49.039264 -8.602715
v 5.419319 49.039264 -8.110584
v 6.188200 49.039264 -7.540343
v 6.897484 49.039264 -6.897484
v 7.540343 49.039264 -6.188200
v 8.110584 49.039264 -5.419319
v 8.602715 49.039264 -4.598247
v 9.011998 49.039264 -3.732892
v 9.334490 49.039264 -2.831587
v 9.567086 49.039264 -1.903012
v 9.707545 49.039264 -0.956110
v 4.900857 49.759236 0.000000
v 4.877258 49.759236 0.480368
v 4.806688 49.759236 0.956110
v 4.689828 49.759236 1.422644
v 4.527801 49.759236 1.875477
v 4.322170 49.759236 2.310248
v 4.074914 49.759236 2.722770
v 3.788414 49.759236 3.109071
v 3.465429 49.759236 3.465429
v 3.109071 49.759236 3.788414
v 2.722770 49.759236 4.074914
v 2.310248 49.759236 4.322170
v 1.875477 49.759236 4.527801
v 1.422644 49.759236 4.689828
v 0.956110 49.759236 4.806688
v 0.480368 49.759236 4.877258
v 0.000000 49.759236 4.900857
v -0.480368 49.759236 4.877258
v -0.956110 49.759236 4.806688
v -1.422644 49.759236 4.689828
v -1.875477 49.759236 4.527801
v -2.310248 49.759236 4.322170
v -2.722770 49.759236 4.074914
v -3.109071 49.759236 3.788414
v -3.465429 49.759236 3.465429
v -3.788414 49.759236 3.109071
v -4.074914 49.759236 2.722770
v -4.322170 49.759236 2.310248
v -4.527801 49.759236 1.875477
v -4.689828 49.759236 1.422644
v -4.806688 49.759236 0.956110
v -4.877258 49.759236 0.480368
v -4.900857 49.759236 0.000000
v -4.877258 49.759236 -0.480368
v -4.806688 49.759236 -0.956110
v -4.689828 49.759236 -1.422644
v -4.527801 49.759236 -1.875477
v -4.322170 49.759236 -2.310248
v -4.074914 49.759236 -2.722770
v -3.788414 49.759236 -3.109071
v -3.465429 49.759236 -3.465429
v -3.109071 49.759236 -3.788414
v -2.722770 49.759236 -4.074914
v -2.310248 49.759236 -4.322170
v -1.875477 49.759236 -4.527801
v -1.422644 49.759236 -4.689828
v -0.956110 49.759236 -4.806688
v -0.480368 49.759236 -4.877258
v -0.000000 49.759236 -4.900857
v 0.480368 49.759236 -4.877258
v 0.956110 49.759236 -4.806688
v 1.422644 49.759236 -4.689828
v 1.875477 49.759236 -4.527801
v 2.310248 49.759236 -4.322170
v 2.722770 49.759236 -4.074914
v 3.109071 49.759236 -3.788414
v 3.465429 49.759236 -3.465429
v 3.788414 49.759236 -3.109071
v 4.074914 49.759236 -2.722770
v 4.322170 49.759236 -2.310248
v 4.527801 49.759236 -1.875477
v 4.689828 49.759236 -1.422644
v 4.806688 49.759236 -0.956110
v 4.877258 49.759236 -0.480368
v 0.000000 50.000000 0.000000
g SphereFine
f 1 2 3
f 1 3 4
f 1 4 5
f 1 5 6
f 1 6 7
f 1 7 8
f 1 8 9
f 1 9 10
f 1 10 11
f 1 11 12
f 1 12 13
f 1 13 14
f 1 14 15
f 1 15 16
f 1 16 17
f 1 17 18
f 1 18 19
f 1 19 20
f 1 20 21
f 1 21 22
f 1 22 23
f 1 23 24
f 1 24 25
f 1 25 26
f 1 26 27
f 1 27 28
f 1 28 29
f 1 29 30
f 1 30 31
f 1 31 32
f 1 32 33
f 1 33 34
f 1 34 35
f 1 35 36
f 1 36 37
f 1 37 38
f 1 38 39
f 1 39 40
f 1 40 41
f 1 41 42
f 1 42 43
f 1 43 44
f 1 44 45
f 1 45 46
f 1 46 47
f 1 47 48
f 1 48 49
f 1 49 50
f 1 50 51
f 1 51 52
f 1 52 53
f 1 53 54
f 1 54 55
f 1 55 56
f 1 56 57
f 1 57 58
f 1 58 59
f 1 59 60
f 1 60 61
f 1 61 62
f 1 62 63
f 1 63 64
f 1 64 65
f 1 65 2
f 2 3 66
f 3 67 66
f 3 4 67
f 4 68 67
f 4 5 68
f 5 69 68
f 5 6 69
f 6 70 69
f 6 7 70
f 7 71 70
f 7 8 71
f 8 72 71
f 8 9 72
f 9 73 72
f 9 10 73
f 10 74 73
f 10 11 74
f 11 75 74
f 11 12 75
f 12 76 75
f 12 13 76
f 13 77 76
f 13 14 77
f 14 78 77
f 14 15 78
f 15 79 78
f 15 16 79
f 16 80 79
f 16 17 80
f 17 81 80
f 17 18 81
f 18 82 81
f 18 19 82
f 19 83 82
f 19 20 83
f 20 84 83
f 20 21 84
f 21 85 84
f 21 22 85
f 22 86 85
f 22 23 86
f 23 87 86
f 23 24 87
f 24 88 87
f 24 25 88
f 25 89 88
f 25 26 89
f 26 90 89
f 26 27 90
f 27 91 90
f 27 28 91
f 28 92 91
f 28 29 92
f 29 93 92
f 29 30 93
f 30 94 93
f 30 31 94
f 31 95 94
f 31 32 95
f 32 96 95
f 32 33 96
f 33 97 96
f 33 34 97
f 34 98 97
f 34 35 98
f 35 99 98
f 35 36 99
f 36 100 99
f 36 37 100
f 37 101 100
f 37 38 101
f 38 102 101
f 38 39 102
f 39 103 102
f 39 40 103
f 40 104 103
f 40 41 104
f 41 105 104
f 41 42 105
f 42 106 105
f 42 43 106
f 43 107 106
f 43 44 107
f 44 108 107
f 44 45 108
f 45 109 108
f 45 46 109
f 46 110 109
f 46 47 110
f 47 111 110
f 47 48 111
f 48 112 111
f 48 49 112
f 49 113 112
f 49 50 113
f 50 114 113
f 50 51 114
f 51 115 114
f 51 52 115
f 52 116 115
f 52 53 116
f 53 117 116
f 53 54 117
f 54 118 117
f 54 55 118
f 55 119 118
f 55 56 119
f 56 120 119
f 56 57 120
f 57 121 120
f 57 58 121
f 58 122 121
f 58 59 122
f 59 123 122
f 59 60 123
f 60 124 123
f 60 61 124
f 61 125 124
f 61 62 125
f 62 126 125
f 62 63 126
f 63 127 126
f 63 64 127
f 64 128 127
f 64 65 128
f 65 129 128
f 65 2 129
f 2 66 129
f 66 67 130
f 67 131 130
f 67 68 131
f 68 132 131
f 68 69 132
f 69 133 132
f 69 70 133
f 70 134 133
f 70 71 134
f 71 135 134
f 71 72 135
f 72 136 135
f 72 73 136
f 73 137 136
f 73 74 137
f 74 138 137
f 74 75 138
f 75 139 138
f 75 76 139
f 76 140 139
f 76 77 140
f 77 141 140
f 77 78 141
f 78 142 141
f 78 79 142
f 79 143 142
f 79 80 143
f 80 144 143
f 80 81 144
f 81 145 144
f 81 82 145
f 82 146 145
f 82 83 146
f 83 147 146
f 83 84 147
f 84 148 147
f 84 85 148
f 85 149 148
f 85 86 149
f 86 150 149
f 86 87 150
f 87 151 150
f 87 88 151
f 88 152 151
f 88 89 152
f 89 153 152
f 89 90 153
f 90 154 153
f 90 91 154
f 91 155 154
f 91 92 155
f 92 156 155
f 92 93 156
f 93 157 156
f 93 94 157
f 94 158 157
f 94 95 158
f 95 159 158
f 95 96 159
f 96 160 159
f 96 97 160
f 97 161 160
f 97 98 161
f 98 162 161
f 98 99 162
f 99 163 162
f 99 100 163
f 100 164 163
f 100 101 164
f 101 165 164
f 101 102 165
f 102 166 165
f 102 103 166
f 103 167 166
f 103 104 167
f 104 168 167
f 104 105 168
f 105 169 168
f 105 106 169
f 106 170 169
f 106 107 170
f 107 171 170
f 107 108 171
f 108 172 171
f 108 109 172
f 109 173 172
f 109 110 173
f 110 174 173
f 110 111 174
f 111 175 174
f 111 112 175
f 112 176 175
f 112 113 176
f 113 177 176
f 113 114 177
f 114 178 177
f 114 115 178
f 115 179 178
f 115 116 179
f 116 180 179
f 116 117 180
f 117 181 180
f 117 118 181
f 118 182 181
f 118 119 182
f 119 183 182
f 119 120 183
f 120 184 183
f 120 121 184
f 121 185 184
f 121 122 185
f 122 186 185
f 122 123 186
f 123 187 186
f 123 124 187
f 124 188 187
f 124 125 188
f 125 189 188
f 125 126 189
f 126 190 189
f 126 127 190
f 127 191 190
f 127 128 191
f 128 192 191
f 128 129 192
f 129 193 192
f 129 66 193
f 66 130 193
f 130 131 194
f 131 195 194
f 131 132 195
f 132 196 195
f 132 133 196
f 133 197 196
f 133 134 197
f 134 198 197
f 134 135 198
f 135 199 198
f 135 136 199
f 136 200 199
f 136 137 200
f 137 201 200
f 137 138 201
f 138 202 201
f 138 139 202
f 139 203 202
f 139 140 203
f 140 204 203
f 140 141 204
f 141 205 204
f 141 142 205
f 142 206 205
f 142 143 206
f 143 207 206
f 143 144 207
f 144 208 207
f 144 145 208
f 145 209 208
f 145 146 209
f 146 210 209
f 146 147 210
f 147 211 210
f 147 148 211
f 148 212 211
f 148 149 212
f 149 213 212
f 149 150 213
f 150 214 213
f 150 151 214
f 151 215 214
f 151 152 215
f 152 216 215
f 152 153 216
f 153 217 216
f 153 154 217
f 154 218 217
f 154 155 218
f 155 219 218
f 155 156 219
f 156 220 219
f 156 157 220
f 157 221 220
f 157 158 221
f 158 222 221
f 158 159 222
f 159 223 222
f 159 160 223
f 160 224 223
f 160 161 224
f 161 225 224
f 161 162 225
f 162 226 225
f 162 163 226
f 163 227 226
f 163 164 227
f 164 228 227
f 164 165 228
f 165 229 228
f 165 166 229
f 166 230 229
f 166 167 230
f 167 231 230
f 167 168 231
f 168 232 231
f 168 169 232
f 169 233 232
f 169 170 233
f 170 234 233
f 170 171 234
f 171 235 234
f 171 172 235
f 172 236 235
f 172 173 236
f 173 237 236
f 173 174 237
f 174 238 237
f 174 175 238
f 175 239 238
f 175 176 239
f 176 240 239
f 176 177 240
f 177 241 240
f 177 178 241
f 178 242 241
f 178 179 242
f 179 243 242
f 179 180 243
f 180 244 243
f 180 181 244
f 181 245 244
f 181 182 245
f 182 246 245
f 182 183 246
f 183 247 246
f 183 184 247
f 184 248 247
f 184 185 248
f 185 249 248
f 185 186 249
f 186 250 249
f 186 187 250
f 187 251 250
f 187 188 251
f 188 252 251
f 188 189 252
f 189 253 252
f 189 190 253
f 190 254 253
f 190 191 254
f 191 255 254
f 191 192 255
f 192 256 255
f 192 193 256
f 193 257 256
f 193 130 257
f 130 194 257
f 194 195 258
f 195 259 258
f 195 196 259
f 196 260 259
f 196 197 260
f 197 261 260
f 197 198 261
f 198 262 261
f 198 199 262
f 199 263 262
f 199 200 263
f 200 264 263
f 200 201 264
f 201 265 264
f 201 202 265
f 202 266 265
f 202 203 266
f 203 267 266
f 203 204 267
f 204 268 267
f 204 205 268
f 205 269 268
f 205 206 269
f 206 270 269
f 206 207 270
f 207 271 270
f 207 208 271
f 208 272 271
f 208 209 272
f 209 273 272
f 209 210 273
f 210 274 273
f 210 211 274
f 211 275 274
f 211 212 275
f 212 276 275
f 212 213 276
f 213 277 276
f 213 214 277
f 214 278 277
f 214 215 278
f 215 279 278
f 215 216 279
f 216 280 279
f 216 217 280
f 217 281 280
f 217 218 281
f 218 282 281
f 218 219 282
f 219 283 282
f 219 220 283
f 220 284 283
f 220 221 284
f 221 285 284
f 221 222 285
f 222 286 285
f 222 223 286
f 223 287 286
f 223 224 287
f 224 288 287
f 224 225 288
f 225 289 288
f 225 226 289
f 226 290 289
f 226 227 290
f 227 291 290
f 227 228 291
f 228 292 291
f 228 229 292
f 229 293 292
f 229 230 293
f 230 294 293
f 230 231 294
f 231 295 294
f 231 232 295
f 232 296 295
f 232 233 296
f 233 297 296
f 233 234 297
f 234 298 297
f 234 235 298
f 235 299 298
f 235 236 299
f 236 300 299
f 236 237 300
f 237 301 300
f 237 238 301
f 238 302 301
f 238 239 302
f 239 303 302
f 239 240 303
f 240 304 303
f 240 241 304
f 241 305 304
f 241 242 305
f 242 306 305
f 242 243 306
f 243 307 306
f 243 244 307
f 244 308 307
f 244 245 308
f 245 309 308
f 245 246 309
f 246 310 309
f 246 247 310
f 247 311 310
f 247 248 311
f 248 312 311
f 248 249 312
f 249 313 312
f 249 250 313
f 250 314 313
f 250 251 314
f 251 315 314
f 251 252 315
f 252 316 315
f 252 253 316
f 253 317 316
f 253 254 317
f 254 318 317
f 254 255 318
f 255 319 318
f 255 256 319
f 256 320 319
f 256 257 320
f 257 321 320
f 257 194 321
f 194 258 321
f 258 259 322
f 259 323 322
f 259 260 323
f 260 324 323
f 260 261 324
f 261 325 324
f 261 262 325
f 262 326 325
f 262 263 326
f 263 327 326
f 263 264 327
f 264 328 327
f 264 265 328
f 265 329 328
f 265 266 329
f 266 330 329
f 266 267 330
f 267 331 330
f 267 268 331
f 268 332 331
f 268 269 332
f 269 333 332
f 269 270 333
f 270 334 333
f 270 271 334
f 271 335 334
f 271 272 335
f 272 336 335
f 272 273 336
f 273 337 336
f 273 274 337
f 274 338 337
f 274 275 338
f 275 339 338
f 275 276 339
f 276 340 339
f 276 277 340
f 277 341 340
f 277 278 341
f 278 342 341
f 278 279 342
f 279 343 342
f 279 280 343
f 280 344 343
f 280 281 344
f 281 345 344
f 281 282 345
f 282 346 345
f 282 283 346
f 283 347 346
f 283 284 347
f 284 348 347
f 284 285 348
f 285 349 348
f 285 286 349
f 286 350 349
f 286 287 350
f 287 351 350
f 287 288 351
f 288 352 351
f 288 289 352
f 289 353 352
f 289 290 353
f 290 354 353
f 290 291 354
f 291 355 354
f 291 292 355
f 292 356 355
f 292 293 356
f 293 357 356
f 293 294 357
f 294 358 357
f 294 295 358
f 295 359 358
f 295 296 359
f 296 360 359
f 296 297 360
f 297 361 360
f 297 298 361
f 298 362 361
f 298 299 362
f 299 363 362
f 299 300 363
f 300 364 363
f 300 301 364
f 301 365 364
f 301 302 365
f 302 366 365
f 302 303 366
f 303 367 366
f 303 304 367
f 304 368 367
f 304 305 368
f 305 369 368
f 305 306 369
f 306 370 369
f 306 307 370
f 307 371 370
f 307 308 371
f 308 372 371
f 308 309 372
f 309 373 372
f 309 310 373
f 310 374 373
f 310 311 374
f 311 375 374
f 311 312 375
f 312 376 375
f 312 313 376
f 313 377 376
f 313 314 377
f 314 378 377
f 314 315 378
f 315 379 378
f 315 316 379
f 316 380 379
f 316 317 380
f 317 381 380
f 317 318 381
f 318 382 381
f 318 319 382
f 319 383 382
f 319 320 383
f 320 384 383
f 320 321 384
f 321 385 384
f 321 258 385
f 258 322 385
f 322 323 386
f 323 387 386
f 323 324 387
f 324 388 387
f 324 325 388
f 325 389 388
f 325 326 389
f 326 390 389
f 326 327 390
f 327 391 390
f 327 328 391
f 328 392 391
f 328 329 392
f 329 393 392
f 329 330 393
f 330 394 393
f 330 331 394
f 331 395 394
f 331 332 395
f 332 396 395
f 332 333 396
f 333 397 396
f 333 334 397
f 334 398 397
f 334 335 398
f 335 399 398
f 335 336 399
f 336 400 399
f 336 337 400
f 337 401 400
f 337 338 401
f 338 402 401
f 338 339 402
f 339 403 402
f 339 340 403
f 340 404 403
f 340 341 404
f 341 405 404
f 341 342 405
f 342 406 405
f 342 343 406
f 343 407 406
f 343 344 407
f 344 408 407
f 344 345 408
f 345 409 408
f 345 346 409
f 346 410 409
f 346 347 410
f 347 411 410
f 347 348 411
f 348 412 411
f 348 349 412
f 349 413 412
f 349 350 413
f 350 414 413
f 350 351 414
f 351 415 414
f 351 352 415
f 352 416 415
f 352 353 416
f 353 417 416
f 353 354 417
f 354 418 417
f 354 355 418
f 355 419 418
f 355 356 419
f 356 420 419
f 356 357 420
f 357 421 420
f 357 358 421
f 358 422 421
f 358 359 422
f 359 423 422
f 359 360 423
f 360 424 423
f 360 361 424
f 361 425 424
f 361 362 425
f 362 426 425
f 362 363 426
f 363 427 426
f 363 364 427
f 364 428 427
f 364 365 428
f 365 429 428
f 365 366 429
f 366 430 429
f 366 367 430
f 367 431 430
f 367 368 431
f 368 432 431
f 368 369 432
f 369 433 432
f 369 370 433
f 370 434 433
f 370 371 434
f 371 435 434
f 371 372 435
f 372 436 435
f 372 373 436
f 373 437 436
f 373 374 437
f 374 438 437
f 374 375 438
f 375 439 438
f 375 376 439
f 376 440 439
f 376 377 440
f 377 441 440
f 377 378 441
f 378 442 441
f 378 379 442
f 379 443 442
f 379 380 443
f 380 444 443
f 380 381 444
f 381 445 444
f 381 382 445
f 382 446 445
f 382 383 446
f 383 447 446
f 383 384 447
f 384 448 447
f 384 385 448
f 385 449 448
f 385 322 449
f 322 386 449
f 386 387 450
f 387 451 450
f 387 388 451
f 388 452 451
f 388 389 452
f 389 453 452
f 389 390 453
f 390 454 453
f 390 391 454
f 391 455 454
f 391 392 455
f 392 456 455
f 392 393 456
f 393 457 456
f 393 394 457
f 394 458 457
f 394 395 458
f 395 459 458
f 395 396 459
f 396 460 459
f 396 397 460
f 397 461 460
f 397 398 461
f 398 462 461
f 398 399 462
f 399 463 462
f 399 400 463
f 400 464 463
f 400 401 464
f 401 465 464
f 401 402 465
f 402 466 465
f 402 403 466
f 403 467 466
f 403 404 467
f 404 468 467
f 404 405 468
f 405 469 468
f 405 406 469
f 406 470 469
f 406 407 470
f 407 471 470
f 407 408 471
f 408 472 471
f 408 409 472
f 409 473 472
f 409 410 473
f 410 474 473
f 410 411 474
f 411 475 474
f 411 412 475
f 412 476 475
f 412 413 476
f 413 477 476
f 413 414 477
f 414 478 477
f 414 415 478
f 415 479 478
f 415 416 479
f 416 480 479
f 416 417 480
f 417 481 480
f 417 418 481
f 418 482 481
f 418 419 482
f 419 483 482
f 419 420 483
f 420 484 483
f 420 421 484
f 421 485 484
f 421 422 485
f 422 486 485
f 422 423 486
f 423 487 486
f 423 424 487
f 424 488 487
f 424 425 488
f 425 489 488
f 425 426 489
f 426 490 489
f 426 427 490
f 427 491 490
f 427 428 491
f 428 492 491
f 428 429 492
f 429 493 492
f 429 430 493
f 430 494 493
f 430 431 494
f 431 495 494
f 431 432 495
f 432 496 495
f 432 433 496
f 433 497 496
f 433 434 497
f 434 498 497
f 434 435 498
f 435 499 498
f 435 436 499
f 436 500 499
f 436 437 500
f 437 501 500
f 437 438 501
f 438 502 501
f 438 439 502
f 439 503 502
f 439 440 503
f 440 504 503
f 440 441 504
f 441 505 504
f 441 442 505
f 442 506 505
f 442 443 506
f 443 507 506
f 443 444 507
f 444 508 507
f 444 445 508
f 445 509 508
f 445 446 509
f 446 510 509
f 446 447 510
f 447 511 510
f 447 448 511
f 448 512 511
f 448 449 512
f 449 513 512
f 449 386 513
f 386 450 513
f 450 451 514
f 451 515 514
f 451 452 515
f 452 516 515
f 452 453 516
f 453 517 516
f 453 454 517
f 454 518 517
f 454 455 518
f 455 519 518
f 455 456 519
f 456 520 519
f 456 457 520
f 457 521 520
f 457 458 521
f 458 522 521
f 458 459 522
f 459 523 522
f 459 460 523
f 460 524 523
f 460 461 524
f 461 525 524
f 461 462 525
f 462 526 525
f 462 463 526
f 463 527 526
f 463 464 527
f 464 528 527
f 464 465 528
f 465 529 528
f 465 466 529
f 466 530 529
f 466 467 530
f 467 531 530
f 467 468 531
f 468 532 531
f 468 469 532
f 469 533 532
f 469 470 533
f 470 534 533
f 470 471 534
f 471 535 534
f 471 472 535
f 472 536 535
f 472 473 536
f 473 537 536
f 473 474 537
f 474 538 537
f 474 475 538
f 475 539 538
f 475 476 539
f 476 540 539
f 476 477 540
f 477 541 540
f 477 478 541
f 478 542 541
f 478 479 542
f 479 543 542
f 479 480 543
f 480 544 543
f 480 481 544
f 481 545 544
f 481 482 545
f 482 546 545
f 482 483 546
f 483 547 546
f 483 484 547
f 484 548 547
f 484 485 548
f 485 549 548
f 485 486 549
f 486 550 549
f 486 487 550
f 487 551 550
f 487 488 551
f 488 552 551
f 488 489 552
f 489 553 552
f 489 490 553
f 490 554 553
f 490 491 554
f 491 555 554
f 491 492 555
f 492 556 555
f 492 493 556
f 493 557 556
f 493 494 557
f 494 558 557
f 494 495 558
f 495 559 558
f 495 496 559
f 496 560 559
f 496 497 560
f 497 561 560
f 497 498 561
f 498 562 561
f 498 499 562
f 499 563 562
f 499 500 563
f 500 564 563
f 500 501 564
f 501 565 564
f 501 502 565
f 502 566 565
f 502 503 566
f 503 567 566
f 503 504 567
f 504 568 567
f 504 505 568
f 505 569 568
f 505 506 569
f 506 570 569
f 506 507 570
f 507 571 570
f 507 508 571
f 508 572 571
f 508 509 572
f 509 573 572
f 509 510 573
f 510 574 573
f 510 511 574
f 511 575 574
f 511 512 575
f 512 576 575
f 512 513 576
f 513 577 576
f 513 450 577
f 450 514 577
f 514 515 578
f 515 579 578
f 515 516 579
f 516 580 579
f 516 517 580
f 517 581 580
f 517 518 581
f 518 582 581
f 518 519 582
f 519 583 582
f 519 520 583
f 520 584 583
f 520 521 584
f 521 585 584
f 521 522 585
f 522 586 585
f 522 523 586
f 523 587 586
f 523 524 587
f 524 588 587
f 524 525 588
f 525 589 588
f 525 526 589
f 526 590 589
f 526 527 590
f 527 591 590
f 527 528 591
f 528 592 591
f 528 529 592
f 529 593 592
f 529 530 593
f 530 594 593
f 530 531 594
f 531 595 594
f 531 532 595
f 532 596 595
f 532 533 596
f 533 597 596
f 533 534 597
f 534 598 597
f 534 535 598
f 535 599 598
f 535 536 599
f 536 600 599
f 536 537 600
f 537 601 600
f 537 538 601
f 538 602 601
f 538 539 602
f 539 603 602
f 539 540 603
f 540 604 603
f 540 541 604
f 541 605 604
f 541 542 605
f 542 606 605
f 542 543 606
f 543 607 606
f 543 544 607
f 544 608 607
f 544 545 608
f 545 609 608
f 545 546 609
f 546 610 609
f 546 547 610
f 547 611 610
f 547 548 611
f 548 612 611
f 548 549 612
f 549 613 612
f 549 550 613
f 550 614 613
f 550 551 614
f 551 615 614
f 551 552 615
f 552 616 615
f 552 553 616
f 553 617 616
f 553 554 617
f 554 618 617
f 554 555 618
f 555 619 618
f 555 556 619
f 556 620 619
f 556 557 620
f 557 621 620
f 557 558 621
f 558 622 621
f 558 559 622
f 559 623 622
f 559 560 623
f 560 624 623
f 560 561 624
f 561 625 624
f 561 562 625
f 562 626 625
f 562 563 626
f 563 627 626
f 563 564 627
f 564 628 627
f 564 565 628
f 565 629 628
f 565 566 629
f 566 630 629
f 566 567 630
f 567 631 630
f 567 568 631
f 568 632 631
f 568 569 632
f 569 633 632
f 569 570 633
f 570 634 633
f 570 571 634
f 571 635 634
f 571 572 635
f 572 636 635
f 572 573 636
f 573 637 636
f 573 574 637
f 574 638 637
f 574 575 638
f 575 639 638
f 575 576 639
f 576 640 639
f 576 577 640
f 577 641 640
f 577 514 641
f 514 578 641
f 578 579 642
f 579 643 642
f 579 580 643
f 580 644 643
f 580 581 644
f 581 645 644
f 581 582 645
f 582 646 645
f 582 583 646
f 583 647 646
f 583 584 647
f 584 648 647
f 584 585 648
f 585 649 648
f 585 586 649
f 586 650 649
f 586 587 650
f 587 651 650
f 587 588 651
f 588 652 651
f 588 589 652
f 589 653 652
f 589 590 653
f 590 654 653
f 590 591 654
f 591 655 654
f 591 592 655
f 592 656 655
f 592 593 656
f 593 657 656
f 593 594 657
f 594 658 657
f 594 595 658
f 595 659 658
f 595 596 659
f 596 660 659
f 596 597 660
f 597 661 660
f 597 598 661
f 598 662 661
f 598 599 662
f 599 663 662
f 599 600 663
f 600 664 663
f 600 601 664
f 601 665 664
f 601 602 665
f 602 666 665
f 602 603 666
f 603 667 666
f 603 604 667
f 604 668 667
f 604 605 668
f 605 669 668
f 605 606 669
f 606 670 669
f 606 607 670
f 607 671 670
f 607 608 671
f 608 672 671
f 608 609 672
f 609 673 672
f 609 610 673
f 610 674 673
f 610 611 674
f 611 675 674
f 611 612 675
f 612 676 675
f 612 613 676
f 613 677 676
f 613 614 677
f 614 678 677
f 614 615 678
f 615 679 678
f 615 616 679
f 616 680 679
f 616 617 680
f 617 681 680
f 617 618 681
f 618 682 681
f 618 619 682
f 619 683 682
f 619 620 683
f 620 684 683
f 620 621 684
f 621 685 684
f 621 622 685
f 622 686 685
f 622 623 686
f 623 687 686
f 623 624 687
f 624 688 687
f 624 625 688
f 625 689 688
f 625 626 689
f 626 690 689
f 626 627 690
f 627 691 690
f 627 628 691
f 628 692 691
f 628 629 692
f 629 693 692
f 629 630 693
f 630 694 693
f 630 631 694
f 631 695 694
f 631 632 695
f 632 696 695
f 632 633 696
f 633 697 696
f 633 634 697
f 634 698 697
f 634 635 698
f 635 699 698
f 635 636 699
f 636 700 699
f 636 637 700
f 637 701 700
f 637 638 701
f 638 702 701
f 638 639 702
f 639 703 702
f 639 640 703
f 640 704 703
f 640 641 704
f 641 705 704
f 641 578 705
f 578 642 705
f 642 643 706
f 643 707 706
f 643 644 707
f 644 708 707
f 644 645 708
f 645 709 708
f 645 646 709
f 646 710 709
f 646 647 710
f 647 711 710
f 647 648 711
f 648 712 711
f 648 649 712
f 649 713 712
f 649 650 713
f 650 714 713
f 650 651 714
f 651 715 714
f 651 652 715
f 652 716 715
f 652 653 716
f 653 717 716
f 653 654 717
f 654 718 717
f 654 655 718
f 655 719 718
f 655 656 719
f 656 720 719
f 656 657 720
f 657 721 720
f 657 658 721
f 658 722 721
f 658 659 722
f 659 723 722
f 659 660 723
f 660 724 723
f 660 661 724
f 661 725 724
f 661 662 725
f 662 726 725
f 662 663 726
f 663 727 726
f 663 664 727
f 664 728 727
f 664 665 728
f 665 729 728
f 665 666 729
f 666 730 729
f 666 667 730
f 667 731 730
f 667 668 731
f 668 732 731
f 668 669 732
f 669 733 732
f 669 670 733
f 670 734 733
f 670 671 734
f 671 735 734
f 671 672 735
f 672 736 735
f 672 673 736
f 673 737 736
f 673 674 737
f 674 738 737
f 674 675 738
f 675 739 738
f 675 676 739
f 676 740 739
f 676 677 740
f 677 741 740
f 677 678 741
f 678 742 741
f 678 679 742
f 679 743 742
f 679 680 743
f 680 744 743
f 680 681 744
f 681 745 744
f 681 682 745
f 682 746 745
f 682 683 746
f 683 747 746
f 683 684 747
f 684 748 747
f 684 685 748
f 685 749 748
f 685 686 749
f 686 750 749
f 686 687 750
f 687 751 750
f 687 688 751
f 688 752 751
f 688 689 752
f 689 753 752
f 689 690 753
f 690 754 753
f 690 691 754
f 691 755 754
f 691 692 755
f 692 756 755
f 692 693 756
f 693 757 756
f 693 694 757
f 694 758 757
f 694 695 758
f 695 759 758
f 695 696 759
f 696 760 759
f 696 697 760
f 697 761 760
f 697 698 761
f 698 762 761
f 698 699 762
f 699 763 762
f 699 700 763
f 700 764 763
f 700 701 764
f 701 765 764
f 701 702 765
f 702 766 765
f 702 703 766
f 703 767 766
f 703 704 767
f 704 768 767
f 704 705 768
f 705 769 768
f 705 642 769
f 642 706 769
f 706 707 770
f 707 771 770
f 707 708 771
f 708 772 771
f 708 709 772
f 709 773 772
f 709 710 773
f 710 774 773
f 710 711 774
f 711 775 774
f 711 712 775
f 712 776 775
f 712 713 776
f 713 777 776
f 713 714 777
f 714 778 777
f 714 715 778
f 715 779 778
f 715 716 779
f 716 780 779
f 716 717 780
f 717 781 780
f 717 718 781
f 718 782 781
f 718 719 782
f 719 783 782
f 719 720 783
f 720 784 783
f 720 721 784
f 721 785 784
f 721 722 785
f 722 786 785
f 722 723 786
f 723 787 786
f 723 724 787
f 724 788 787
f 724 725 788
f 725 789 788
f 725 726 789
f 726 790 789
f 726 727 790
f 727 791 790
f 727 728 791
f 728 792 791
f 728 729 792
f 729 793 792
f 729 730 793
f 730 794 793
f 730 731 794
f 731 795 794
f 731 732 795
f 732 796 795
f 732 733 796
f 733 797 796
f 733 734 797
f 734 798 797
f 734 735 798
f 735 799 798
f 735 736 799
f 736 800 799
f 736 737 800
f 737 801 800
f 737 738 801
f 738 802 801
f 738 739 802
f 739 803 802
f 739 740 803
f 740 804 803
f 740 741 804
f 741 805 804
f 741 742 805
f 742 806 805
f 742 743 806
f 743 807 806
f 743 744 807
f 744 808 807
f 744 745 808
f 745 809 808
f 745 746 809
f 746 810 809
f 746 747 810
f 747 811 810
f 747 748 811
f 748 812 811
f 748 749 812
f 749 813 812
f 749 750 813
f 750 814 813
f 750 751 814
f 751 815 814
f 751 752 815
f 752 816 815
f 752 753 816
f 753 817 816
f 753 754 817
f 754 818 817
f 754 755 818
f 755 819 818
f 755 756 819
f 756 820 819
f 756 757 820
f 757 821 820
f 757 758 821
f 758 822 821
f 758 759 822
f 759 823 822
f 759 760 823
f 760 824 823
f 760 761 824
f 761 825 824
f 761 762 825
f 762 826 825
f 762 763 826
f 763 827 826
f 763 764 827
f 764 828 827
f 764 765 828
f 765 829 828
f 765 766 829
f 766 830 829
f 766 767 830
f 767 831 830
f 767 768 831
f 768 832 831
f 768 769 832
f 769 833 832
f 769 706 833
f 706 770 833
f 770 771 834
f 771 835 834
f 771 772 835
f 772 836 835
f 772 773 836
f 773 837 836
f 773 774 837
f 774 838 837
f 774 775 838
f 775 839 838
f 775 776 839
f 776 840 839
f 776 777 840
f 777 841 840
f 777 778 841
f 778 842 841
f 778 779 842
f 779 843 842
f 779 780 843
f 780 844 843
f 780 781 844
f 781 845 844
f 781 782 845
f 782 846 845
f 782 783 846
f 783 847 846
f 783 784 847
f 784 848 847
f 784 785 848
f 785 849 848
f 785 786 849
f 786 850 849
f 786 787 850
f 787 851 850
f 787 788 851
f 788 852 851
f 788 789 852
f 789 853 852
f 789 790 853
f 790 854 853
f 790 791 854
f 791 855 854
f 791 792 855
f 792 856 855
f 792 793 856
f 793 857 856
f 793 794 857
f 794 858 857
f 794 795 858
f 795 859 858
f 795 796 859
f 796 860 859
f 796 797 860
f 797 861 860
f 797 798 861
f 798 862 861
f 798 799 862
f 799 863 862
f 799 800 863
f 800 864 863
f 800 801 864
f 801 865 864
f 801 802 865
f 802 866 865
f 802 803 866
f 803 867 866
f 803 804 867
f 804 868 867
f 804 805 868
f 805 869 868
f 805 806 869
f 806 870 869
f 806 807 870
f 807 871 870
f 807 808 871
f 808 872 871
f 808 809 872
f 809 873 872
f 809 810 873
f 810 874 873
f 810 811 874
f 811 875 874
f 811 812 875
f 812 876 875
f 812 813 876
f 813 877 876
f 813 814 877
f 814 878 877
f 814 815 878
f 815 879 878
f 815 816 879
f 816 880 879
f 816 817 880
f 817 881 880
f 817 818 881
f 818 882 881
f 818 819 882
f 819 883 882
f 819 820 883
f 820 884 883
f 820 821 884
f 821 885 884
f 821 822 885
f 822 886 885
f 822 823 886
f 823 887 886
f 823 824 887
f 824 888 887
f 824 825 888
f 825 889 888
f 825 826 889
f 826 890 889
f 826 827 890
f 827 891 890
f 827 828 891
f 828 892 891
f 828 829 892
f 829 893 892
f 829 830 893
f 830 894 893
f 830 831 894
f 831 895 894
f 831 832 895
f 832 896 895
f 832 833 896
f 833 897 896
f 833 770 897
f 770 834 897
f 834 835 898
f 835 899 898
f 835 836 899
f 836 900 899
f 836 837 900
f 837 901 900
f 837 838 901
f 838 902 901
f 838 839 902
f 839 903 902
f 839 840 903
f 840 904 903
f 840 841 904
f 841 905 904
f 841 842 905
f 842 906 905
f 842 843 906
f 843 907 906
f 843 844 907
f 844 908 907
f 844 845 908
f 845 909 908
f 845 846 909
f 846 910 909
f 846 847 910
f 847 911 910
f 847 848 911
f 848 912 911
f 848 849 912
f 849 913 912
f 849 850 913
f 850 914 913
f 850 851 914
f 851 915 914
f 851 852 915
f 852 916 915
f 852 853 916
f 853 917 916
f 853 854 917
f 854 918 917
f 854 855 918
f 855 919 918
f 855 856 919
f 856 920 919
f 856 857 920
f 857 921 920
f 857 858 921
f 858 922 921
f 858 859 922
f 859 923 922
f 859 860 923
f 860 924 923
f 860 861 924
f 861 925 924
f 861 862 925
f 862 926 925
f 862 863 926
f 863 927 926
f 863 864 927
f 864 928 927
f 864 865 928
f 865 929 928
f 865 866 929
f 866 930 929
f 866 867 930
f 867 931 930
f 867 868 931
f 868 932 931
f 868 869 932
f 869 933 932
f 869 870 933
f 870 934 933
f 870 871 934
f 871 935 934
f 871 872 935
f 872 936 935
f 872 873 936
f 873 937 936
f 873 874 937
f 874 938 937
f 874 875 938
f 875 939 938
f 875 876 939
f 876 940 939
f 876 877 940
f 877 941 940
f 877 878 941
f 878 942 941
f 878 879 942
f 879 943 942
f 879 880 943
f 880 944 943
f 880 881 944
f 881 945 944
f 881 882 945
f 882 946 945
f 882 883 946
f 883 947 946
f 883 884 947
f 884 948 947
f 884 885 948
f 885 949 948
f 885 886 949
f 886 950 949
f 886 887 950
f 887 951 950
f 887 888 951
f 888 952 951
f 888 889 952
f 889 953 952
f 889 890 953
f 890 954 953
f 890 891 954
f 891 955 954
f 891 892 955
f 892 956 955
f 892 893 956
f 893 957 956
f 893 894 957
f 894 958 957
f 894 895 958
f 895 959 958
f 895 896 959
f 896 960 959
f 896 897 960
f 897 961 960
f 897 834 961
f 834 898 961
f 898 899 962
f 899 963 962
f 899 900 963
f 900 964 963
f 900 901 964
f 901 965 964
f 901 902 965
f 902 966 965
f 902 903 966
f 903 967 966
f 903 904 967
f 904 968 967
f 904 905 968
f 905 969 968
f 905 906 969
f 906 970 969
f 906 907 970
f 907 971 970
f 907 908 971
f 908 972 971
f 908 909 972
f 909 973 972
f 909 910 973
f 910 974 973
f 910 911 974
f 911 975 974
f 911 912 975
f 912 976 975
f 912 913 976
f 913 977 976
f 913 914 977
f 914 978 977
f 914 915 978
f 915 979 978
f 915 916 979
f 916 980 979
f 916 917 980
f 917 981 980
f 917 918 981
f 918 982 981
f 918 919 982
f 919 983 982
f 919 920 983
f 920 984 983
f 920 921 984
f 921 985 984
f 921 922 985
f 922 986 985
f 922 923 986
f 923 987 986
f 923 924 987
f 924 988 987
f 924 925 988
f 925 989 988
f 925 926 989
f 926 990 989
f 926 927 990
f 927 991 990
f 927 928 991
f 928 992 991
f 928 929 992
f 929 993 992
f 929 930 993
f 930 994 993
f 930 931 994
f 931 995 994
f 931 932 995
f 932 996 995
f 932 933 996
f 933 997 996
f 933 934 997
f 934 998 997
f 934 935 998
f 935 999 998
f 935 936 999
f 936 1000 999
f 936 937 1000
f 937 1001 1000
f 937 938 1001
f 938 1002 1001
f 938 939 1002
f 939 1003 1002
f 939 940 1003
f 940 1004 1003
f 940 941 1004
f 941 1005 1004
f 941 942 1005
f 942 1006 1005
f 942 943 1006
f 943 1007 1006
f 943 944 1007
f 944 1008 1007
f 944 945 1008
f 945 1009 1008
f 945 946 1009
f 946 1010 1009
f 946 947 1010
f 947 1011 1010
f 947 948 1011
f 948 1012 1011
f 948 949 1012
f 949 1013 1012
f 949 950 1013
f 950 1014 1013
f 950 951 1014
f 951 1015 1014
f 951 952 1015
f 952 1016 1015
f 952 953 1016
f 953 1017 1016
f 953 954 1017
f 954 1018 1017
f 954 955 1018
f 955 1019 1018
f 955 956 1019
f 956 1020 1019
f 956 957 1020
f 957 1021 1020
f 957 958 1021
f 958 1022 1021
f 958 959 1022
f 959 1023 1022
f 959 960 1023
f 960 1024 1023
f 960 961 1024
f 961 1025 1024
f 961 898 1025
f 898 962 1025
f 962 963 1026
f 963 1027 1026
f 963 964 1027
f 964 1028 1027
f 964 965 1028
f 965 1029 1028
f 965 966 1029
f 966 1030 1029
f 966 967 1030
f 967 1031 1030
f 967 968 1031
f 968 1032 1031
f 968 969 1032
f 969 1033 1032
f 969 970 1033
f 970 1034 1033
f 970 971 1034
f 971 1035 1034
f 971 972 1035
f 972 1036 1035
f 972 973 1036
f 973 1037 1036
f 973 974 1037
f 974 1038 1037
f 974 975 1038
f 975 1039 1038
f 975 976 1039
f 976 1040 1039
f 976 977 1040
f 977 1041 1040
f 977 978 1041
f 978 1042 1041
f 978 979 1042
f 979 1043 1042
f 979 980 1043
f 980 1044 1043
f 980 981 1044
f 981 1045 1044
f 981 982 1045
f 982 1046 1045
f 982 983 1046
f 983 1047 1046
f 983 984 1047
f 984 1048 1047
f 984 985 1048
f 985 1049 1048
f 985 986 1049
f 986 1050 1049
f 986 987 1050
f 987 1051 1050
f 987 988 1051
f 988 1052 1051
f 988 989 1052
f 989 1053 1052
f 989 990 1053
f 990 1054 1053
f 990 991 1054
f 991 1055 1054
f 991 992 1055
f 992 1056 1055
f 992 993 1056
f 993 1057 1056
f 993 994 1057
f 994 1058 1057
f 994 995 1058
f 995 1059 1058
f 995 996 1059
f 996 1060 1059
f 996 997 1060
f 997 1061 1060
f 997 998 1061
f 998 1062 1061
f 998 999 1062
f 999 1063 1062
f 999 1000 1063
f 1000 1064 1063
f 1000 1001 1064
f 1001 1065 1064
f 1001 1002 1065
f 1002 1066 1065
f 1002 1003 1066
f 1003 1067 1066
f 1003 1004 1067
f 1004 1068 1067
f 1004 1005 1068
f 1005 1069 1068
f 1005 1006 1069
f 1006 1070 1069
f 1006 1007 1070
f 1007 1071 1070
f 1007 1008 1071
f 1008 1072 1071
f 1008 1009 1072
f 1009 1073 1072
f 1009 1010 1073
f 1010 1074 1073
f 1010 1011 1074
f 1011 1075 1074
f 1011 1012 1075
f 1012 1076 1075
f 1012 1013 1076
f 1013 1077 1076
f 1013 1014 1077
f 1014 1078 1077
f 1014 1015 1078
f 1015 1079 1078
f 1015 1016 1079
f 1016 1080 1079
f 1016 1017 1080
f 1017 1081 1080
f 1017 1018 1081
f 1018 1082 1081
f 1018 1019 1082
f 1019 1083 1082
f 1019 1020 1083
f 1020 1084 1083
f 1020 1021 1084
f 1021 1085 1084
f 1021 1022 1085
f 1022 1086 1085
f 1022 1023 1086
f 1023 1087 1086
f 1023 1024 1087
f 1024 1088 1087
f 1024 1025 1088
f 1025 1089 1088
f 1025 962 1089
f 962 1026 1089
f 1026 1027 1090
f 1027 1091 1090
f 1027 1028 1091
f 1028 1092 1091
f 1028 1029 1092
f 1029 1093 1092
f 1029 1030 1093
f 1030 1094 1093
f 1030 1031 1094
f 1031 1095 1094
f 1031 1032 1095
f 1032 1096 1095
f 1032 1033 1096
f 1033 1097 1096
f 1033 1034 1097
f 1034 1098 1097
f 1034 1035 1098
f 1035 1099 1098
f 1035 1036 1099
f 1036 1100 1099
f 1036 1037 1100
f 1037 1101 1100
f 1037 1038 1101
f 1038 1102 1101
f 1038 1039 1102
f 1039 1103 1102
f 1039 1040 1103
f 1040 1104 1103
f 1040 1041 1104
f 1041 1105 1104
f 1041 1042 1105
f 1042 1106 1105
f 1042 1043 1106
f 1043 1107 1106
f 1043 1044 1107
f 1044 1108 1107
f 1044 1045 1108
f 1045 1109 1108
f 1045 1046 1109
f 1046 1110 1109
f 1046 1047 1110
f 1047 1111 1110
f 1047 1048 1111
f 1048 1112 1111
f 1048 1049 1112
f 1049 1113 1112
f 1049 1050 1113
f 1050 1114 1113
f 1050 1051 1114
f 1051 1115 1114
f 1051 1052 1115
f 1052 1116 1115
f 1052 1053 1116
f 1053 1117 1116
f 1053 1054 1117
f 1054 1118 1117
f 1054 1055 1118
f 1055 1119 1118
f 1055 1056 1119
f 1056 1120 1119
f 1056 1057 1120
f 1057 1121 1120
f 1057 1058 1121
f 1058 1122 1121
f 1058 1059 1122
f 1059 1123 1122
f 1059 1060 1123
f 1060 1124 1123
f 1060 1061 1124
f 1061 1125 1124
f 1061 1062 1125
f 1062 1126 1125
f 1062 1063 1126
f 1063 1127 1126
f 1063 1064 1127
f 1064 1128 1127
f 1064 1065 1128
f 1065 1129 1128
f 1065 1066 1129
f 1066 1130 1129
f 1066 1067 1130
f 1067 1131 1130
f 1067 1068 1131
f 1068 1132 1131
f 1068 1069 1132
f 1069 1133 1132
f 1069 1070 1133
f 1070 1134 1133
f 1070 1071 1134
f 1071 1135 1134
f 1071 1072 1135
f 1072 1136 1135
f 1072 1073 1136
f 1073 1137 1136
f 1073 1074 1137
f 1074 1138 1137
f 1074 1075 1138
f 1075 1139 1138
f 1075 1076 1139
f 1076 1140 1139
f 1076 1077 1140
f 1077 1141 1140
f 1077 1078 1141
f 1078 1142 1141
f 1078 1079 1142
f 1079 1143 1142
f 1079 1080 1143
f 1080 1144 1143
f 1080 1081 1144
f 1081 1145 1144
f 1081 1082 1145
f 1082 1146 1145
f 1082 1083 1146
f 1083 1147 1146
f 1083 1084 1147
f 1084 1148 1147
f 1084 1085 1148
f 1085 1149 1148
f 1085 1086 1149
f 1086 1150 1149
f 1086 1087 1150
f 1087 1151 1150
f 1087 1088 1151
f 1088 1152 1151
f 1088 1089 1152
f 1089 1153 1152
f 1089 1026 1153
f 1026 1090 1153
f 1090 1091 1154
f 1091 1155 1154
f 1091 1092 1155
f 1092 1156 1155
f 1092 1093 1156
f 1093 1157 1156
f 1093 1094 1157
f 1094 1158 1157
f 1094 1095 1158
f 1095 1159 1158
f 1095 1096 1159
f 1096 1160 1159
f 1096 1097 1160
f 1097 1161 1160
f 1097 1098 1161
f 1098 1162 1161
f 1098 1099 1162
f 1099 1163 1162
f 1099 1100 1163
f 1100 1164 1163
f 1100 1101 1164
f 1101 1165 1164
f 1101 1102 1165
f 1102 1166 1165
f 1102 1103 1166
f 1103 1167 1166
f 1103 1104 1167
f 1104 1168 1167
f 1104 1105 1168
f 1105 1169 1168
f 1105 1106 1169
f 1106 1170 1169
f 1106 1107 1170
f 1107 1171 1170
f 1107 1108 1171
f 1108 1172 1171
f 1108 1109 1172
f 1109 1173 1172
f 1109 1110 1173
f 1110 1174 1173
f 1110 1111 1174
f 1111 1175 1174
f 1111 1112 1175
f 1112 1176 1175
f 1112 1113 1176
f 1113 1177 1176
f 1113 1114 1177
f 1114 1178 1177
f 1114 1115 1178
f 1115 1179 1178
f 1115 1116 1179
f 1116 1180 1179
f 1116 1117 1180
f 1117 1181 1180
f 1117 1118 1181
f 1118 1182 1181
f 1118 1119 1182
f 1119 1183 1182
f 1119 1120 1183
f 1120 1184 1183
f 1120 1121 1184
f 1121 1185 1184
f 1121 1122 1185
f 1122 1186 1185
f 1122 1123 1186
f 1123 1187 1186
f 1123 1124 1187
f 1124 1188 1187
f 1124 1125 1188
f 1125 1189 1188
f 1125 1126 1189
f 1126 1190 1189
f 1126 1127 1190
f 1127 1191 1190
f 1127 1128 1191
f 1128 1192 1191
f 1128 1129 1192
f 1129 1193 1192
f 1129 1130 1193
f 1130 1194 1193
f 1130 1131 1194
f 1131 1195 1194
f 1131 1132 1195
f 1132 1196 1195
f 1132 1133 1196
f 1133 1197 1196
f 1133 1134 1197
f 1134 1198 1197
f 1134 1135 1198
f 1135 1199 1198
f 1135 1136 1199
f 1136 1200 1199
f 1136 1137 1200
f 1137 1201 1200
f 1137 1138 1201
f 1138 1202 1201
f 1138 1139 1202
f 1139 1203 1202
f 1139 1140 1203
f 1140 1204 1203
f 1140 1141 1204
f 1141 1205 1204
f 1141 1142 1205
f 1142 1206 1205
f 1142 1143 1206
f 1143 1207 1206
f 1143 1144 1207
f 1144 1208 1207
f 1144 1145 1208
f 1145 1209 1208
f 1145 1146 1209
f 1146 1210 1209
f 1146 1147 1210
f 1147 1211 1210
f 1147 1148 1211
f 1148 1212 1211
f 1148 1149 1212
f 1149 1213 1212
f 1149 1150 1213
f 1150 1214 1213
f 1150 1151 1214
f 1151 1215 1214
f 1151 1152 1215
f 1152 1216 1215
f 1152 1153 1216
f 1153 1217 1216
f 1153 1090 1217
f 1090 1154 1217
f 1154 1155 1218
f 1155 1219 1218
f 1155 1156 1219
f 1156 1220 1219
f 1156 1157 1220
f 1157 1221 1220
f 1157 1158 1221
f 1158 1222 1221
f 1158 1159 1222
f 1159 1223 1222
f 1159 1160 1223
f 1160 1224 1223
f 1160 1161 1224
f 1161 1225 1224
f 1161 1162 1225
f 1162 1226 1225
f 1162 1163 1226
f 1163 1227 1226
f 1163 1164 1227
f 1164 1228 1227
f 1164 1165 1228
f 1165 1229 1228
f 1165 1166 1229
f 1166 1230 1229
f 1166 1167 1230
f 1167 1231 1230
f 1167 1168 1231
f 1168 1232 1231
f 1168 1169 1232
f 1169 1233 1232
f 1169 1170 1233
f 1170 1234 1233
f 1170 1171 1234
f 1171 1235 1234
f 1171 1172 1235
f 1172 1236 1235
f 1172 1173 1236
f 1173 1237 1236
f 1173 1174 1237
f 1174 1238 1237
f 1174 1175 1238
f 1175 1239 1238
f 1175 1176 1239
f 1176 1240 1239
f 1176 1177 1240
f 1177 1241 1240
f 1177 1178 1241
f 1178 1242 1241
f 1178 1179 1242
f 1179 1243 1242
f 1179 1180 1243
f 1180 1244 1243
f 1180 1181 1244
f 1181 1245 1244
f 1181 1182 1245
f 1182 1246 1245
f 1182 1183 1246
f 1183 1247 1246
f 1183 1184 1247
f 1184 1248 1247
f 1184 1185 1248
f 1185 1249 1248
f 1185 1186 1249
f 1186 1250 1249
f 1186 1187 1250
f 1187 1251 1250
f 1187 1188 1251
f 1188 1252 1251
f 1188 1189 1252
f 1189 1253 1252
f 1189 1190 1253
f 1190 1254 1253
f 1190 1191 1254
f 1191 1255 1254
f 1191 1192 1255
f 1192 1256 1255
f 1192 1193 1256
f 1193 1257 1256
f 1193 1194 1257
f 1194 1258 1257
f 1194 1195 1258
f 1195 1259 1258
f 1195 1196 1259
f 1196 1260 1259
f 1196 1197 1260
f 1197 1261 1260
f 1197 1198 1261
f 1198 1262 1261
f 1198 1199 1262
f 1199 1263 1262
f 1199 1200 1263
f 1200 1264 1263
f 1200 1201 1264
f 1201 1265 1264
f 1201 1202 1265
f 1202 1266 1265
f 1202 1203 1266
f 1203 1267 1266
f 1203 1204 1267
f 1204 1268 1267
f 1204 1205 1268
f 1205 1269 1268
f 1205 1206 1269
f 1206 1270 1269
f 1206 1207 1270
f 1207 1271 1270
f 1207 1208 1271
f 1208 1272 1271
f 1208 1209 1272
f 1209 1273 1272
f 1209 1210 1273
f 1210 1274 1273
f 1210 1211 1274
f 1211 1275 1274
f 1211 1212 1275
f 1212 1276 1275
f 1212 1213 1276
f 1213 1277 1276
f 1213 1214 1277
f 1214 1278 1277
f 1214 1215 1278
f 1215 1279 1278
f 1215 1216 1279
f 1216 1280 1279
f 1216 1217 1280
f 1217 1281 1280
f 1217 1154 1281
f 1154 1218 1281
f 1218 1219 1282
f 1219 1283 1282
f 1219 1220 1283
f 1220 1284 1283
f 1220 1221 1284
f 1221 1285 1284
f 1221 1222 1285
f 1222 1286 1285
f 1222 1223 1286
f 1223 1287 1286
f 1223 1224 1287
f 1224 1288 1287
f 1224 1225 1288
f 1225 1289 1288
f 1225 1226 1289
f 1226 1290 1289
f 1226 1227 1290
f 1227 1291 1290
f 1227 1228 1291
f 1228 1292 1291
f 1228 1229 1292
f 1229 1293 1292
f 1229 1230 1293
f 1230 1294 1293
f 1230 1231 1294
f 1231 1295 1294
f 1231 1232 1295
f 1232 1296 1295
f 1232 1233 1296
f 1233 1297 1296
f 1233 1234 1297
f 1234 1298 1297
f 1234 1235 1298
f 1235 1299 1298
f 1235 1236 1299
f 1236 1300 1299
f 1236 1237 1300
f 1237 1301 1300
f 1237 1238 1301
f 1238 1302 1301
f 1238 1239 1302
f 1239 1303 1302
f 1239 1240 1303
f 1240 1304 1303
f 1240 1241 1304
f 1241 1305 1304
f 1241 1242 1305
f 1242 1306 1305
f 1242 1243 1306
f 1243 1307 1306
f 1243 1244 1307
f 1244 1308 1307
f 1244 1245 1308
f 1245 1309 1308
f 1245 1246 1309
f 1246 1310 1309
f 1246 1247 1310
f 1247 1311 1310
f 1247 1248 1311
f 1248 1312 1311
f 1248 1249 1312
f 1249 1313 1312
f 1249 1250 1313
f 1250 1314 1313
f 1250 1251 1314
f 1251 1315 1314
f 1251 1252 1315
f 1252 1316 1315
f 1252 1253 1316
f 1253 1317 1316
f 1253 1254 1317
f 1254 1318 1317
f 1254 1255 1318
f 1255 1319 1318
f 1255 1256 1319
f 1256 1320 1319
f 1256 1257 1320
f 1257 1321 1320
f 1257 1258 1321
f 1258 1322 1321
f 1258 1259 1322
f 1259 1323 1322
f 1259 1260 1323
f 1260 1324 1323
f 1260 1261 1324
f 1261 1325 1324
f 1261 1262 1325
f 1262 1326 1325
f 1262 1263 1326
f 1263 1327 1326
f 1263 1264 1327
f 1264 1328 1327
f 1264 1265 1328
f 1265 1329 1328
f 1265 1266 1329
f 1266 1330 1329
f 1266 1267 1330
f 1267 1331 1330
f 1267 1268 1331
f 1268 1332 1331
f 1268 1269 1332
f 1269 1333 1332
f 1269 1270 1333
f 1270 1334 1333
f 1270 1271 1334
f 1271 1335 1334
f 1271 1272 1335
f 1272 1336 1335
f 1272 1273 1336
f 1273 1337 1336
f 1273 1274 1337
f 1274 1338 1337
f 1274 1275 1338
f 1275 1339 1338
f 1275 1276 1339
f 1276 1340 1339
f 1276 1277 1340
f 1277 1341 1340
f 1277 1278 1341
f 1278 1342 1341
f 1278 1279 1342
f 1279 1343 1342
f 1279 1280 1343
f 1280 1344 1343
f 1280 1281 1344
f 1281 1345 1344
f 1281 1218 1345
f 1218 1282 1345
f 1282 1283 1346
f 1283 1347 1346
f 1283 1284 1347
f 1284 1348 1347
f 1284 1285 1348
f 1285 1349 1348
f 1285 1286 1349
f 1286 1350 1349
f 1286 1287 1350
f 1287 1351 1350
f 1287 1288 1351
f 1288 1352 1351
f 1288 1289 1352
f 1289 1353 1352
f 1289 1290 1353
f 1290 1354 1353
f 1290 1291 1354
f 1291 1355 1354
f 1291 1292 1355
f 1292 1356 1355
f 1292 1293 1356
f 1293 1357 1356
f 1293 1294 1357
f 1294 1358 1357
f 1294 1295 1358
f 1295 1359 1358
f 1295 1296 1359
f 1296 1360 1359
f 1296 1297 1360
f 1297 1361 1360
f 1297 1298 1361
f 1298 1362 1361
f 1298 1299 1362
f 1299 1363 1362
f 1299 1300 1363
f 1300 1364 1363
f 1300 1301 1364
f 1301 1365 1364
f 1301 1302 1365
f 1302 1366 1365
f 1302 1303 1366
f 1303 1367 1366
f 1303 1304 1367
f 1304 1368 1367
f 1304 1305 1368
f 1305 1369 1368
f 1305 1306 1369
f 1306 1370 1369
f 1306 1307 1370
f 1307 1371 1370
f 1307 1308 1371
f 1308 1372 1371
f 1308 1309 1372
f 1309 1373 1372
f 1309 1310 1373
f 1310 1374 1373
f 1310 1311 1374
f 1311 1375 1374
f 1311 1312 1375
f 1312 1376 1375
f 1312 1313 1376
f 1313 1377 1376
f 1313 1314 1377
f 1314 1378 1377
f 1314 1315 1378
f 1315 1379 1378
f 1315 1316 1379
f 1316 1380 1379
f 1316 1317 1380
f 1317 1381 1380
f 1317 1318 1381
f 1318 1382 1381
f 1318 1319 1382
f 1319 1383 1382
f 1319 1320 1383
f 1320 1384 1383
f 1320 1321 1384
f 1321 1385 1384
f 1321 1322 1385
f 1322 1386 1385
f 1322 1323 1386
f 1323 1387 1386
f 1323 1324 1387
f 1324 1388 1387
f 1324 1325 1388
f 1325 1389 1388
f 1325 1326 1389
f 1326 1390 1389
f 1326 1327 1390
f 1327 1391 1390
f 1327 1328 1391
f 1328 1392 1391
f 1328 1329 1392
f 1329 1393 1392
f 1329 1330 1393
f 1330 1394 1393
f 1330 1331 1394
f 1331 1395 1394
f 1331 1332 1395
f 1332 1396 1395
f 1332 1333 1396
f 1333 1397 1396
f 1333 1334 1397
f 1334 1398 1397
f 1334 1335 1398
f 1335 1399 1398
f 1335 1336 1399
f 1336 1400 1399
f 1336 1337 1400
f 1337 1401 1400
f 1337 1338 1401
f 1338 1402 1401
f 1338 1339 1402
f 1339 1403 1402
f 1339 1340 1403
f 1340 1404 1403
f 1340 1341 1404
f 1341 1405 1404
f 1341 1342 1405
f 1342 1406 1405
f 1342 1343 1406
f 1343 1407 1406
f 1343 1344 1407
f 1344 1408 1407
f 1344 1345 1408
f 1345 1409 1408
f 1345 1282 1409
f 1282 1346 1409
f 1346 1347 1410
f 1347 1411 1410
f 1347 1348 1411
f 1348 1412 1411
f 1348 1349 1412
f 1349 1413 1412
f 1349 1350 1413
f 1350 1414 1413
f 1350 1351 1414
f 1351 1415 1414
f 1351 1352 1415
f 1352 1416 1415
f 1352 1353 1416
f 1353 1417 1416
f 1353 1354 1417
f 1354 1418 1417
f 1354 1355 1418
f 1355 1419 1418
f 1355 1356 1419
f 1356 1420 1419
f 1356 1357 1420
f 1357 1421 1420
f 1357 1358 1421
f 1358 1422 1421
f 1358 1359 1422
f 1359 1423 1422
f 1359 1360 1423
f 1360 1424 1423
f 1360 1361 1424
f 1361 1425 1424
f 1361 1362 1425
f 1362 1426 1425
f 1362 1363 1426
f 1363 1427 1426
f 1363 1364 1427
f 1364 1428 1427
f 1364 1365 1428
f 1365 1429 1428
f 1365 1366 1429
f 1366 1430 1429
f 1366 1367 1430
f 1367 1431 1430
f 1367 1368 1431
f 1368 1432 1431
f 1368 1369 1432
f 1369 1433 1432
f 1369 1370 1433
f 1370 1434 1433
f 1370 1371 1434
f 1371 1435 1434
f 1371 1372 1435
f 1372 1436 1435
f 1372 1373 1436
f 1373 1437 1436
f 1373 1374 1437
f 1374 1438 1437
f 1374 1375 1438
f 1375 1439 1438
f 1375 1376 1439
f 1376 1440 1439
f 1376 1377 1440
f 1377 1441 1440
f 1377 1378 1441
f 1378 1442 1441
f 1378 1379 1442
f 1379 1443 1442
f 1379 1380 1443
f 1380 1444 1443
f 1380 1381 1444
f 1381 1445 1444
f 1381 1382 1445
f 1382 1446 1445
f 1382 1383 1446
f 1383 1447 1446
f 1383 1384 1447
f 1384 1448 1447
f 1384 1385 1448
f 1385 1449 1448
f 1385 1386 1449
f 1386 1450 1449
f 1386 1387 1450
f 1387 1451 1450
f 1387 1388 1451
f 1388 1452 1451
f 1388 1389 1452
f 1389 1453 1452
f 1389 1390 1453
f 1390 1454 1453
f 1390 1391 1454
f 1391 1455 1454
f 1391 1392 1455
f 1392 1456 1455
f 1392 1393 1456
f 1393 1457 1456
f 1393 1394 1457
f 1394 1458 1457
f 1394 1395 1458
f 1395 1459 1458
f 1395 1396 1459
f 1396 1460 1459
f 1396 1397 1460
f 1397 1461 1460
f 1397 1398 1461
f 1398 1462 1461
f 1398 1399 1462
f 1399 1463 1462
f 1399 1400 1463
f 1400 1464 1463
f 1400 1401 1464
f 1401 1465 1464
f 1401 1402 1465
f 1402 1466 1465
f 1402 1403 1466
f 1403 1467 1466
f 1403 1404 1467
f 1404 1468 1467
f 1404 1405 1468
f 1405 1469 1468
f 1405 1406 1469
f 1406 1470 1469
f 1406 1407 1470
f 1407 1471 1470
f 1407 1408 1471
f 1408 1472 1471
f 1408 1409 1472
f 1409 1473 1472
f 1409 1346 1473
f 1346 1410 1473
f 1410 1411 1474
f 1411 1475 1474
f 1411 1412 1475
f 1412 1476 1475
f 1412 1413 1476
f 1413 1477 1476
f 1413 1414 1477
f 1414 1478 1477
f 1414 1415 1478
f 1415 1479 1478
f 1415 1416 1479
f 1416 1480 1479
f 1416 1417 1480
f 1417 1481 1480
f 1417 1418 1481
f 1418 1482 1481
f 1418 1419 1482
f 1419 1483 1482
f 1419 1420 1483
f 1420 1484 1483
f 1420 1421 1484
f 1421 1485 1484
f 1421 1422 1485
f 1422 1486 1485
f 1422 1423 1486
f 1423 1487 1486
f 1423 1424 1487
f 1424 1488 1487
f 1424 1425 1488
f 1425 1489 1488
f 1425 1426 1489
f 1426 1490 1489
f 1426 1427 1490
f 1427 1491 1490
f 1427 1428 1491
f 1428 1492 1491
f 1428 1429 1492
f 1429 1493 1492
f 1429 1430 1493
f 1430 1494 1493
f 1430 1431 1494
f 1431 1495 1494
f 1431 1432 1495
f 1432 1496 1495
f 1432 1433 1496
f 1433 1497 1496
f 1433 1434 1497
f 1434 1498 1497
f 1434 1435 1498
f 1435 1499 1498
f 1435 1436 1499
f 1436 1500 1499
f 1436 1437 1500
f 1437 1501 1500
f 1437 1438 1501
f 1438 1502 1501
f 1438 1439 1502
f 1439 1503 1502
f 1439 1440 1503
f 1440 1504 1503
f 1440 1441 1504
f 1441 1505 1504
f 1441 1442 1505
f 1442 1506 1505
f 1442 1443 1506
f 1443 1507 1506
f 1443 1444 1507
f 1444 1508 1507
f 1444 1445 1508
f 1445 1509 1508
f 1445 1446 1509
f 1446 1510 1509
f 1446 1447 1510
f 1447 1511 1510
f 1447 1448 1511
f 1448 1512 1511
f 1448 1449 1512
f 1449 1513 1512
f 1449 1450 1513
f 1450 1514 1513
f 1450 1451 1514
f 1451 1515 1514
f 1451 1452 1515
f 1452 1516 1515
f 1452 1453 1516
f 1453 1517 1516
f 1453 1454 1517
f 1454 1518 1517
f 1454 1455 1518
f 1455 1519 1518
f 1455 1456 1519
f 1456 1520 1519
f 1456 1457 1520
f 1457 1521 1520
f 1457 1458 1521
f 1458 1522 1521
f 1458 1459 1522
f 1459 1523 1522
f 1459 1460 1523
f 1460 1524 1523
f 1460 1461 1524
f 1461 1525 1524
f 1461 1462 1525
f 1462 1526 1525
f 1462 1463 1526
f 1463 1527 1526
f 1463 1464 1527
f 1464 1528 1527
f 1464 1465 1528
f 1465 1529 1528
f 1465 1466 1529
f 1466 1530 1529
f 1466 1467 1530
f 1467 1531 1530
f 1467 1468 1531
f 1468 1532 1531
f 1468 1469 1532
f 1469 1533 1532
f 1469 1470 1533
f 1470 1534 1533
f 1470 1471 1534
f 1471 1535 1534
f 1471 1472 1535
f 1472 1536 1535
f 1472 1473 1536
f 1473 1537 1536
f 1473 1410 1537
f 1410 1474 1537
f 1474 1475 1538
f 1475 1539 1538
f 1475 1476 1539
f 1476 1540 1539
f 1476 1477 1540
f 1477 1541 1540
f 1477 1478 1541
f 1478 1542 1541
f 1478 1479 1542
f 1479 1543 1542
f 1479 1480 1543
f 1480 1544 1543
f 1480 1481 1544
f 1481 1545 1544
f 1481 1482 1545
f 1482 1546 1545
f 1482 1483 1546
f 1483 1547 1546
f 1483 1484 1547
f 1484 1548 1547
f 1484 1485 1548
f 1485 1549 1548
f 1485 1486 1549
f 1486 1550 1549
f 1486 1487 1550
f 1487 1551 1550
f 1487 1488 1551
f 1488 1552 1551
f 1488 1489 1552
f 1489 1553 1552
f 1489 1490 1553
f 1490 1554 1553
f 1490 1491 1554
f 1491 1555 1554
f 1491 1492 1555
f 1492 1556 1555
f 1492 1493 1556
f 1493 1557 1556
f 1493 1494 1557
f 1494 1558 1557
f 1494 1495 1558
f 1495 1559 1558
f 1495 1496 1559
f 1496 1560 1559
f 1496 1497 1560
f 1497 1561 1560
f 1497 1498 1561
f 1498 1562 1561
f 1498 1499 1562
f 1499 1563 1562
f 1499 1500 1563
f 1500 1564 1563
f 1500 1501 1564
f 1501 1565 1564
f 1501 1502 1565
f 1502 1566 1565
f 1502 1503 1566
f 1503 1567 1566
f 1503 1504 1567
f 1504 1568 1567
f 1504 1505 1568
f 1505 1569 1568
f 1505 1506 1569
f 1506 1570 1569
f 1506 1507 1570
f 1507 1571 1570
f 1507 1508 1571
f 1508 1572 1571
f 1508 1509 1572
f 1509 1573 1572
f 1509 1510 1573
f 1510 1574 1573
f 1510 1511 1574
f 1511 1575 1574
f 1511 1512 1575
f 1512 1576 1575
f 1512 1513 1576
f 1513 1577 1576
f 1513 1514 1577
f 1514 1578 1577
f 1514 1515 1578
f 1515 1579 1578
f 1515 1516 1579
f 1516 1580 1579
f 1516 1517 1580
f 1517 1581 1580
f 1517 1518 1581
f 1518 1582 1581
f 1518 1519 1582
f 1519 1583 1582
f 1519 1520 1583
f 1520 1584 1583
f 1520 1521 1584
f 1521 1585 1584
f 1521 1522 1585
f 1522 1586 1585
f 1522 1523 1586
f 1523 1587 1586
f 1523 1524 1587
f 1524 1588 1587
f 1524 1525 1588
f 1525 1589 1588
f 1525 1526 1589
f 1526 1590 1589
f 1526 1527 1590
f 1527 1591 1590
f 1527 1528 1591
f 1528 1592 1591
f 1528 1529 1592
f 1529 1593 1592
f 1529 1530 1593
f 1530 1594 1593
f 1530 1531 1594
f 1531 1595 1594
f 1531 1532 1595
f 1532 1596 1595
f 1532 1533 1596
f 1533 1597 1596
f 1533 1534 1597
f 1534 1598 1597
f 1534 1535 1598
f 1535 1599 1598
f 1535 1536 1599
f 1536 1600 1599
f 1536 1537 1600
f 1537 1601 1600
f 1537 1474 1601
f 1474 1538 1601
f 1538 1539 1602
f 1539 1603 1602
f 1539 1540 1603
f 1540 1604 1603
f 1540 1541 1604
f 1541 1605 1604
f 1541 1542 1605
f 1542 1606 1605
f 1542 1543 1606
f 1543 1607 1606
f 1543 1544 1607
f 1544 1608 1607
f 1544 1545 1608
f 1545 1609 1608
f 1545 1546 1609
f 1546 1610 1609
f 1546 1547 1610
f 1547 1611 1610
f 1547 1548 1611
f 1548 1612 1611
f 1548 1549 1612
f 1549 1613 1612
f 1549 1550 1613
f 1550 1614 1613
f 1550 1551 1614
f 1551 1615 1614
f 1551 1552 1615
f 1552 1616 1615
f 1552 1553 1616
f 1553 1617 1616
f 1553 1554 1617
f 1554 1618 1617
f 1554 1555 1618
f 1555 1619 1618
f 1555 1556 1619
f 1556 1620 1619
f 1556 1557 1620
f 1557 1621 1620
f 1557 1558 1621
f 1558 1622 1621
f 1558 1559 1622
f 1559 1623 1622
f 1559 1560 1623
f 1560 1624 1623
f 1560 1561 1624
f 1561 1625 1624
f 1561 1562 1625
f 1562 1626 1625
f 1562 1563 1626
f 1563 1627 1626
f 1563 1564 1627
f 1564 1628 1627
f 1564 1565 1628
f 1565 1629 1628
f 1565 1566 1629
f 1566 1630 1629
f 1566 1567 1630
f 1567 1631 1630
f 1567 1568 1631
f 1568 1632 1631
f 1568 1569 1632
f 1569 1633 1632
f 1569 1570 1633
f 1570 1634 1633
f 1570 1571 1634
f 1571 1635 1634
f 1571 1572 1635
f 1572 1636 1635
f 1572 1573 1636
f 1573 1637 1636
f 1573 1574 1637
f 1574 1638 1637
f 1574 1575 1638
f 1575 1639 1638
f 1575 1576 1639
f 1576 1640 1639
f 1576 1577 1640
f 1577 1641 1640
f 1577 1578 1641
f 1578 1642 1641
f 1578 1579 1642
f 1579 1643 1642
f 1579 1580 1643
f 1580 1644 1643
f 1580 1581 1644
f 1581 1645 1644
f 1581 1582 1645
f 1582 1646 1645
f 1582 1583 1646
f 1583 1647 1646
f 1583 1584 1647
f 1584 1648 1647
f 1584 1585 1648
f 1585 1649 1648
f 1585 1586 1649
f 1586 1650 1649
f 1586 1587 1650
f 1587 1651 1650
f 1587 1588 1651
f 1588 1652 1651
f 1588 1589 1652
f 1589 1653 1652
f 1589 1590 1653
f 1590 1654 1653
f 1590 1591 1654
f 1591 1655 1654
f 1591 1592 1655
f 1592 1656 1655
f 1592 1593 1656
f 1593 1657 1656
f 1593 1594 1657
f 1594 1658 1657
f 1594 1595 1658
f 1595 1659 1658
f 1595 1596 1659
f 1596 1660 1659
f 1596 1597 1660
f 1597 1661 1660
f 1597 1598 1661
f 1598 1662 1661
f 1598 1599 1662
f 1599 1663 1662
f 1599 1600 1663
f 1600 1664 1663
f 1600 1601 1664
f 1601 1665 1664
f 1601 1538 1665
f 1538 1602 1665
f 1602 1603 1666
f 1603 1667 1666
f 1603 1604 1667
f 1604 1668 1667
f 1604 1605 1668
f 1605 1669 1668
f 1605 1606 1669
f 1606 1670 1669
f 1606 1607 1670
f 1607 1671 1670
f 1607 1608 1671
f 1608 1672 1671
f 1608 1609 1672
f 1609 1673 1672
f 1609 1610 1673
f 1610 1674 1673
f 1610 1611 1674
f 1611 1675 1674
f 1611 1612 1675
f 1612 1676 1675
f 1612 1613 1676
f 1613 1677 1676
f 1613 1614 1677
f 1614 1678 1677
f 1614 1615 1678
f 1615 1679 1678
f 1615 1616 1679
f 1616 1680 1679
f 1616 1617 1680
f 1617 1681 1680
f 1617 1618 1681
f 1618 1682 1681
f 1618 1619 1682
f 1619 1683 1682
f 1619 1620 1683
f 1620 1684 1683
f 1620 1621 1684
f 1621 1685 1684
f 1621 1622 1685
f 1622 1686 1685
f 1622 1623 1686
f 1623 1687 1686
f 1623 1624 1687
f 1624 1688 1687
f 1624 1625 1688
f 1625 1689 1688
f 1625 1626 1689
f 1626 1690 1689
f 1626 1627 1690
f 1627 1691 1690
f 1627 1628 1691
f 1628 1692 1691
f 1628 1629 1692
f 1629 1693 1692
f 1629 1630 1693
f 1630 1694 1693
f 1630 1631 1694
f 1631 1695 1694
f 1631 1632 1695
f 1632 1696 1695
f 1632 1633 1696
f 1633 1697 1696
f 1633 1634 1697
f 1634 1698 1697
f 1634 1635 1698
f 1635 1699 1698
f 1635 1636 1699
f 1636 1700 1699
f 1636 1637 1700
f 1637 1701 1700
f 1637 1638 1701
f 1638 1702 1701
f 1638 1639 1702
f 1639 1703 1702
f 1639 1640 1703
f 1640 1704 1703
f 1640 1641 1704
f 1641 1705 1704
f 1641 1642 1705
f 1642 1706 1705
f 1642 1643 1706
f 1643 1707 1706
f 1643 1644 1707
f 1644 1708 1707
f 1644 1645 1708
f 1645 1709 1708
f 1645 1646 1709
f 1646 1710 1709
f 1646 1647 1710
f 1647 1711 1710
f 1647 1648 1711
f 1648 1712 1711
f 1648 1649 1712
f 1649 1713 1712
f 1649 1650 1713
f 1650 1714 1713
f 1650 1651 1714
f 1651 1715 1714
f 1651 1652 1715
f 1652 1716 1715
f 1652 1653 1716
f 1653 1717 1716
f 1653 1654 1717
f 1654 1718 1717
f 1654 1655 1718
f 1655 1719 1718
f 1655 1656 1719
f 1656 1720 1719
f 1656 1657 1720
f 1657 1721 1720
f 1657 1658 1721
f 1658 1722 1721
f 1658 1659 1722
f 1659 1723 1722
f 1659 1660 1723
f 1660 1724 1723
f 1660 1661 1724
f 1661 1725 1724
f 1661 1662 1725
f 1662 1726 1725
f 1662 1663 1726
f 1663 1727 1726
f 1663 1664 1727
f 1664 1728 1727
f 1664 1665 1728
f 1665 1729 1728
f 1665 1602 1729
f 1602 1666 1729
f 1666 1667 1730
f 1667 1731 1730
f 1667 1668 1731
f 1668 1732 1731
f 1668 1669 1732
f 1669 1733 1732
f 1669 1670 1733
f 1670 1734 1733
f 1670 1671 1734
f 1671 1735 1734
f 1671 1672 1735
f 1672 1736 1735
f 1672 1673 1736
f 1673 1737 1736
f 1673 1674 1737
f 1674 1738 1737
f 1674 1675 1738
f 1675 1739 1738
f 1675 1676 1739
f 1676 1740 1739
f 1676 1677 1740
f 1677 1741 1740
f 1677 1678 1741
f 1678 1742 1741
f 1678 1679 1742
f 1679 1743 1742
f 1679 1680 1743
f 1680 1744 1743
f 1680 1681 1744
f 1681 1745 1744
f 1681 1682 1745
f 1682 1746 1745
f 1682 1683 1746
f 1683 1747 1746
f 1683 1684 1747
f 1684 1748 1747
f 1684 1685 1748
f 1685 1749 1748
f 1685 1686 1749
f 1686 1750 1749
f 1686 1687 1750
f 1687 1751 1750
f 1687 1688 1751
f 1688 1752 1751
f 1688 1689 1752
f 1689 1753 1752
f 1689 1690 1753
f 1690 1754 1753
f 1690 1691 1754
f 1691 1755 1754
f 1691 1692 1755
f 1692 1756 1755
f 1692 1693 1756
f 1693 1757 1756
f 1693 1694 1757
f 1694 1758 1757
f 1694 1695 1758
f 1695 1759 1758
f 1695 1696 1759
f 1696 1760 1759
f 1696 1697 1760
f 1697 1761 1760
f 1697 1698 1761
f 1698 1762 1761
f 1698 1699 1762
f 1699 1763 1762
f 1699 1700 1763
f 1700 1764 1763
f 1700 1701 1764
f 1701 1765 1764
f 1701 1702 1765
f 1702 1766 1765
f 1702 1703 1766
f 1703 1767 1766
f 1703 1704 1767
f 1704 1768 1767
f 1704 1705 1768
f 1705 1769 1768
f 1705 1706 1769
f 1706 1770 1769
f 1706 1707 1770
f 1707 1771 1770
f 1707 1708 1771
f 1708 1772 1771
f 1708 1709 1772
f 1709 1773 1772
f 1709 1710 1773
f 1710 1774 1773
f 1710 1711 1774
f 1711 1775 1774
f 1711 1712 1775
f 1712 1776 1775
f 1712 1713 1776
f 1713 1777 1776
f 1713 1714 1777
f 1714 1778 1777
f 1714 1715 1778
f 1715 1779 1778
f 1715 1716 1779
f 1716 1780 1779
f 1716 1717 1780
f 1717 1781 1780
f 1717 1718 1781
f 1718 1782 1781
f 1718 1719 1782
f 1719 1783 1782
f 1719 1720 1783
f 1720 1784 1783
f 1720 1721 1784
f 1721 1785 1784
f 1721 1722 1785
f 1722 1786 1785
f 1722 1723 1786
f 1723 1787 1786
f 1723 1724 1787
f 1724 1788 1787
f 1724 1725 1788
f 1725 1789 1788
f 1725 1726 1789
f 1726 1790 1789
f 1726 1727 1790
f 1727 1791 1790
f 1727 1728 1791
f 1728 1792 1791
f 1728 1729 1792
f 1729 1793 1792
f 1729 1666 1793
f 1666 1730 1793
f 1730 1731 1794
f 1731 1795 1794
f 1731 1732 1795
f 1732 1796 1795
f 1732 1733 1796
f 1733 1797 1796
f 1733 1734 1797
f 1734 1798 1797
f 1734 1735 1798
f 1735 1799 1798
f 1735 1736 1799
f 1736 1800 1799
f 1736 1737 1800
f 1737 1801 1800
f 1737 1738 1801
f 1738 1802 1801
f 1738 1739 1802
f 1739 1803 1802
f 1739 1740 1803
f 1740 1804 1803
f 1740 1741 1804
f 1741 1805 1804
f 1741 1742 1805
f 1742 1806 1805
f 1742 1743 1806
f 1743 1807 1806
f 1743 1744 1807
f 1744 1808 1807
f 1744 1745 1808
f 1745 1809 1808
f 1745 1746 1809
f 1746 1810 1809
f 1746 1747 1810
f 1747 1811 1810
f 1747 1748 1811
f 1748 1812 1811
f 1748 1749 1812
f 1749 1813 1812
f 1749 1750 1813
f 1750 1814 1813
f 1750 1751 1814
f 1751 1815 1814
f 1751 1752 1815
f 1752 1816 1815
f 1752 1753 1816
f 1753 1817 1816
f 1753 1754 1817
f 1754 1818 1817
f 1754 1755 1818
f 1755 1819 1818
f 1755 1756 1819
f 1756 1820 1819
f 1756 1757 1820
f 1757 1821 1820
f 1757 1758 1821
f 1758 1822 1821
f 1758 1759 1822
f 1759 1823 1822
f 1759 1760 1823
f 1760 1824 1823
f 1760 1761 1824
f 1761 1825 1824
f 1761 1762 1825
f 1762 1826 1825
f 1762 1763 1826
f 1763 1827 1826
f 1763 1764 1827
f 1764 1828 1827
f 1764 1765 1828
f 1765 1829 1828
f 1765 1766 1829
f 1766 1830 1829
f 1766 1767 1830
f 1767 1831 1830
f 1767 1768 1831
f 1768 1832 1831
f 1768 1769 1832
f 1769 1833 1832
f 1769 1770 1833
f 1770 1834 1833
f 1770 1771 1834
f 1771 1835 1834
f 1771 1772 1835
f 1772 1836 1835
f 1772 1773 1836
f 1773 1837 1836
f 1773 1774 1837
f 1774 1838 1837
f 1774 1775 1838
f 1775 1839 1838
f 1775 1776 1839
f 1776 1840 1839
f 1776 1777 1840
f 1777 1841 1840
f 1777 1778 1841
f 1778 1842 1841
f 1778 1779 1842
f 1779 1843 1842
f 1779 1780 1843
f 1780 1844 1843
f 1780 1781 1844
f 1781 1845 1844
f 1781 1782 1845
f 1782 1846 1845
f 1782 1783 1846
f 1783 1847 1846
f 1783 1784 1847
f 1784 1848 1847
f 1784 1785 1848
f 1785 1849 1848
f 1785 1786 1849
f 1786 1850 1849
f 1786 1787 1850
f 1787 1851 1850
f 1787 1788 1851
f 1788 1852 1851
f 1788 1789 1852
f 1789 1853 1852
f 1789 1790 1853
f 1790 1854 1853
f 1790 1791 1854
f 1791 1855 1854
f 1791 1792 1855
f 1792 1856 1855
f 1792 1793 1856
f 1793 1857 1856
f 1793 1730 1857
f 1730 1794 1857
f 1794 1795 1858
f 1795 1859 1858
f 1795 1796 1859
f 1796 1860 1859
f 1796 1797 1860
f 1797 1861 1860
f 1797 1798 1861
f 1798 1862 1861
f 1798 1799 1862
f 1799 1863 1862
f 1799 1800 1863
f 1800 1864 1863
f 1800 1801 1864
f 1801 1865 1864
f 1801 1802 1865
f 1802 1866 1865
f 1802 1803 1866
f 1803 1867 1866
f 1803 1804 1867
f 1804 1868 1867
f 1804 1805 1868
f 1805 1869 1868
f 1805 1806 1869
f 1806 1870 1869
f 1806 1807 1870
f 1807 1871 1870
f 1807 1808 1871
f 1808 1872 1871
f 1808 1809 1872
f 1809 1873 1872
f 1809 1810 1873
f 1810 1874 1873
f 1810 1811 1874
f 1811 1875 1874
f 1811 1812 1875
f 1812 1876 1875
f 1812 1813 1876
f 1813 1877 1876
f 1813 1814 1877
f 1814 1878 1877
f 1814 1815 1878
f 1815 1879 1878
f 1815 1816 1879
f 1816 1880 1879
f 1816 1817 1880
f 1817 1881 1880
f 1817 1818 1881
f 1818 1882 1881
f 1818 1819 1882
f 1819 1883 1882
f 1819 1820 1883
f 1820 1884 1883
f 1820 1821 1884
f 1821 1885 1884
f 1821 1822 1885
f 1822 1886 1885
f 1822 1823 1886
f 1823 1887 1886
f 1823 1824 1887
f 1824 1888 1887
f 1824 1825 1888
f 1825 1889 1888
f 1825 1826 1889
f 1826 1890 1889
f 1826 1827 1890
f 1827 1891 1890
f 1827 1828 1891
f 1828 1892 1891
f 1828 1829 1892
f 1829 1893 1892
f 1829 1830 1893
f 1830 1894 1893
f 1830 1831 1894
f 1831 1895 1894
f 1831 1832 1895
f 1832 1896 1895
f 1832 1833 1896
f 1833 1897 1896
f 1833 1834 1897
f 1834 1898 1897
f 1834 1835 1898
f 1835 1899 1898
f 1835 1836 1899
f 1836 1900 1899
f 1836 1837 1900
f 1837 1901 1900
f 1837 1838 1901
f 1838 1902 1901
f 1838 1839 1902
f 1839 1903 1902
f 1839 1840 1903
f 1840 1904 1903
f 1840 1841 1904
f 1841 1905 1904
f 1841 1842 1905
f 1842 1906 1905
f 1842 1843 1906
f 1843 1907 1906
f 1843 1844 1907
f 1844 1908 1907
f 1844 1845 1908
f 1845 1909 1908
f 1845 1846 1909
f 1846 1910 1909
f 1846 1847 1910
f 1847 1911 1910
f 1847 1848 1911
f 1848 1912 1911
f 1848 1849 1912
f 1849 1913 1912
f 1849 1850 1913
f 1850 1914 1913
f 1850 1851 1914
f 1851 1915 1914
f 1851 1852 1915
f 1852 1916 1915
f 1852 1853 1916
f 1853 1917 1916
f 1853 1854 1917
f 1854 1918 1917
f 1854 1855 1918
f 1855 1919 1918
f 1855 1856 1919
f 1856 1920 1919
f 1856 1857 1920
f 1857 1921 1920
f 1857 1794 1921
f 1794 1858 1921
f 1858 1859 1922
f 1859 1923 1922
f 1859 1860 1923
f 1860 1924 1923
f 1860 1861 1924
f 1861 1925 1924
f 1861 1862 1925
f 1862 1926 1925
f 1862 1863 1926
f 1863 1927 1926
f 1863 1864 1927
f 1864 1928 1927
f 1864 1865 1928
f 1865 1929 1928
f 1865 1866 1929
f 1866 1930 1929
f 1866 1867 1930
f 1867 1931 1930
f 1867 1868 1931
f 1868 1932 1931
f 1868 1869 1932
f 1869 1933 1932
f 1869 1870 1933
f 1870 1934 1933
f 1870 1871 1934
f 1871 1935 1934
f 1871 1872 1935
f 1872 1936 1935
f 1872 1873 1936
f 1873 1937 1936
f 1873 1874 1937
f 1874 1938 1937
f 1874 1875 1938
f 1875 1939 1938
f 1875 1876 1939
f 1876 1940 1939
f 1876 1877 1940
f 1877 1941 1940
f 1877 1878 1941
f 1878 1942 1941
f 1878 1879 1942
f 1879 1943 1942
f 1879 1880 1943
f 1880 1944 1943
f 1880 1881 1944
f 1881 1945 1944
f 1881 1882 1945
f 1882 1946 1945
f 1882 1883 1946
f 1883 1947 1946
f 1883 1884 1947
f 1884 1948 1947
f 1884 1885 1948
f 1885 1949 1948
f 1885 1886 1949
f 1886 1950 1949
f 1886 1887 1950
f 1887 1951 1950
f 1887 1888 1951
f 1888 1952 1951
f 1888 1889 1952
f 1889 1953 1952
f 1889 1890 1953
f 1890 1954 1953
f 1890 1891 1954
f 1891 1955 1954
f 1891 1892 1955
f 1892 1956 1955
f 1892 1893 1956
f 1893 1957 1956
f 1893 1894 1957
f 1894 1958 1957
f 1894 1895 1958
f 1895 1959 1958
f 1895 1896 1959
f 1896 1960 1959
f 1896 1897 1960
f 1897 1961 1960
f 1897 1898 1961
f 1898 1962 1961
f 1898 1899 1962
f 1899 1963 1962
f 1899 1900 1963
f 1900 1964 1963
f 1900 1901 1964
f 1901 1965 1964
f 1901 1902 1965
f 1902 1966 1965
f 1902 1903 1966
f 1903 1967 1966
f 1903 1904 1967
f 1904 1968 1967
f 1904 1905 1968
f 1905 1969 1968
f 1905 1906 1969
f 1906 1970 1969
f 1906 1907 1970
f 1907 1971 1970
f 1907 1908 1971
f 1908 1972 1971
f 1908 1909 1972
f 1909 1973 1972
f 1909 1910 1973
f 1910 1974 1973
f 1910 1911 1974
f 1911 1975 1974
f 1911 1912 1975
f 1912 1976 1975
f 1912 1913 1976
f 1913 1977 1976
f 1913 1914 1977
f 1914 1978 1977
f 1914 1915 1978
f 1915 1979 1978
f 1915 1916 1979
f 1916 1980 1979
f 1916 1917 1980
f 1917 1981 1980
f 1917 1918 1981
f 1918 1982 1981
f 1918 1919 1982
f 1919 1983 1982
f 1919 1920 1983
f 1920 1984 1983
f 1920 1921 1984
f 1921 1985 1984
f 1921 1858 1985
f 1858 1922 1985
f 1986 1923 1922
f 1986 1924 1923
f 1986 1925 1924
f 1986 1926 1925
f 1986 1927 1926
f 1986 1928 1927
f 1986 1929 1928
f 1986 1930 1929
f 1986 1931 1930
f 1986 1932 1931
f 1986 1933 1932
f 1986 1934 1933
f 1986 1935 1934
f 1986 1936 1935
f 1986 1937 1936
f 1986 1938 1937
f 1986 1939 1938
f 1986 1940 1939
f 1986 1941 1940
f 1986 1942 1941
f 1986 1943 1942
f 1986 1944 1943
f 1986 1945 1944
f 1986 1946 1945
f 1986 1947 1946
f 1986 1948 1947
f 1986 1949 1948
f 1986 1950 1949
f 1986 1951 1950
f 1986 1952 1951
f 1986 1953 1952
f 1986 1954 1953
f 1986 1955 1954
f 1986 1956 1955
f 1986 1957 1956
f 1986 1958 1957
f 1986 1959 1958
f 1986 1960 1959
f 1986 1961 1960
f 1986 1962 1961
f 1986 1963 1962
f 1986 1964 1963
f 1986 1965 1964
f 1986 1966 1965
f 1986 1967 1966
f 1986 1968 1967
f 1986 1969 1968
f 1986 1970 1969
f 1986 1971 1970
f 1986 1972 1971
f 1986 1973 1972
f 1986 1974 1973
f 1986 1975 1974
f 1986 1976 1975
f 1986 1977 1976
f 1986 1978 1977
f 1986 1979 1978
f 1986 1980 1979
f 1986 1981 1980
f 1986 1982 1981
f 1986 1983 1982
f 1986 1984 1983
f 1986 1985 1984
f 1986 1922 1985
